index	trigger	syllables	flag	preview
1	terminal-particle	15		༄༅། ། བྱང་ཆུབ་སེམས་དཔའི་སྤྱོད་པ་ལ་འཇུག་པའི་ཚིག་འགྲེལ་གཅེས་བཏུས་བཞུགས་སོ།།
2	line-end	5		ན་མོ་གུ་ར་ཝེ།
3	verse-stanza	33		འཐབ་རྩོད་གཡུལ་འཁྲུགས་རྒྱས་པའི་གནས་འདིར་ཡང༌།།↵བརྩེ་བའི་སྤྱན་དང་འཛུམ་པའི་ཞལ་རས་ལས།
4	verse-stanza	33		ཚིག་རྩུབ་ངག་འཁྱལ་གྱིས་ཁེངས་འཇིག་རྟེན་འདིར།།↵སྙན་པའི་གསུང་དང་བདེན་པའི་བསླབ་བྱ་ལས།
5	verse-stanza	33		ཆགས་སྡང་རྨོངས་པས་ཁྱབ་པའི་འཁོར་བ་འདིར།།↵བྱམས་དང་བརྩེ་བའི་ཐུགས་ཀྱིས་དགོངས་པ་ལས།།↵ཉ
6	verse-stanza	33		བྱང་ཆུབ་སེམས་དཔའི་སྤྱོད་པ་ལ་འཇུག་པའི།།↵དགོངས་འགྲེལ་ཐེག་ཆེན་ཆོས་ཀྱི་རྒྱ་མཚོ་ལ།།↵ད
7	line-end	78		ཐེག་པ་ཆེན་པོའི་བསྟན་བཅོས་ནམ་མཁའི་ཚད་ཀྱིས་གཞལ་དུ་མེད་པའི་ནང་ནས། འཕགས་པའི་ཡུལ་ན་ཉི
8	line-end	38		ཅི་འདི་མཛད་པ་པོ་སུ་ཞེ་ན། དེ་ནི་སློབ་དཔོན་ཆེན་པོ་ཞི་བའི་ལྷ་ཞེས་བྱ་སྟེ། དེ་ནི་སློབ
9	verse-stanza	25		རྒྱལ་བའི་བསྟན་ལ་བདག་ཉིད་ཆེ།།↵སྐྱེས་བུ་མང་པོ་བྱོན་མོད་ཀྱི།།↵ཞི་བའི་ལྷས་མཛད་དང་འདྲ
10	line-end	36		ཅེས་དང༌། ཤེར་འབྱུང་གི་འགྲེལ་པར། འདིར་འཕགས་པ་ཞི་བའི་ལྷ་དེ་གསུང་རབ་མཐའ་དག་གི་དོན་ག
11	verse-stanza	13		བསྟན་བཅོས་རྩོམ་ཞིང་མཁའ་ལ་གཤེགས།།↵བྱང་སེམས་བསླབ་པ་མཐར་ཕྱིན་པ།།
12	terminal-particle	18		ཤཱནྟ་དེ་ཝ་ཞེས་རྡོ་རྗེ་གདན་པ་ཆེན་པོའི་གྲུབ་ཐོབ་ཀྱི་འདུ་བར་བསྔགས་པ་དེའོ།།
13	line-end	15		དེའི་བྱོན་ཚུལ་ལ་ངོ་མཚར་གྱི་གཏམ་བདུན་གྱི་སྒོ་ནས་འཆད་པ་ནི།
14	verse-stanza	24		ལྷག་པའི་ལྷ་མཉེས་ནཱ་ལེཎྜའི།།↵བཀོད་པ་ཕུན་ཚོགས་རྩོད་པ་ཟློག།↵ཡ་མཚན་ཅན་དང་སྤྲང་པོ་དང༌
15	line-end	60		ཞེས་རྒྱལ་པོའི་སྲས་ཞི་བའི་གོ་ཆ་ཞེས་བྱ་བ་ཡིན་ལ། ཆུང་ངུ་ནས་རྣལ་འབྱོར་པ་ཞིག་ལ་འཇམ་དཔ
16	verse-stanza	33		བུ་གཅིག་འདི་ནི་ང་ཡི་སྟན་ཡིན་ཏེ།།↵ང་ནི་ཁྱོད་ཀྱི་དགེ་བའི་བཤེས་གཉེན་ཡིན།།↵ང་དང་ཁྱོད
17	terminal-particle	33		གསུང་བ་རྨིས་པས་རྒྱལ་སྲིད་སྤངས་ཏེ་བྲོས་ནས་ནཱ་ལེཎྜར་སྦྱོར་ལམ་པ་རྒྱལ་བའི་ལྷ་ལས་རབ་ཏ
18	terminal-particle	31		དེར་རྗེ་བཙུན་ལ་ཆོས་གསན་ཞིང་ཤིན་ཏུ་སྤྲོས་མེད་ཀྱི་སྤྱོད་པ་མཛད་པས་གཞན་དག་གིས་འདི་ལ་
19	terminal-particle	181		ཅེས་བྷུ་སུ་ཀུའམ་འདུ་ཤེས་གསུམ་པར་བསྒྲགས་ཏེ་གནས་ནས་དབྱུང་བའི་ཕྱིར། མདོ་འདོན་པར་བསྒ
20	terminal-particle	58		ཞེས་ཀྱང་ཟེར་ཞིང༌། བསླབ་བཏུས་མདོ་བཏུས་ཀྱང་མ་ཤེས་པས་སྤྱན་འདྲེན་དུ་བཏང་བ་ན་གཤེགས་སུ
21	line-end	92		དེ་ནས་མུ་སྟེགས་ཀྱི་རྩོད་པ་ཟློག་པ་དང༌། ཡ་མཚན་ཅན་ཞེས་པ་ངོ་ཚ་བའི་གནས། རྟག་ཆད་ཀྱི་ལྟ
22	ordinal-open	4		བཞི་པ་དང༌། ལྔ་པའོ།།
23	line-end	293		ཡང་རྒྱལ་པོ་ཆེན་པོ་ཞིག་གི་སྐུ་སྲུང་བ་མཛད་དེ། ཤིང་གི་རལ་གྲི་འོད་ཟེར་འགྱེད་པར་བསྟན་
24	line-end	22		རྒྱ་གར་སྐད་དུ། བོདྷི་ས་ཏྭ་ཙཱརྱ་ཨ་ཝ་ཏ་ར། བོད་སྐད་དུ། བྱང་ཆུབ་སེམས་དཔའི་སྤྱོད་པ་ལ་
25	line-end	24		སངས་རྒྱས་དང་བྱང་ཆུབ་སེམས་དཔའ་ཐམས་ཅད་ལ་ཕྱག་འཚལ་ལོ། ཞེས་པ་སྟེ། སྒྱུར་བྱེད་ཀྱི་པཎྜི
26	terminal-particle	16		བསྟན་བཅོས་རྩོམ་པ་ལ་འཇུག་པའི་བྱ་བ། བསྟན་བཅོས་དངོས། བརྩམས་པའི་དགེ་བ་བསྔོ་བའོ།།
27	ordinal-open	33		དང་པོ་ལ་བཞི་སྟེ། ཕྱག་བྱ་བ། རྩོམ་པར་དམ་བཅའ་བ། ཇི་ལྟར་རྩོམ་པའི་ཚུལ་ཏེ་དངོས་བསྟན་གྱ
28	ordinal-open	3		དང་པོ་ནི།
29	verse-stanza	17		བདེ་གཤེགས་ཆོས་ཀྱི་སྐུ་མངའ་སྲས་བཅས་དང༌།།↵ཕྱག་འོས་ཀུན་ལའང་གུས་པས་ཕྱག་བཙལ་ཏེ།།
30	terminal-particle	35		ཞེས་གསུངས་ཏེ། དེ་ཡང་ཕྱག་འཚལ་བའི་དགོས་པ་ནི་གཞུང་འདི་བཤད་པའི་དོན་དུ་འཚལ་བས་ན་ཏེ་ཞེ
31	line-end	69		ཡུལ་ནི། མཛེས་པའམ་ལེགས་པ་དང༌། ཡོངས་སུ་རྫོགས་པ་དང༌། མཐར་ཐུག་པའི་དོན་གསུམ་ལ་འཇུག་པའ
32	verse-stanza	25		ཁྱོད་ཀྱི་བསྟན་ལས་ཕྱིར་ཕྱོགས་པའི།།↵སྐྱེ་བོ་མ་རིག་གིས་ལྡོངས་པ།།↵སྲིད་རྩེའི་བར་དུ་ཕ
33	terminal-particle	9		ཅེས་གསུངས་པ་ལས་ཁྱད་པར་དུ་བྱས་སོ།།
34	terminal-particle	33		ཡང་ན་སླར་མི་ལྡོག་པར་གཤེགས་པ་སྟེ། རྒྱུན་ཞུགས་སྲིད་པ་ལན་བདུན་པ་འདོད་པར་འཁོར་བ་དང༌།
35	terminal-particle	26		ཡང་ན་མཐར་ཐུག་པར་གཤེགས་པ་སྟེ། ཉན་ཐོས་དང་རང་སངས་རྒྱས་སྒྲིབ་པའི་བག་ཉལ་མ་སྤངས་པ་ལས་ཁ
36	terminal-particle	18		དེ་བཞིན་དུ་སྤངས་པ་ལ་སྦྱར་བ་གསུམ་དང་རྟོགས་པ་ལ་སྦྱར་བ་ཡང་གསུམ་མོ།།
37	quote-close	32		དེའི་ཕྱིར་བདེ་བར་གཤེགས་པ་ཞེས་བྱ་ལ། དེའི་རང་བཞིན་ནི་ཆོས་ཀྱི་སྐུ་སྟེ། ང་ནི་འཇིག་ཚོ
38	terminal-particle	31		བདེ་གཤེགས་ཆོས་ཀྱི་སྐུ་མངའ་བ་དེ་འཐོབ་པའི་ཆེད་དུ་ཞུགས་པའི་བྱང་ཆུབ་སེམས་དཔའ་རྣམས་ནི
39	terminal-particle	138		ཆོས་ཀྱི་སྐུ་ཞེས་པའི་ཚིག་གི་ནུས་པ་གཅིག་གིས་ཆོས་དཀོན་མཆོག་ཡང་བསྟན་ཏེ། གང་ཆགས་པ་དང་
40	terminal-particle	17		ཕྱག་གི་ངོ་བོ་ནི། སྒོ་གསུམ་འདུད་པ་སྟེ་ང་རྒྱལ་སྤངས་པ་མཚོན་པའི་ཆེད་དོ།།
41	terminal-particle	18		འང་གི་སྒྲས་ནི་ཉན་རང་དེ་དག་སྐྱབས་ཡུལ་མ་ཡིན་ཡང་ཞེས་མཚོན་པར་བྱེད་དོ།།
42	line-end	35		དེ་ལྟར་ཐོག་མར་ཡུལ་མཆོག་ལ་གུས་པའི་ཕྱག་བྱས་པས་གཞན་དད་པ་ལ་སྦྱོར། ང་རྒྱལ་སྤངས་པས་དམ་
43	terminal-particle	18		ཏེ་ཞེས་ལྷག་མ་འདྲེན་པའི་ཚིག་བརྗོད་ནས་ཕྱག་བཙལ་ཏེ་ཅི་བྱེད་ཅེས་པའི་དོན་ནོ།།
44	line-end	2		ལན་ནི།
45	verse-stanza	17		བདེ་གཤེགས་སྲས་ཀྱི་སྡོམ་ལ་འཇུག་པ་ནི།།↵ལུང་བཞིན་མདོར་བསྡུས་ནས་ནི་བསྟན་པར་བྱ།།
46	terminal-particle	76		ཞེས་པ་སྟེ། བདེ་གཤེགས་སྲས་ཀྱི་སྡོམ་ལ་འཇུག་པ་ཅེས་པས་བརྗོད་བྱ་དང་དགོས་པ་དོན་ཆེན་པོ་
47	line-end	38		དེ་ལྟར་སྟོན་པར་ཡང་ནུས་ཏེ། བདག་ཀྱང་འཇམ་དབྱངས་བཀའ་དྲིན་གྱིས།། ཞེས་དང༌། གང་གི་དྲིན་
48	verse-stanza	33		སྔོན་ཆད་མ་བྱུང་བ་ཡང་འདིར་བརྗོད་མེད།།↵སྡེབ་སྦྱོར་མཁས་པའང་བདག་ལ་ཡོད་མིན་ཏེ།།↵དེ་ཕྱ
49	verse-stanza	33		དགེ་བ་གོམས་ཕྱིར་བདག་གི་དད་པའི་ཤུགས།།↵འདི་དག་གིས་ཀྱང་རེ་ཞིག་འཕེལ་འགྱུར་ལ།།↵བདག་དང
50	terminal-particle	213		ཞེས་གསུངས་ཏེ། ཅི་ཁྱེད་ཅག་སྔོན་མ་གྲགས་པ་ཐོན་ཞིག་ཅེས་ཟེར་ན། སྔོན་ཆད་གཏན་མ་གྲགས་པ་ས
51	terminal-particle	332		ཞེས་ཁེངས་པ་སྐྱུང་པའི་ཚུལ་གྱིས་དེ་དག་ལ་སྙིང་པོ་མེད་པར་བསྟན་ནས། བདག་ནི་དོན་ཕུན་སུམ
52	terminal-particle	5		ཞེས་དགོངས་པ་ཡིན་ནོ།།
53	terminal-particle	57		དེ་ལྟར་ཁེངས་པ་བསྐྱུངས་པས་རྩོམ་པ་པོས་ཐམས་ཅད་མཁྱེན་པར་ཁས་མ་བླངས་པའི་ཕྱིར་རྒོལ་བ་ཉུ
54	line-end	12		ཞེས་སུན་ཅི་ཕྱིན་གྱིས་མི་རྒོལ་བའི་དགོས་པའང་འབྱུང་ངོ༌།།
55	terminal-particle	25		གང་བདེ་བར་གཤེགས་པའི་སྲས་ཀྱི་སྡོམ་པ་ནི་འདིར་བརྗོད་བྱ་ཡིན་ལ། དེ་ལ་འཇུག་པའི་བསྟན་བཅ
56	terminal-particle	43		རྗོད་བྱེད་འདི་ཁོང་དུ་ཆུད་པ་ན་བྱང་སྡོམ་དེའི་མ་ཐོབ་པ་འཐོབ་བྱེད། ཐོབ་པ་སྲུང་ཚུལ། ཉམ
57	line-end	136		དེ་ལས་ཆོས་ཀྱི་སྐུ་མངའ་བའི་བདེ་བར་གཤེགས་པ་འཐོབ་པ་ནི་དགོས་པའི་དགོས་པའམ་ཉིང་དགོས་ཡི
58	terminal-particle	17		ལམ་གྱི་རྟེན་དལ་འབྱོར་བཤད་པ་དང༌། ལམ་གྱི་དངོས་གཞི་བྱང་ཆུབ་ཀྱི་སེམས་བཤད་པའོ།།
59	ordinal-open	24		དང་པོ་ལ་གཉིས། ལུས་རྟེན་དལ་འབྱོར་རྙེད་དཀའ་བ་དང༌། གནས་ལ་དད་པའི་དགེ་བློ་ཁྱད་པར་དུ་ར
60	ordinal-open	3		དང་པོ་ནི།
61	verse-stanza	33		དལ་འབྱོར་འདི་ནི་རྙེད་པར་ཤིན་ཏུ་དཀའ།།↵སྐྱེས་བུའི་དོན་གྲུབ་ཐོབ་པར་གྱུར་པ་ལ།།↵གལ་ཏེ
62	line-end	3		ཞེས་གསུངས་ཏེ།
63	verse-stanza	25		དམྱལ་བ་ཡི་དྭགས་དུད་འགྲོ་དང༌།།↵ཀླ་ཀློ་ཚེ་རིང་ལྷ་དང་ནི།།↵ལོག་ལྟ་སངས་རྒྱས་ཀྱིས་སྟོང
64	line-end	12		དེ་དེར་མ་སྐྱེས་པས་ཆོས་བྱར་ཁོམ་པའི་ཕྱིར་དལ་བའོ།།
65	verse-stanza	26		མི་ཉིད་དབུས་སྐྱེས་དབང་པོ་ཚང༌།།↵ལས་མཐའ་མ་ལོག་གནས་ལ་དད།།↵ཅེས་པ་རང་གི་འབྱོར་པ་ལྔ་དང
66	verse-stanza	12		བསྟན་པ་གནས་དང་དེའི་རྗེས་འཇུག།↵གཞན་ཕྱིར་སྙིང་ནས་བརྩེ་བའོ།།
67	terminal-particle	4		ཞེས་གཞན་འབྱོར་ལྔའོ།།
68	terminal-particle	14		གང་གིས་རྙེད་པར་དཀའ་ན་མི་ཁོམ་པར་སྐྱེས་པ་རྣམས་ཀྱིས་སོ།།
69	terminal-particle	45		ཇི་ལྟར་ན་མདོ་ལས་ས་ཆེན་པོ་དང་སེན་མོའི་སྟེང་གི་སའི་དཔེ་མཛད་པ་དང༌། རྒྱ་མཚོ་ཆེར་གཡེང
70	terminal-particle	26		དེས་ན་ལྷ་ལས་རྣམ་པ་དུ་མས་ལྷག་པའི་ལུས་རྟེན་འདི་ཐོབ་ནས་དོན་མེད་དུ་མི་འགྱུར་བར་རང་གི
71	ordinal-open	17		གཉིས་པ་གནས་ལ་དད་པའི་དགེ་བློ་ཁྱད་པར་དུ་རྙེད་དཀའ་བར་བསྟན་པ་ནི།
72	verse-stanza	33		ཇི་ལྟར་མཚན་མོ་མུན་ནག་སྤྲིན་རུམ་ནང༌།།↵གློག་འགྱུ་སྐད་ཅིག་བར་སྣང་སྟོན་པ་ལྟར།།↵དེ་བཞ
73	terminal-particle	186		དེ་ལྟས་དགེ་བ་ཉམ་ཆུང་འདི་ལ་བརྟག། ཅེས་གསུངས་ཏེ། དེ་ལས་རང་འབྱོར་ལྔའི་ནང་ཚན་གནས་ལ་དད
74	terminal-particle	73		དེ་ལྟར་ན་དེ་བཞིན་གཤེགས་པའི་བྱིན་གྱིས་བརླབས་ཀྱིས་ཅི་ཞིག་ལྟར་ན་རྙེད་པར་དཀའ་བ་བརྙེད
75	terminal-particle	87		ཞེས་བྱུང་ངོ༌།། དེ་ལྟ་བས་ན་དགེ་བའི་བློ་སྐྱེ་བར་དཀའ་ཞིང་འཇིག་པར་སླ་བས་ཉམ་ཆུང་ལ་ཕན་
76	line-end	52		ཇི་ལྟར་མི་བཏང་ཞེ་ན། ལུས་དང་སེམས་ཀྱི་གནས་སྐབས་ལ་བརྟག་པ་དང༌། སེམས་སྲུང་བ་རྒྱས་པར་འ
77	line-end	23		བྱང་ཆུབ་ཀྱི་སེམས་ཀྱི་ཕན་ཡོན་བཤད་པ། བྱང་ཆུབ་ཀྱི་སེམས་ཇི་ལྟར་བླང་ཚུལ། ཐོབ་པ་མི་ཉམས
78	ordinal-open	32		དང་པོ་ལ་བཞི། མ་མཐོང་བའི་ཕན་ཡོན། མཐོང་ཆོས་ཀྱི་ཕན་ཡོན། དཔེ་དྲུག་གིས་བསྔགས་པ་སྟེ་ཐུ
79	ordinal-open	21		དང་པོ་ལ་བཞི། སྡིག་པ་སེལ་བ། རང་ལ་ཕན་པ། གཞན་སྐྱོབ་པ། སྐྱེས་བུ་གསུམ་གའི་ལམ་གྱི་རྟེན
80	ordinal-open	3		དང་པོ་ནི།
81	verse-stanza	25		སྡིག་པ་སྟོབས་ཆེན་ཤིན་ཏུ་མི་བཟད་པ།།↵དེ་ནི་རྫོགས་པའི་བྱང་ཆུབ་སེམས་མིན་པ།།↵དགེ་གཞན་
82	terminal-particle	17		ཞེས་གསུངས་ཏེ། འགྲེལ་པ་ཕལ་མོ་ཆེར་དེ་ལྟས་ཞེས་པའི་རྐང་པའང་འདི་ལ་སྦྱར་རོ།།
83	terminal-particle	53		འདི་ལ་སྡིག་པ་དྲུངས་འབྱིན་པ་ནི་དོན་དམ་བྱང་སེམས་ཀྱི་ཕན་ཡོན་ཡིན་ཡང་ཀུན་རྫོབ་ཀྱི་སྨོ
84	ordinal-open	7		གཉིས་པ་རང་ལ་ཕན་པ་ནི།
85	verse-stanza	17		བསྐལ་པ་དུ་མར་རབ་དགོངས་མཛད་པ་ཡི།།↵ཐུབ་དབང་རྣམས་ཀྱིས་འདི་ཉིད་ཕན་པར་གཟིགས།།
86	quote-close	2		ཞེས་པའོ།།
87	ordinal-open	6		གསུམ་པ་གཞན་སྐྱོབ་པ་ནི།
88	verse-stanza	17		འདིས་ནི་ཚད་མེད་སྐྱེ་བོའི་ཚོགས་རྣམས་ཀྱིས།།↵བདེ་མཆོག་བདེ་བླག་ཉིད་དུ་འཐོབ་པར་བྱེད།།
89	line-end	19		ཅེས་གསུངས་ཏེ། སྐྲ་འབལ་བ་སོགས་ཀྱི་གདུང་བ་མེད་པར་འཇུག་པས་བདེ་མཆོག་དང་བདེ་བླག་སྟེ།
90	verse-stanza	13		བདེ་ནས་བདེ་བར་འགྲོ་བ་ལ།།↵སེམས་ཤེས་སུ་ཞིག་སྒྱིད་ལུག་འགྱུར།།
91	terminal-particle	5		ཞེས་འཆད་པར་འགྱུར་རོ།།
92	terminal-particle	40		འོ་ན་བྱམས་པའི་སྟོབས་ཀྱི་སྐྱེས་རབས་སོགས་ཇི་ལྟ་ཞེ་ན། ཕ་རོལ་གྱི་སྡུག་བསྔལ་གྱིས་རང་ས
93	terminal-particle	6		ཞེས་དཀའ་འགྲེལ་ཆེན་མོར་རོ།།
94	ordinal-open	13		བཞི་པ་སྐྱེས་བུ་གསུམ་གའི་ལམ་གྱི་རྟེན་དུ་འགྱུར་བ་ནི།
95	verse-stanza	33		སྲིད་པའི་སྡུག་བསྔལ་བརྒྱ་ཕྲག་གཞོམ་འདོད་ཅིང༌།།↵སེམས་ཅན་མི་བདེ་བསལ་བར་འདོད་པ་དང༌།།↵
96	terminal-particle	65		ཞེས་གསུངས་ཏེ། འཁོར་བའི་བདེ་བ་འདོད་པས་ཀྱང་སེམས་བསྐྱེད་པར་བྱ་སྟེ། འཁོར་བའི་བདེ་འབྲ
97	terminal-particle	31		ཞེས་དང༌། མཆོག་ཟུང་མྱུར་དུ་ཐར་བར་འདོད་པས་ཐེག་དམན་དུ་སེམས་བསྐྱེད་པ་ཡིན་ཡང༌། ང་བྱང་
98	quote-close	2		ཞེས་སོ།།
99	terminal-particle	22		སེམས་ཅན་སྐྱབས་པར་འདོད་པས་ཀྱང་སེམས་བསྐྱེད་པར་བྱ་སྟེ་དེའི་རྒྱུ་ནི་དེ་ཁོ་ན་ཡིན་པའི་
100	ordinal-open	8		གཉིས་པ་མཐོང་ཆོས་ཀྱི་ཕན་ཡོན་ནི།
101	verse-stanza	33		བྱང་ཆུབ་སེམས་སྐྱེས་གྱུར་ན་སྐད་ཅིག་གིས།།↵འཁོར་བའི་བཙོན་རར་བསྡམས་པའི་ཉམ་ཐག་རྣམས།།↵
102	terminal-particle	41		ཞེས་གསུངས་ཏེ། སྨོན་པའི་བྱང་ཆུབ་ཀྱི་སེམས་སྐྱེས་མ་ཐག་དེ་ཉིད་དུ་འཁོར་བའི་རྒྱ་མཚོ་གན
103	terminal-particle	103		ཞེས་བཀུར་སྟིའི་གནས་སུ་འགྱུར་བའི་ཕྱིར་ཏེ། འདུལ་བའི་ལུང་ལས། རྒྱལ་པོ་གསལ་རྒྱལ་གྱིས་
104	terminal-particle	29		བཀའ་བསྩལ་པ། རྒྱལ་པོ་ཆེན་པོ་དེ་ལྟ་བས་ན་དོན་འདིས་ཀྱང་ངས་རབ་ཏུ་བྱུང་བའི་ཕན་ཡོན་བཤད་
105	ordinal-open	63		གསུམ་པ་དཔེ་དྲུག་གིས་བསྔགས་པ་ལ་དྲུག དམན་པ་མཆོག་ཏུ་བསྒྱུར་བ་གསེར་འགྱུར་གྱི་རྩིའི་ད
106	ordinal-open	3		དང་པོ་ནི།
107	verse-stanza	33		གསེར་འགྱུར་རྩི་ཡི་རྣམ་པ་མཆོག་ལྟ་བུར།།↵མི་གཙང་ལུས་འདི་བླངས་ནས་རྒྱལ་བའི་སྐུ།།↵རིན་
108	terminal-particle	27		ཞེས་གསུངས་ཏེ། གསེར་གྱི་རིགས་ཆེན་པོ་དངུལ་ཆུར་སྣང་བས་ལྕགས་ཐམས་ཅད་གསེར་དུ་བྱེད་ཀྱང་
109	line-end	65		འདིར་སྡོང་པོ་བཀོད་པ་ན། གསེར་དུ་སྣང་བའི་དངུལ་ཆུ་ཞེས་ཡོད་ཀྱང༌། འགྱུར་རམ་བར་དུ་མ་དག
110	verse-stanza	35		རྒྱུད་དུས་འཁོར་སོགས་ལས་བཤད་པའི་ཕྱིར་རོ།།↵གཉིས་པ་རིན་དང་མཐུ་ཆེ་བ་ནོར་བུའི་དཔེ་ནི།
111	verse-stanza	17		འགྲོ་བའི་གནས་དང་བྲལ་བར་འདོད་པ་རྣམས།།↵རིན་ཆེན་བྱང་ཆུབ་སེམས་ལེགས་བརྟན་པོར་གཟུང༌།།
112	terminal-particle	79		ཞེས་གསུངས་ཏེ། དཀའ་འགྲེལ་ཆེན་མོར། འགྲོ་བ་ཚོང་བརྡལ་པ་རྣམས་ལ་ཀྱེ་བྱང་ཆུབ་ཀྱི་སེམས་ཀ
113	ordinal-open	15		གསུམ་པ་འབྲས་བུ་ཟད་མི་ཤེས་པ་དཔག་བསམ་གྱི་ཤིང་གི་དཔེ་ནི།
114	verse-stanza	33		དགེ་བ་གཞན་ཀུན་ཆུ་ཤིང་བཞིན་དུ་ནི།།↵འབྲས་བུ་བསྐྱེད་ནས་ཟད་པར་འགྱུར་བ་ཉིད།།↵བྱང་ཆུབ་
115	terminal-particle	40		ཞེས་གསུངས་ཏེ། དགེ་བ་གཞན་རྣམས་ནི་སྦ་དང༌། སྨིག་མ་དང༌། ཆུ་ཤིང་ལྟར་འབྲས་བུ་ལན་གཅིག་ཕ
116	ordinal-open	14		བཞི་པ་མྱོང་བར་ངེས་པའི་སྡིག་པ་འཇོམས་པ་དཔའ་བོའི་དཔེ་ནི།
117	verse-stanza	33		སྡིག་པ་ཤིན་ཏུ་མི་བཟད་བྱས་ན་ཡང༌།།↵དཔའ་ལ་བརྟེན་ན་འཇིགས་པ་ཆེ་ལས་ལྟར།།↵གང་ལ་བརྟེན་ནས
118	terminal-particle	34		ཞེས་གསུངས་ཏེ། རྒྱལ་པོ་མ་སྐྱེས་དགྲ་ལྟ་བུའང་བྱང་ཆུབ་ཀྱི་སེམས་ཀྱི་མཐུས་ཚེ་དེ་ལ་སྒྲ་
119	ordinal-open	12		ལྔ་པ་མྱོང་བར་མ་ངེས་པ་འཇོམས་པ་མེའི་དཔེ་ནི།
120	verse-stanza	17		དེས་ནི་དུས་མཐའི་མེས་བཞིན་སྡིག་ཆེན་རྣམས།།↵སྐད་ཅིག་གཅིག་གིས་ངེས་པར་སྲེག་པར་བྱེད།།
121	terminal-particle	32		ཅེས་གསུངས་ཏེ། དུས་མཐའི་མེས་དངོས་པོ་ཐམས་ཅད་ཀྱང་སྲེག་པ་ལྟར་མྱོང་བར་ངེས་མ་ངེས་སོགས་
122	terminal-particle	130		འོ་ན་ལས་ཆུད་མི་འཛའ་བར་གསུངས་པ་དང་འགལ་ལོ་ཞེ་ན། མི་འགལ་ཏེ། བསོད་ནམས་ཀྱི་ཚོགས་ནམ་མཁ
123	ordinal-open	100		དྲུག་པ་ཕན་ཡོན་རྒྱས་པར་མདོ་ལས་བསྟན་ཚུལ་ནི། དེ་ཡི་ཕན་ཡོན་དཔག་ཏུ་མེད་པ་དག། བྱམས་མགོ
124	verse-stanza	24		ཇི་ལྟར་ས་བོན་ཞིང་དང་ས་ཆུ་རླུང༌།།↵མེ་དང་ཟླ་བ་ཉི་མ་སྒྲོན་མ་མིག།↵ཞེས་སོགས་གསུངས་པ་ལ
125	ordinal-open	41		བཞི་པ་འཇུག་པའི་ཕན་ཡོན་ཁྱད་པར་དུ་བཤད་པ་ལ་ལྔ། དབྱེ་བ། མཚན་ཉིད། སྨོན་པའི་ཕན་ཡོན། འཇ
126	ordinal-open	3		དང་པོ་ནི།
127	verse-stanza	25		བྱང་ཆུབ་སེམས་དེ་མདོར་བསྡུས་ན།།↵རྣམ་པ་གཉིས་སུ་ཤེས་བྱ་སྟེ།།↵བྱང་ཆུབ་སྨོན་པའི་སེམས་
128	terminal-particle	15		ཞེས་གསུངས་ཏེ། བྱང་ཆུབ་སེམས་དེ་མདོར་བསྡུ་ན་སྨོན་འཇུག་རྣམ་པ་གཉིས་སོ།།
129	ordinal-open	5		གཉིས་པ་མཚན་ཉིད་ནི།
130	verse-stanza	25		འགྲོ་བར་འདོད་དང་འགྲོ་བ་ཡི།།↵བྱེ་བྲག་ཇི་ལྟར་ཤེས་པ་ལྟར།།↵དེ་བཞིན་མཁས་པས་འདི་གཉིས་ཀ
131	terminal-particle	66		ཞེས་གསུངས་ཏེ། དེ་ཇི་ལྟ་བུ་ཞེ་ན། ཡུལ་གཞན་དུ་འགྲོ་བར་འདོད་ལ། འགྲོ་བའི་བྱ་བ་དང་བྲལ་
132	ordinal-open	7		གསུམ་པ་སྨོན་པའི་ཕན་ཡོན་ནི།
133	verse-stanza	25		བྱང་ཆུབ་སྨོན་པའི་སེམས་ལས་ནི།།↵འཁོར་ཚེ་འབྲས་བུ་ཆེ་འབྱུང་ཡང༌།།↵ཇི་ལྟར་འཇུག་པའི་སེམ
134	terminal-particle	13		ཞེས་གསུངས་ཏེ། སྨོན་འཇུག་གི་ཕན་ཡོན་གྱི་ཁྱད་པར་ངོས་བཟུང་བའོ།།
135	ordinal-open	36		བཞི་པ་འཇུག་པའི་ཕན་ཡོན་རྒྱས་བཤད་ལ་བཞི། ཕན་ཡོན་དངོས་བཤད། དེ་ལུང་གིས་སྒྲུབ་པ། སྨོན་
136	ordinal-open	3		དང་པོ་ནི།
137	verse-stanza	25		གང་ནས་བཟུང་སྟེ་སེམས་ཅན་ཁམས།།↵མཐའ་ཡས་རབ་ཏུ་སྒྲོལ་བའི་ཕྱིར།།↵མི་ལྡོག་པ་ཡི་སེམས་ཀྱི
138	verse-stanza	25		དེ་ནས་བཟུང་སྟེ་གཉིད་ལོག་གམ།།↵བག་མེད་གྱུར་ཀྱང་བསོད་ནམས་ཤུགས།།↵རྒྱུན་མི་འཆད་པར་དུ་
139	terminal-particle	72		ཞེས་གསུངས་ཏེ། འདི་ལ་དཀའ་འགྲེལ་ཆུང་ངུར། སོ་སྐྱེ་ལ་འཇུག་སེམས་མེད་པ་ལྟར་བཤད་ཀྱང་། བ
140	terminal-particle	125		དེས་ན་སོ་སོ་སྐྱེ་བོའི་སྐབས་ཁོ་ན་ལ་སྨོན་འཇུག་གཙོ་བོར་བཞག་པ་ཡིན་ལ། དུས་གང་ནས་བཟུང་
141	ordinal-open	8		གཉིས་པ་དེ་ལུང་གིས་སྒྲུབ་པ་ནི།
142	verse-stanza	25		འདི་ནི་འཐད་པ་དང་བཅས་པར།།↵ལག་བཟང་གིས་ནི་ཞུས་པ་ལས།།↵དམན་མོས་སེམས་ཅན་དོན་གྱི་ཕྱིར།།
143	terminal-particle	49		ཞེས་གསུངས་ཏེ། དཀོན་མཆོག་བརྩེགས་པའི་འདུས་པ་ཉེར་དྲུག་པ་ལག་བཟང་ངམ་དཔུང་བཟང་གིས་ཞུས་
144	ordinal-open	33		གསུམ་པ་སྨོན་པ་ཕན་ཡོན་དང་ལྡན་པའི་འཐད་པ་གསུམ་བཤད་པ་ནི། དམིགས་པ་རྒྱ་ཆེ་བ་དང༌། དཀོན་
145	ordinal-open	3		དང་པོ་ནི།
146	verse-stanza	25		སེམས་ཅན་རྣམས་ཀྱི་ཀླད་ནད་ཙམ།།↵བསལ་ལོ་སྙམ་དུ་བསམས་ན་ཡང༌།།↵ཕན་འདོགས་བསམ་པ་དང་ལྡན་ཏེ
147	verse-stanza	25		སེམས་ཅན་རེ་རེའི་མི་བདེ་བ།།↵དཔག་ཏུ་མེད་པ་བསལ་འདོད་ཅིང༌།།↵རེ་རེའང་ཡོན་ཏན་དཔག་མེད་ད
148	terminal-particle	29		ཞེས་གསུངས་ཏེ། མཛའ་བོའི་བུ་མོས་མའི་མགོ་ལ་འགོངས་པའི་སེམས་ཅན་སུ་ཡང་འདིར་མ་འོང་ཞིག་ད
149	terminal-particle	46		ཞེས་སྡུག་བསྔལ་ཉི་ཚེ་བ་ཞིག་སེལ་བར་བསམས་པ་ལ་བསོད་ནམས་དཔག་ཏུ་མེད་པ་ཐོབ་ན་སེམས་ཅན་ཐམ
150	ordinal-open	13		གཉིས་པ་དཀོན་པའི་རྟགས་ཀྱིས་ཕན་ཡོན་ཆེ་བར་སྒྲུབ་པ་ནི།
151	verse-stanza	25		ཕ་འམ་ཡང་ན་མ་ཡང་རུང༌།།↵སུ་ལ་འདི་འདྲའི་ཕན་སེམས་ཡོད།།↵ལྷ་དང་དྲང་སྲོང་རྣམས་ཀྱང་རུང༌།
152	verse-stanza	25		སེམས་ཅན་དེ་དག་ཉིད་ལ་སྔོན།།↵རང་གི་དོན་དུའང་འདི་འདྲའི་སེམས།།↵རྨི་ལམ་དུ་ཡང་མ་རྨིས་ན
153	verse-stanza	25		གཞན་དག་རང་གི་དོན་དུ་ཡང༌།།↵མི་འབྱུང་སེམས་ཅན་དོན་སེམས་གང༌།།↵སེམས་ཀྱི་རིན་ཆེན་ཁྱད་པ
154	quote-close	3		ཞེས་གསུངས་སོ།།
155	ordinal-open	15		གསུམ་པ་ཕན་འདོགས་ཆེ་བའི་རྟགས་ཀྱིས་ཕན་ཡོན་ཆེ་བར་སྒྲུབ་པ་ནི།
156	verse-stanza	25		འགྲོ་བ་ཀུན་གྱི་དགའ་བའི་རྒྱུ།།↵སེམས་ཅན་སྡུག་བསྔལ་རྩིར་གྱུར་པ།།↵རིན་ཆེན་སེམས་ཀྱི་བ
157	terminal-particle	3		ཞེས་གསུངས་པའོ།།
158	ordinal-open	50		བཞི་པ་འཇུག་པ་ཕན་ཡོན་ཆེ་བའི་འཐད་པ་ལྔ་བཤད་པ་ལ་ལྔ། སྦྱོར་བས་ཟིན་པ། བྱེད་པ་མང་བ། ལན་
159	ordinal-open	3		དང་པོ་ནི།
160	verse-stanza	25		ཕན་པར་བསམས་པ་ཙམ་གྱིས་ཀྱང༌།།↵སངས་རྒྱས་མཆོད་ལས་ཁྱད་འཕགས་ན།།↵སེམས་ཅན་མ་ལུས་ཐམས་ཅད་ཀ
161	line-end	28		ཞེས་གསུངས་ཏེ། ཚད་མེད་པ་སྒོམ་པ་ཙམ་ཡང་བསོད་ནམས་ཆེ་ན་སེམས་ཅན་གྱི་དོན་སྦྱོར་བས་སྒྲུབ
162	verse-stanza	25		སངས་རྒྱས་ཞིང་ནི་མི་གང་གིས།།↵རིན་ཆེན་བདུན་གྱིས་བཀང་བྱས་ཏེ།།↵འཇིག་རྟེན་མགོན་ལ་ཕུལ་
163	verse-stanza	19		བྱང་ཆུབ་ཏུ་ནི་སེམས་བསྐྱེད་ན།།↵གང་ལ་མཐའ་ནི་མ་མཆིས་པའི།།↵མཆོད་པ་འདི་ནི་ཁྱད་པར་འཕགས
164	quote-close	2		ཞེས་སོ།།
165	ordinal-open	7		གཉིས་པ་བྱེད་པ་མང་བ་ནི།
166	verse-stanza	25		སྡུག་བསྔལ་འདོར་འདོད་སེམས་ཡོད་ཀྱང༌།།↵སྡུག་བསྔལ་ཉིད་ལ་མངོན་པར་རྒྱུག།↵བདེ་བ་འདོད་ཀྱ
167	verse-stanza	25		གང་ཞིག་བདེ་བས་ཕོངས་པ་དང༌།།↵སྡུག་བསྔལ་མང་ལྡན་དེ་དག་ལ།།↵བདེ་བ་ཀུན་གྱིས་ཚིམ་པ་དང༌།།
168	verse-stanza	25		གཏི་མུག་ཀྱང་ནི་སེལ་བྱེད་པ།།↵དེ་དང་དགེ་མཚུངས་ག་ལ་ཡོད།།↵དེ་འདྲའི་བཤེས་ཀྱང་ག་ལ་ཡོད།
169	terminal-particle	109		ཅེས་གསུངས་ཏེ། ཕན་པ་དང་མི་ཕན་པ་འཐོབ་སྤོང་ལ་སེམས་ཅན་རང་རང་མཁས་མོད་གཞན་གྱིས་བྱར་ཅི་
170	ordinal-open	8		གསུམ་པ་ལན་ལ་མི་ལྟོས་པ་ནི།
171	verse-stanza	25		ཕན་བཏགས་ལན་ལྡོན་གང་ཡིན་པ།།↵དེ་ཡང་རེ་ཞིག་བསྔགས་འོས་ན།།↵མ་བཅོལ་ལེགས་པར་བྱེད་པ་ཡི།།
172	quote-close	3		ཞེས་གསུངས་སོ།།
173	ordinal-open	17		བཞི་པ་སྒྲུབ་པ་རྒྱ་ཆེ་བའི་རྟགས་ཀྱིས་རེ་རེ་ཞིང་ཕན་ཡོན་ཆེ་བ་ནི།
174	verse-stanza	33		འགྲོ་བ་ཉུང་ཟད་ནར་མའི་ཟས་སྦྱོར་དང༌།།↵སྐད་ཅིག་ཟས་ཙམ་སྦྱིན་པར་བྱེད་པ་དང༌།།↵བརྙས་བཅས
175	terminal-particle	76		ཞེས་གསུངས་ཏེ། མི་རྣམས་ཞིང་དམན་པ་འགྲོ་བ་ཉུང་ཟད་ལ་དང༌། དུས་དམན་པ་ལན་གཅིག་གམ་འགའ་ཟུ
176	ordinal-open	15		ལྔ་པ་དེའི་ཕྱིར་བྱང་ཆུབ་སེམས་དཔའ་རྨད་དུ་བྱུང་བར་བསྟན་པ་ནི།
177	verse-stanza	33		སེམས་ཅན་གྲངས་མཐའ་ཡས་ལ་ཡུན་རིང་དུ།།↵བདེ་བར་གཤེགས་ཀྱི་བདེ་བ་བླ་ན་མེད།།↵ཡིད་ལ་བསམས་
178	terminal-particle	40		ཞེས་གསུངས་ཏེ། དེ་དག་ལྔ་ལས་ཟློག་པའི་དགེ་བ་བྱེད་པ་དེ་ནི་བསམ་གྱིས་མི་ཁྱབ་པ་སྟེ། སྲེ
179	terminal-particle	4		ཞེས་སོགས་གསུངས་སོ།།
180	ordinal-open	22		ལྔ་པ་དེས་ན་བྱང་ཆུབ་སེམས་དཔའ་སྡིག་པ་དང་བསོད་ནམས་ཀྱི་ཞིང་ཁྱད་པར་ཅན་དུ་བསྟན་པ་ནི།
181	verse-stanza	33		གང་ཞིག་དེ་འདྲའི་རྒྱལ་སྲས་སྦྱིན་བདག་ལ།།↵གལ་ཏེ་ངན་སེམས་སྐྱེད་པར་བྱེད་ན་དེ།།↵ངན་སེམ
182	verse-stanza	33		འོན་ཏེ་གང་ཞིག་ཡིད་རབ་དང་བྱེད་ན།།↵དེ་ཡི་འབྲས་བུ་དེ་བས་ལྷག་པར་འཕེལ།།↵རྒྱལ་སྲས་རྣམས
183	verse-stanza	33		གང་ལ་སེམས་ཀྱི་དམ་པ་རིན་ཆེན་དེ།།↵སྐྱེས་པ་དེ་ཡི་སྐུ་ལ་ཕྱག་འཚལ་ཞིང༌།།↵གང་ལ་གནོད་པ་བ
184	terminal-particle	91		ཞེས་གསུངས་ཏེ། དད་པའི་སྟོབས་སྐྱེད་པ་ལ་འཇུག་པ་ཕྱག་རྒྱའི་མདོ་ལས། འཇམ་དཔལ་རིགས་ཀྱི་བ
185	terminal-particle	15		དེ་ཅིའི་ཕྱིར་ཞེ་ན། བྱང་ཆུབ་སེམས་དཔའ་ལས་འཁྲུངས་པ་ནི་སངས་རྒྱས་སོ།།
186	terminal-particle	20		སངས་རྒྱས་ལས་བྱུང་བ་ནི། མཆོད་རྟེན་དང་བདེ་བའི་ཡོ་བྱད་ཐམས་ཅད་དང་ལྷའི་རིས་ཐམས་ཅད་དོ།
187	terminal-particle	26		བྱང་ཆུབ་སེམས་དཔའ་ལ་དམ་པ་མ་ཡིན་པར་བྱས་ན་སངས་རྒྱས་ཐམས་ཅད་ལ་དམ་པ་མ་ཡིན་པར་བྱས་པར་འག
188	terminal-particle	20		བྱང་ཆུབ་སེམས་དཔའ་ལ་དམ་པར་བྱས་ན་སངས་རྒྱས་ཐམས་ཅད་ལ་དམ་པར་བྱས་པར་འགྱུར་རོ།།
189	terminal-particle	48		ཞེས་དང༌། རབ་ཞི་རྣམ་ངེས་ཀྱི་མདོར། འཇམ་དཔལ་བྱང་ཆུབ་སེམས་དཔས་བྱང་ཆུབ་སེམས་དཔའ་ལ་ཁོང
190	quote-close	2		ཞེས་སོ།།
191	terminal-particle	76		གལ་ཏེ་དེ་བཞིན་གཤེགས་པ་ལ་ངན་སེམས་ཀྱི་ཁྲག་ཕྱུང་བས་ཀྱང་དེ་ལྟར་སྨིན་པར་མ་བཤད་ལ། འཇིག
192	terminal-particle	29		ཞེས་བསྟན་པའི་ཕྱིར་དང༌། འདིར་ལས་ཀྱི་རྣམ་སྨིན་ཀྱང་དངོས་པོ་ལ་མ་བསྟན་ཏེ་སངས་རྒྱས་རྣམ
193	terminal-particle	21		དེས་ན་གདུལ་བྱ་འདུལ་བའི་ཕྱིར་སྐབས་ཕྱེ་སྟེ་དྲང་དོན་དུ་བསྟན་གྱི་ངེས་པའི་དོན་མ་ཡིན་ན
194	terminal-particle	42		བྱང་ཆུབ་སེམས་དཔའ་ལ་གནོད་པ་བྱས་པས་ནི་སངས་རྒྱས་ཉིད་རྩ་བ་དང་བཅས་པ་བཅོམ་ཞིང་ཉེ་བར་བཅ
195	terminal-particle	123		འོན་ཀྱང་བྱང་ཆུབ་སེམས་དཔའ་ལ་དད་ན་བསོད་ནམས་དེ་བས་ཀྱང་ཆེས་ལྷག་པར་སྐྱེ་སྟེ། འཇམ་དཔལ་
196	quote-close	2		ཞེས་སོ།།
197	terminal-particle	102		དོ་གལ་ཆེན་པོས་ཞེས་སོགས་ལ། འཆད་ལུགས་གཉིས་ཏེ། འགྲེལ་ཆེན་དང༌། བི་བྷུ་ཏིས་ནི། བྱང་ཆུ
198	terminal-particle	55		ཞེས་འབྲུ་བསྣན་ཞིང༌། ཕྱི་མ་དགེ་བའི་ལྷས་ནི། རྒྱལ་སྲས་རྣམས་ལ་ནི་གཞན་གྱིས་དོ་གལ་ཆེན་
199	terminal-particle	4		ཞེས་འབྲུ་གཉེར་བའོ།།
200	terminal-particle	135		མདོར་ན་བྱང་ཆུབ་ཀྱི་སེམས་ཁོ་ན་ཕན་ཡོན་མཐའ་ཡས་པར་གཟིགས་པས་བྱང་ཆུབ་ཀྱི་སེམས་ལ་ཁོང་དུ
201	line-end	21		བྱང་ཆུབ་སེམས་དཔའི་སྤྱོད་པ་ལ་འཇུག་པ་ལས། བྱང་ཆུབ་ཀྱི་སེམས་ཀྱི་ཕན་ཡོན་གྱི་ལེའུ་སྟེ་
202	terminal-particle	25		གཉིས་པ་བྱང་ཆུབ་ཀྱི་སེམས་ཇི་ལྟར་བླང་ཚུལ་ལ་གཉིས། ལེའུ་སྔ་ཕྱིའི་མཚམས་སྦྱར་བ་དང༌། སེ
203	ordinal-open	23		དང་པོ་ནི། དཀའ་འགྲེལ་ཆུང་ངུར། དེ་ལྟར་ཕན་ཡོན་བརྗོད་པས་སྤྲོ་བ་ཐོབ་པ་དེ་ལ་བཟུང་བའི་ཆ
204	quote-close	2		ཞེས་སོ།།
205	terminal-particle	47		ལེགས་བཤད་བསྡུས་པར། རས་སྣུམ་དང་དྲི་མས་དག་པ་ལ་ཚོན་འཛིན་པ་ལྟར་བྱང་ཆུབ་ཀྱི་སེམས་ཀྱི་
206	terminal-particle	27		དེ་ཡང་ཐོག་མ་མེད་པ་ནས་སྒྲིབ་པ་གསུམ་སྟེ། བྱ་འོས་མ་བྱས་པ་དང༌། མི་བྱ་བ་བྱས་པ་དང༌། བྱ
207	ordinal-open	33		དང་པོ་ལ་གསུམ། ཡུལ་ཁྱད་པར་ཅན་ལ་དད་གུས་མ་བྱས་པ་དང༌། ནོར་ལ་ཆགས་པས་མཆོད་སྦྱིན་མ་བྱས་
208	line-end	34		དེ་གསུམ་གྱི་གཉེན་པོར་ཕྱག་དང་མཆོད་པ་དང་སྐྱབས་སུ་འགྲོ་བ་གོ་རིམ་ལྟར་བཞག་གོ ། མི་བྱ་
209	verse-stanza	15		གཞན་གྱི་དགེ་བ་ལ་བར་ཆོད་བྱས་པའོ།།↵དང་པོའི་གཉེན་པོར་སྡིག་བཤགས་སོ།།
210	terminal-particle	12		གཉིས་པའི་གཉེན་པོར་རྗེས་སུ་ཡི་རང་བ་སོགས་གསུམ་མོ།།
211	quote-close	20		དགེ་བ་བྱས་ཀྱང་ཆུད་ཟོས་པའི་གཉེན་པོར་བྱང་ཆུབ་ཏུ་བསྔོ་བ་རྣམ་པར་བཞག་གོ། ཞེས་བཤད་དོ།།
212	ordinal-open	13		གཉིས་པ་སེམས་བཟུང་བའི་ཆོ་ག་དངོས་ལ་གསུམ། སྦྱོར་བ། དངོས་གཞི། རྗེས་སོ།།
213	ordinal-open	25		དང་པོ་ལ་བདུན། མཆོད་པ། སྐྱབས་འགྲོ སྡིག་བཤགས། རྗེས་སུ་ཡི་རང༌། ཆོས་ཀྱི་འཁོར་ལོ་བསྐོ
214	ordinal-open	11		དང་པོ་ལ་གཉིས། རྙེད་པའི་མཆོད་པ་དང༌། བཀུར་སྟིའི་མཆོད་པའོ།།
215	ordinal-open	31		དང་པོ་ལ་ལྔ། བདག་དབང་བའི་དངོས་པོས་མཆོད་པ། བདག་གིར་མ་བཟུང་བའི་དངོས་པོས་མཆོད་པ། ལུས
216	ordinal-open	3		དང་པོ་ནི།
217	verse-stanza	33		རིན་ཆེན་སེམས་དེ་གཟུང་བར་བྱ་བའི་ཕྱིར།།↵དེ་བཞིན་གཤེགས་པ་རྣམས་དང་དམ་པའི་ཆོས།།↵དཀོན་
218	terminal-particle	16		ཅེས་གསུངས་ཏེ། རིན་ཆེན་སེམས་དེ་གཟུང་བར་བྱ་བའི་ཕྱིར་གྱིས་ཆེད་དུ་བྱ་བའོ།།
219	terminal-particle	8		ཞེས་བསྟན་ལ། ལེགས་པར་མཆོད་ནི་དངོས་པོའོ།།
220	terminal-particle	27		གཞན་རྣམས་ནི་ཞིང་ངམ་ཡུལ་ཏེ་ཡོན་ཏན་གྱི་རྒྱ་མཚོ་དཀོན་མཆོག་གསུམ་ལ་བདག་གིས་དངོས་སུ་བཤ
221	line-end	32		དཀོན་མཆོག་ཐམས་ཅད་འདིར་མཆོད་ཡུལ་དུ་མངོན་དུ་གྱུར་ཏམ་ཞེ་ན། དེ་མ་གྱུར་ཀྱང་མངོན་སུམ་ད
222	verse-stanza	13		སངས་རྒྱས་རྣམས་ལ་གོས་ལ་སོགས།།↵མངོན་སུམ་མངོན་སུམ་མིན་པར་མཆོད།།
223	quote-close	2		ཅེས་སོ།
224	ordinal-open	12		གཉིས་པ་བདག་གིར་མ་བཟུང་བའི་དངོས་པོས་མཆོད་པ་ནི།
225	verse-stanza	33		མེ་ཏོག་འབྲས་བུ་ཇི་སྙེད་ཡོད་པ་དང༌།།↵སྨན་གྱི་རྣམ་པ་གང་དག་ཡོད་པ་དང༌།།↵འཇིག་རྟེན་རིན
226	verse-stanza	33		རིན་ཆེན་རི་བོ་དང་ནི་དེ་བཞིན་དུ།།↵ནགས་ཚལ་ས་ཕྱོགས་དབེན་ཞིང་ཉམས་དགའ་དང༌།།↵ལྗོན་ཤིང་
227	verse-stanza	25		ལྷ་སོགས་འཇིག་རྟེན་ན་ཡང་དྲི་དང་ནི།།↵སྤོས་དང་དཔག་བསམ་ཤིང་དང་རིན་ཆེན་ཤིང༌།།↵མ་རྨོས་
228	line-end	17		གཞན་ཡང་མཆོད་པར་འོས་པའི་རྒྱན་རྣམས་ནི། མཚོ་དང་རྫིང་བུ་པད་མས་བརྒྱན་པ་དག།
229	verse-stanza	33		ངང་པ་ཤིན་ཏུ་སྐད་སྙན་ཡིད་འོང་ལྡན།།↵ནམ་མཁའ་རབ་འབྱམས་ཁམས་ཀྱི་མཐས་གཏུགས་པ།།↵ཡོངས་སུ་
230	verse-stanza	33		སྲས་དང་བཅས་པ་རྣམས་ལ་ལེགས་འབུལ་ན།།↵ཡོན་གནས་དམ་པ་ཐུགས་རྗེ་ཆེ་རྣམས་ཀྱིས།།↵བདག་ལ་བརྩ
231	verse-stanza	17		མཆོད་པའི་ནོར་གཞན་བདག་ལ་ཅང་མ་མཆིས།།↵དེས་ན་གཞན་དོན་དགོངས་པའི་མགོན་གྱིས་འདི།།
232	line-end	19		བདག་གི་དོན་སླད་ཉིད་ཀྱི་མཐུས་བཞེས་ཤིག། ཅེས་གསུངས་ཏེ། འདིར་ནམ་མཁའ་རབ་འབྱམས་ཀྱི་ཤླཽ
233	verse-stanza	17		མེ་ཏོག་འབྲས་བུ་ཇི་སྙེད་ཡོད་པ་དང༌།།↵ཞེས་སོགས་རེ་རེའི་མཐར་ཡང་སྦྱར་བར་བྱའོ།།
234	terminal-particle	6		ཞེས་དཀའ་འགྲེལ་ཆེན་མོར་རོ།།
235	terminal-particle	11		སྤུད་པ་ནི་རྒྱན་གྱིས་ཤིན་ཏུ་སྤྲས་པའི་དོན་ནོ།།
236	terminal-particle	25		ཡལ་ག་དུད་པ་ནི་གུག་པ་སྟེ་ས་ལ་རེག་པ་ལྟ་བུ་དང༌། མ་རྨོས་པ་ནི་ཐོང་གཤོལ་གྱིས་མ་སློག་པར
237	quote-close	2		ཞེས་སོ།།
238	terminal-particle	21		ཅིའི་ཕྱིར་བདག་པོས་མ་བཟུང་བ་འདི་རྣམས་ཀྱིས་མཆོད་ཅེ་ན། བདག་ནི་སོགས་ཀྱིས་དེའི་རྒྱུ་མ
239	ordinal-open	6		གསུམ་པ་ལུས་དབུལ་བ་ནི།
240	verse-stanza	33		རྒྱལ་དང་དེ་སྲས་རྣམས་ལ་བདག་གིས་ནི།།↵བདག་གི་ལུས་ཀུན་གཏན་དུ་དབུལ་བར་བགྱི།།↵སེམས་དཔའ
241	verse-stanza	33		བདག་ནི་ཁྱེད་ཀྱིས་ཡོངས་སུ་བཟུང་བས་ན།།↵སྲིད་ན་མི་འཇིགས་སེམས་ཅན་ཕན་པར་བགྱི།།↵སྔོན་ག
242	terminal-particle	22		ཞེས་གསུངས་ཏེ། བདག་ལ་བདོག་པ་ནི། ལུས་ཁོ་ནར་ཟད་ལ་འདི་ཕུལ་ནས་ཁྱེད་ཀྱི་བཀའ་བཞིན་སྒྲུབ
243	line-end	13		དེ་རྣམས་ནི་དངོས་པོ་རྫས་སུ་ཡོད་པས་མཆོད་པ་ཡིན་ལ།
244	ordinal-open	10		བཞི་པ་བློས་སྤྲུལ་པའི་མཆོད་པ་བཅུ་གཅིག་ནི།
245	verse-stanza	25		ཁྲུས་གསོལ་གོས་རྒྱན་དབུལ་བ་དང༌།།↵བྱུགས་པ་དང་ནི་མེ་ཏོག་སྤོས།།↵ལྷ་བཤོས་སྒྲོན་མེ་བཞུ
246	line-end	10		བློ་སྤྲུལ་མཆོད་པ་བཅུ་གཅིག་གོ། ཞེས་ཡོད་པ་ལས།
247	ordinal-open	6		དང་པོ་ཁྲུས་གསོལ་བ་ནི།
248	verse-stanza	33		ཁྲུས་ཀྱི་ཁང་པ་ཤིན་ཏུ་དྲི་ཞིམ་པ།།↵ཤེལ་གྱི་ས་གཞི་གསལ་ཞིང་འཚེར་བ་བསྟར།།↵རིན་ཆེན་འབར
249	verse-stanza	33		དེ་བཞིན་གཤེགས་དང་དེ་ཡི་སྲས་རྣམས་ལ།།↵རིན་ཆེན་བུམ་པ་མང་པོ་སྤོས་ཀྱི་ཆུས།།↵ཡིད་འོང་ལ
250	verse-stanza	16		དེ་དག་སྐུ་ལ་མཚུངས་པ་མེད་པའི་གོས།།↵གཙང་ལ་དྲི་རབ་བསྒོས་པས་སྐུ་ཕྱིའོ།།
251	terminal-particle	33		ཞེས་གསུངས་ཏེ། དེ་ཡང་ཤེལ་གྱི་ས་གཞི་བསྟར་བ་ནི། བརྐྱང་ནུལ་གྱི་ཞལ་བ་ལེགས་པར་བདར་ཞིང་
252	line-end	10		ཚིགས་བཅད་ཕྱེད་ཀྱིས་ན་བཟའ་བརྐྱང་པ་སྨོས་ལ།
253	ordinal-open	7		གཉིས་པ་གོས་རྒྱན་དབུལ་བ་ནི།
254	verse-stanza	33		དེ་ནས་དེ་ལ་ཁ་དོག་ལེགས་བསྒྱུར་བའི།།↵ན་བཟའ་ཤིན་ཏུ་དྲི་ཞིམ་དམ་པ་དབུལ།།↵གོས་བཟང་སྲབ་
255	verse-stanza	17		འཕགས་པ་ཀུན་ཏུ་བཟང་དང་འཇམ་དབྱངས་དང༌།།↵འཇིག་རྟེན་དབང་ཕྱུག་སོགས་ལའང་བརྒྱན་པར་བགྱི།།
256	terminal-particle	68		ཞེས་གསུངས་ཏེ། ཚིགས་བཅད་གཅིག་གིས་གོས་དང་རྒྱན་ལྷན་ཅིག་ཏུ་སྨོས་པ་ནི་དང་པོ་མཆོག་གི་ས
257	ordinal-open	7		གསུམ་པ་བྱུགས་པའི་མཆོད་པ་ནི།
258	verse-stanza	33		སྟོང་གསུམ་ཀུན་ཏུ་དྲི་ངད་ལྡང་བ་ཡི།།↵དྲི་མཆོག་རྣམས་ཀྱིས་ཐུབ་དབང་ཀུན་གྱི་སྐུ།།↵གསེར
259	terminal-particle	120		ཞེས་གསུངས་ཏེ། སྟོང་གསུམ་ཀུན་ཏུ་དྲི་ངད་ལྡང་བའི་སྤོས་ནི། འོག་མིན་གྱི་སྦྲུལ་གྱི་སྙི
260	terminal-particle	5		ཞེས་འགྲེལ་ཆེན་ལས་སོ།།
261	ordinal-open	8		བཞི་པ་མེ་ཏོག་གི་མཆོད་པ་ནི།
262	verse-stanza	31		ཐུབ་དབང་མཆོད་གནས་མཆོག་ལ་ཡིད་འོང་བའི།།↵མེ་ཏོག་མནྡ་ར་དང་པད་མ་དང༌།།↵ཨུཏྤལ་ལ་སོགས་དྲ
263	terminal-particle	11		ཅེས་གསུངས་ཏེ། འགྲེལ་ཆེན་དུ། མཱ་ལི་ཀ་ནི་པར་ཤི་ཥའོ།།
264	terminal-particle	10		ཞེས། མེ་ཏོག་མནྡ་ར་དང་པར་ཤི་ཥ།། ཞེས་འདོན་ནོ།།
265	ordinal-open	7		ལྔ་པ་སྤོས་ཀྱི་མཆོད་པ་ནི།
266	verse-stanza	17		སྤོས་མཆོག་ཡིད་འཕྲོག་དྲི་ངད་ཁྱབ་པ་ཡི།།↵བདུག་པའི་སྤྲིན་ཚོགས་རྣམས་ཀྱང་དེ་ལ་དབུལ།།
267	terminal-particle	20		ཞེས་གསུངས་ཏེ། བདུག་པའི་སྤྲིན་ནི་སྤྲིན་འཁྲིགས་པའམ་ཡང་ན་སྤྲིན་གྱེན་དུ་འགྲོ་བ་ལྟ་བུ
268	quote-close	2		ཞེས་སོ།།
269	ordinal-open	8		དྲུག་པ་ལྷ་བཤོས་ཀྱི་མཆོད་པ་ནི།
270	verse-stanza	17		ཞལ་ཟས་བཟའ་བཏུང་སྣ་ཚོགས་བཅས་པ་ཡི།།↵ལྷ་བཤོས་རྣམས་ཀྱང་དེ་ལ་དབུལ་བར་བགྱི།།
271	quote-close	2		ཞེས་སོ།།
272	ordinal-open	7		བདུན་པ་སྒྲོན་མེའི་མཆོད་པ་ནི།
273	verse-stanza	16		གསེར་གྱི་པདྨ་མཚར་དུ་དངར་བ་ཡི།།↵རིན་ཆེན་སྒྲོན་མེ་རྣམས་ཀྱང་དབུལ་བར་བགྱི།།
274	line-end	122		ཞེས་གསུངས་ཏེ། གསེར་གྱི་པད་མ་ནི་གསེར་གྱི་ཀོང་བུ་པད་མའི་དབྱིབས་ཅན་ཡིན་ལ། མཚར་དུ་དང
275	ordinal-open	8		བརྒྱད་པ་བཞུགས་ཁང་གི་མཆོད་པ་ནི།
276	verse-stanza	33		ས་གཞི་བསྟར་བ་སྤོས་ཀྱིས་བྱུགས་པ་དེར།།↵མེ་ཏོག་ཡིད་འོང་སིལ་མ་དགྲམ་པར་བགྱི།།↵གཞལ་མེད
277	verse-stanza	17		དཔག་ཡས་ནམ་མཁའི་རྒྱན་གྱུར་དེ་དག་ཀྱང༌།།↵ཐུགས་རྗེའི་རང་བཞིན་ཅན་ལ་དབུལ་བར་བགྱི།།
278	terminal-particle	33		ཞེས་གསུངས་ཏེ། ས་གཞི་བསྟར་བ་ཞེས་པའི་ཚིགས་བཅད་ཕྱེད་ཀྱིས། གང་དུ་གཞལ་མེད་ཁང་བྱ་བའི་ག
279	terminal-particle	59		གཞལ་ཡས་ཁང་ནི་རིན་པོ་ཆེ་ཐམས་ཅད་པ་ལས་བྱས་པ་དཔག་ཚད་བརྒྱ་སྟོང་གི་ཁྱོན་དང་ལྡན་ཞིང་མང་
280	ordinal-open	7		དགུ་པ་གདུགས་ཀྱི་མཆོད་པ་ནི།
281	verse-stanza	33		རིན་ཆེན་གདུགས་མཛེས་གསེར་གྱི་ཡུ་བ་ཅན།།↵ཁོར་ཡུག་རྒྱན་གྱི་རྣམ་པ་ཡིད་འོང་བརྒྱན།།↵དབྱ
282	terminal-particle	27		ཞེས་གསུངས་ཏེ། གདུགས་ཀྱིས་མཚོན་པ་ནི་རྔ་ཡབ་ནོར་བུའི་ཡུ་བ་ཅན་དང་སེང་གེའི་ཁྲི་རྐང་རྟ
283	line-end	18		དེས་ན། དབྱིབས་ལེགས་ལྟ་ན་སྡུག་པ་སྒྲེང་བ་སོགས།། ཞེས་འབྲུ་གཉེར་ཏེ། དཀའ་འགྲེལ་ཆུང་ངུ
284	verse-stanza	27		བཅུ་པ་གླུ་དང་རོལ་མོས་མཆོད་པ་ནི།↵དེ་ལས་གཞན་ཡང་མཆོད་པའི་ཚོགས།།↵རོལ་མོ་དབྱངས་སྙན་ཡི
285	terminal-particle	25		སྤྲིན་རྣམས་སོ་སོར་གནས་གྱུར་ཅིག། ཅེས་གསུངས་ཏེ། རོལ་མོ་ནི་སྒྱུ་རྩལ་དྲུག་ཅུ་རྩ་བཞི་
286	terminal-particle	13		དབྱངས་ནི། གླུ་དབྱངས་སུ་གཏོགས་པ་བདུན་ཞེས་གསུངས་པ་རྣམས་ཡིན་ནོ།།
287	line-end	9		བཅུ་གཅིག་པ་སྨོན་ལམ་གྱི་མཆོད་པ་ནི།
288	verse-stanza	19		དམ་ཆོས་དཀོན་མཆོག་ཐམས་ཅད་དང༌།།↵མཆོད་རྟེན་རྣམས་དང་སྐུ་གཟུགས་ལ།།↵རིན་ཆེན་མེ་ཏོག་ལ་ས
289	terminal-particle	139		རྒྱུན་མི་འཆད་པར་འབབ་པར་ཤོག། ཅེས་གསུངས་ཏེ། དམ་ཆོས་དཀོན་མཆོག་ཐམས་ཅད་ནི་ཆོས་འཛིན་པའ
290	ordinal-open	9		ལྔ་པ་བླ་ན་མེད་པའི་མཆོད་པ་ནི།
291	verse-stanza	25		ཇི་ལྟར་འཇམ་དབྱངས་ལ་སོགས་པས།།↵རྒྱལ་བ་རྣམས་ལ་མཆོད་མཛད་པ།།↵དེ་བཞིན་བདག་གིས་དེ་བཞིན་
292	terminal-particle	63		ཅེས་གསུངས་ཏེ། མདོར་ན་བདག་ཅག་གིས་ནི་ཇི་ལྟར་མཆོད་པར་བྱ་བ་དང་ཇི་ལྟར་མཉེས་པར་འགྱུར་བ
293	terminal-particle	44		ཞེས་བསམ་པ་སྟེ་འདི་དབང་བཅུ་རྫོགས་པ་རྣམས་ཀྱི་བློ་ཤིན་ཏུ་རྣམ་པར་དག་པས་བྱིན་གྱིས་རློ
294	line-end	23		གཞན་ཡང་དམིགས་པ་དང་བཅས་པས་བླ་ན་མེད་པའི་མཆོད་པར་འགྱུར་བ་ནི་བྱང་ཆུབ་ཀྱི་སེམས་སྒོམ་པ
295	verse-stanza	19		མཁས་པས་བྱང་ཆུབ་སེམས་བསྒོམས་ན།།↵རྒྱལ་བ་སྲས་དང་བཅས་པ་ལ།།↵མཆོད་པ་འདི་ནི་དམ་པ་སྟེ།།
296	quote-close	2		ཞེས་སོ།།
297	line-end	28		དམིགས་པ་མེད་པ་བདག་མེད་པ་ལ་བཟོད་པ་ནི་བླ་ན་མེད་པའི་མཆོད་པ་མཆོག་ཡིན་ཏེ། ལྷའི་བུ་བློ
298	verse-stanza	32		བྱང་ཆུབ་འདོད་པའི་བྱང་ཆུབ་སེམས་དཔའ་ཡིས།།↵བསྐལ་བ་བྱེ་བ་གངྒཱའི་བྱེ་སྙེད་དུ།།↵མེ་ཏོག
299	verse-stanza	33		གང་གིས་གང་ལས་བདག་དང་སྲོག་དང་ནི།།↵གང་ཟག་མ་མཆིས་དེ་འདྲའི་ཆོས་འདི་དག།↵ཐོས་ནས་དེ་ལ་འ
300	terminal-particle	28		ཞེས་དང༌། སེང་གེའི་སྒྲ་ཆེན་གྱི་མདོ་ལས། གང་འདུ་ཤེས་དང་མཚན་མ་སྐྱེད་པར་མི་བྱེད་པ་དེ་
301	terminal-particle	20		བླང་དོར་མེད་པ་དང་གཉིས་སུ་མེད་པར་འཇུག་པ་དེ་ནི། དེ་བཞིན་གཤེགས་པ་མཆོད་པ་ཡིན་ནོ།།
302	terminal-particle	32		གྲོགས་པོ་དག་དེ་བཞིན་གཤེགས་པའི་སྐུ་ནི་དངོས་པོ་མེད་པའི་མཚན་ཉིད་ཡིན་པས་དེ་ནི། དངོས་
303	quote-close	3		ཞེས་གསུངས་སོ།།
304	terminal-particle	19		མཆོད་པ་འདི་རྣམས་ནི། དམ་ཚིག་གསུམ་བཀོད་དང༌། དཀོན་མཆོག་སྤྲིན་དང་ཕལ་པོ་ཆེའི་མདོ་ལས་བ
305	line-end	8		དེ་ལྟར་རྙེད་པའི་མཆོད་པ་བསྟན་ནས།
306	ordinal-open	13		གཉིས་པ་བཀུར་སྟིའི་མཆོད་པ་ལ་གཉིས། བསྟོད་པ་དང༌། ཕྱག་གི་མཆོད་པའོ།།
307	ordinal-open	9		དང་པོ་ནི། ཡོན་ཏན་རྒྱ་མཚོ་རྣམས་ལ་བདག།
308	verse-stanza	13		བསྟོད་དབྱངས་ཡན་ལག་རྒྱ་མཚོས་བསྟོད།།↵བསྟོད་དབྱངས་སྙན་སྤྲིན་དེ་དག་ལ།།
309	terminal-particle	19		ངེས་པར་ཀུན་ཏུ་འབྱུང་གྱུར་ཅིག། ཅེས་གསུངས་ཏེ། ཡོན་ཏན་གྱི་རྒྱ་མཚོ་དཀོན་མཆོག་གསུམ་པོ
310	terminal-particle	67		བདག་ནི་བྱེད་པ་པོ་སྟེ་ལུས་གངྒཱའི་ཀླུང་གི་བྱེ་མ་སྙེད་ལ་སོགས་པར་བྱིན་གྱིས་བརླབས་ཤིང
311	terminal-particle	55		སྔོན་སངས་རྒྱས་སྐར་རྒྱལ་རིའི་ཕུག་ན་ཟད་པར་མེའི་ཏིང་ངེ་འཛིན་ལ་བཞུགས་པ་ལ། འོ་སྐོལ་གྱ
312	terminal-particle	28		བསྟོད་པའི་སྒྲ་དེ་ཡང་དཀོན་མཆོག་ཐམས་ཅད་ཀྱི་སྤྱན་སྔར་རྒྱུན་མི་འཆད་པར་གྲགས་པར་གྱུར་ཅ
313	ordinal-open	7		གཉིས་པ་ཕྱག་གི་མཆོད་པ་ནི།
314	verse-stanza	25		དུས་གསུམ་གཤེགས་པའི་སངས་རྒྱས་ཀུན།།↵ཆོས་དང་ཚོགས་ཀྱི་མཆོག་བཅས་ལ།།↵ཞིང་རྡུལ་ཀུན་གྱི་
315	verse-stanza	25		བྱང་ཆུབ་སེམས་ཀྱི་གཞི་རྣམས་དང༌།།↵མཆོད་རྟེན་ཀུན་ལ་བདག་ཕྱག་འཚལ།།↵མཁན་པོ་དེ་བཞིན་སློ
316	line-end	48		ཞེས་གསུངས་ཏེ། ཞིང་རྡུལ་ཀུན་གྱི་གྲངས་སྙེད་ཀྱི་ལུས་ནི་བདག་གི་ལུས་དེ་ཙམ་དུ་མོས་པ་སྟ
317	verse-stanza	25		ཕྲ་རབ་རྡུལ་དང་རྡུལ་ཕྲན་དང༌།།↵ལྕགས་ཆུ་རི་བོང་ལུག་དང་གླང༌།།↵ཉི་ཟེར་རྡུལ་དང་སྲོ་མ་ད
318	terminal-particle	20		སོར་ཚིགས་ཞེས་བྱ་གོང་བདུན་འགྱུར།། ཞེས་སྔ་མ་བདུན་ལ་ཕྱི་མ་རེར་བཤད་པའི་རྩ་བའི་རྡུལ་ད
319	terminal-particle	22		ཞིང་དེ་ལ་རྡུལ་ཇི་ཙམ་མཆིས་པའི་གྲངས་དང་མཉམ་པར་བདག་གི་ལུས་ཀྱང་དེ་སྙེད་མོས་པས་འདུད་པ
320	terminal-particle	26		གང་ལ་ན་དུས་གསུམ་གྱི་ཕྱོགས་བཅུའི་དཀོན་མཆོག་ཐམས་ཅད་ལ་སྟེ་ཕྱག་གཅིག་ཀྱང་དེ་ཐམས་ཅད་ལ་
321	terminal-particle	47		འདི་ཇི་ལྟར་ནུས་ཤེ་ན། བསམ་པའི་དབང་གིས་ཏེ་སེམས་ཀུན་ནས་དད་པས་འདུད་པ་ནི་ཕྱག་ཡང་དག་པ་
322	terminal-particle	62		ཅི་འདས་པའི་སངས་རྒྱས་རྣམས་ད་ལྟར་མེད་པ་མ་ཡིན་ནམ་ཞེ་ན། མ་ཡིན་ཏེ་གདུལ་བྱའི་དབང་མ་གཏོ
323	terminal-particle	65		བྱང་ཆུབ་སེམས་ཀྱི་གཞི་ནི་སྔོན་བྱང་ཆུབ་སེམས་དཔའ་རྣམས་ཀྱིས་གང་དུ་གཏོང་བ་དང༌། གཏོང་བ
324	terminal-particle	42		ཞེས་གསུངས་པའི་ཕྱིར། མཆོད་རྟེན་ནི། བིམྤ་དང༌། ཁང་བུ་དང༌། རྒྱལ་མཚན་ལྟར་གྲགས་པ་བརྒྱད
325	line-end	32		བརྟུལ་ཞུགས་མཆོག་ནི་བརྟུལ་ཞུགས་ཉིད་དང་དེ་དང་ལྡན་པའི་གང་ཟག་སྟེ། སྐྱེས་བུ་ཟུང་བཞི་ག
326	verse-stanza	25		གཉིས་པ་སྐྱབས་སུ་འགྲོ་བ་ནི།↵བྱང་ཆུབ་སྙིང་པོར་མཆིས་ཀྱི་བར།།↵སངས་རྒྱས་རྣམས་ལ་སྐྱབས་
327	terminal-particle	42		ཚོགས་ལའང་དེ་བཞིན་སྐྱབས་སུ་མཆི།། ཞེས་གསུངས་ཏེ། བྱང་ཆུབ་སྙིང་པོར་མཆིས་ཀྱི་བར་ཏེ་དུ
328	ordinal-open	23		གསུམ་པ་སྡིག་བཤགས་ལ་བཞི། རྣམ་པར་སུན་དབྱུང་བ་དང༌། རྟེན་བཟུང་བ་དང༌། གཉེན་པོ་ལ་འབད་པ
329	ordinal-open	36		དང་པོ་ལ་བཞི། བྱས་པའི་རྣམ་གྲངས་ལ་བརྟགས་ནས་འགྱོད་པ་སྐྱེད་པ། མྱུར་དུ་འཆི་བར་དོགས་པས
330	ordinal-open	3		དང་པོ་ནི།
331	verse-stanza	25		ཕྱོགས་རྣམས་ཀུན་ན་བཞུགས་པ་ཡི།།↵རྫོགས་སངས་རྒྱས་དང་རྒྱལ་བའི་སྲས།།↵ཐུགས་རྗེ་ཆེན་པོ་མ
332	verse-stanza	24		ཐོག་མ་མེད་ལྡན་འཁོར་བ་ནས།།↵ཚེ་རབས་འདིའམ་གཞན་དག་ཏུ།།↵བདག་གིས་མ་འཚལ་སྡིག་བགྱིས་པའམ།
333	verse-stanza	25		གཏི་མུག་འཁྲུལ་བས་བདག་ནོན་ཏེ།།↵རྗེས་སུ་ཡི་རང་གང་བགྱིས་པ།།↵ནོངས་པ་དེ་ནི་འགྱོད་བགྱི
334	verse-stanza	25		བདག་གིས་དཀོན་མཆོག་གསུམ་དང་ནི།།↵ཕ་མའམ་བླ་མ་གཞན་དག་ལ།།↵ཉོན་མོངས་སྒོ་ནས་ལུས་ངག་དང༌།
335	verse-stanza	25		ཉེས་པ་དུ་མའི་སྐྱོན་ཆགས་པའི།།↵སྡིག་ཅན་བདག་གིས་སྡིག་པ་གང༌།།↵ཤིན་ཏུ་མི་བཟད་བགྱིས་པ་
336	terminal-particle	17		ཞེས་གསུངས་ཏེ། བདག་གིས་མ་འཚལ་ཞེས་པ་ནི་བདག་ཉིད་གཏི་མུག་ཆེན་པོར་བསྟན་ཏོ།།
337	terminal-particle	9		བགྱིས་པ་ནི་རང་གིས་སྒོ་གསུམ་གྱིས་སོ།།
338	terminal-particle	14		བགྱིད་དུ་བསྩལ་བ་ནི་ངག་དང་ཡིད་ཀྱིས་གཞན་བྱེད་དུ་བཅུག་པའོ།།
339	terminal-particle	17		ཡི་རང་བ་ནི་གཞན་གྱིས་སྡིག་པ་བྱས་པ་ལ་ཡིད་ཀྱིས་དགའ་བར་བྱེད་པའོ།།
340	terminal-particle	20		འགྱོད་བགྱིས་ནས་ཅེས་པ་ནི་དམྱལ་བ་ལ་སོགས་པར་མི་དགེ་བའི་རྣམ་སྨིན་ཐོས་པས་འཇིགས་པའོ།།
341	terminal-particle	43		དེ་ལ་དཀོན་མཆོག་གསུམ་ནི་བླ་ན་མ་མཆིས་པའི་ཞིང་དང༌། ཕ་ལ་སོགས་པ་ནི་ཕན་བཏགས་པའི་ཞིང་ཡི
342	terminal-particle	43		ཁྱད་པར་དགེ་འདུན་གྱི་རྫས་གང་ཟག་གིས་མ་བྱིན་པར་ལེན་པ་ནི། ཆེས་ལྕི་སྟེ་གལ་ཏེ་ཞལ་དུ་འད
343	terminal-particle	30		མི་བཟད་པ་ནི་མེ་སྟག་ལས་མེ་ཆེན་མཆེད་པ་ལྟ་བུ་སྟེ་རྒྱུའི་དུས་ན་ཆུང་ཡང་རྣམ་སྨིན་གྱི་ད
344	ordinal-open	12		གཉིས་པ་མྱུར་དུ་འཆི་བར་དོགས་པས་སུན་འབྱིན་པ་ནི།
345	verse-stanza	25		བདག་ནི་སྡིག་པ་མ་བྱང་བའི།།↵སྔོན་དུ་འགུམ་པར་འགྱུར་དུ་མཆི།།↵ཇི་ལྟར་འདི་ལས་ངེས་ཐར་བར
346	verse-stanza	25		ཡིད་བརྟན་མི་རུང་འཆི་བདག་འདི།།↵བྱས་དང་མ་བྱས་མི་སྡོད་པས།།↵ན་དང་མི་ན་ཀུན་གྱི་ཡང༌།།↵
347	terminal-particle	16		ཞེས་གསུངས་ཏེ། འཆི་བའི་དུས་མ་ངེས་པས་སྡིག་པ་མ་བྱང་བར་ཤི་དོགས་པའོ།།
348	ordinal-open	11		གསུམ་པ་དོན་མེད་པར་བརྟགས་པས་སུན་འབྱིན་པ་ནི།
349	verse-stanza	25		ཐམས་ཅད་བོར་ཏེ་ཆས་དགོས་པ།།↵བདག་གིས་དེ་ལྟར་མ་ཤེས་ནས།།↵མཛའ་དང་མི་མཛའི་དོན་གྱི་ཕྱིར།
350	verse-stanza	25		མི་མཛའ་རྣམས་ཀྱང་མེད་འགྱུར་ཞིང༌།།↵མཛའ་བ་རྣམས་ཀྱང་མེད་པར་འགྱུར།།↵བདག་ཀྱང་མེད་པར་འག
351	verse-stanza	25		རྨི་ལམ་ཉམས་སུ་མྱོང་བ་བཞིན།།↵དངོས་པོ་གང་དང་གང་སྤྱད་པ།།↵དེ་དེ་དྲན་པའི་ཡུལ་དུ་འགྱུར
352	verse-stanza	25		རེ་ཞིག་གསོན་ཚེ་འདི་ཉིད་ལའང༌།།↵མཛའ་དང་མི་མཛའ་དུ་མ་འདས།།↵དེ་དག་དོན་དུ་བྱས་པའི་སྡིག
353	verse-stanza	25		དེ་ལྟར་བདག་ནི་གློ་བུར་ཞེས།།↵བདག་གིས་རྟོགས་པར་མ་གྱུར་བས།།↵གཏི་མུག་ཆགས་དང་ཞེ་སྡང་ག
354	terminal-particle	33		ཞེས་གསུངས་ཏེ། ཅིའི་ཆེད་དུ་བྱས་ཤེ་ན། ཐམས་ཅད་བོར་ནས་རང་གཅིག་པུར་འགྲོ་དགོས་པ་མ་ཤེས་
355	terminal-particle	33		སུའི་ཆེད་དུ་བྱས་པ་དེས་མྱོང་ངོ་ཞེ་ན། དེ་དག་ཐམས་ཅད་མེད་པར་གྱུར་ཀྱང་རྣམ་སྨིན་ནི་རང་
356	ordinal-open	52		བཞི་པ་རྣམ་སྨིན་ལ་འཇིགས་པས་སུན་དབྱུང་བ་ལ་བདུན། མྱུར་དུ་འཆི་ངེས་པ། འཆི་ཀའི་གནད་གཅོ
357	ordinal-open	3		དང་པོ་ནི།
358	verse-stanza	25		ཉིན་མཚན་སྡོད་པ་ཡོང་མེད་པར།།↵ཚེ་འདི་རྟག་ཏུ་གོད་འགྱུར་ཞིང༌།།↵སྣོན་པ་གུད་ནས་ཡོང་མེད
359	line-end	2		ཞེས་གསུངས།
360	ordinal-open	7		གཉིས་པ་འཆི་ཀའི་གནད་གཅོད་ནི།
361	verse-stanza	25		བདག་ནི་མལ་ན་འདུག་བཞིན་དུ།།↵གཉེན་བཤེས་ཀུན་གྱིས་མཐའ་བསྐོར་ཡང༌།།↵སྲོག་འཆད་པ་ཡི་ཚོར་
362	line-end	2		ཞེས་གསུངས།
363	ordinal-open	14		གསུམ་པ་དེའི་ཚེ་དགེ་བ་མ་སྒྲུབས་པས་འགྱོད་པར་འགྱུར་བ་ནི།
364	verse-stanza	25		གཤིན་རྗེའི་ཕོ་ཉས་ཟིན་པ་ལ།།↵གཉེན་གྱིས་ཅི་ཕན་བཤེས་ཅི་ཕན།།↵དེ་ཚེ་བསོད་ནམས་གཅིག་སྐྱོ
365	line-end	2		ཞེས་གསུངས།
366	ordinal-open	11		བཞི་པ་སྡིག་པ་སྤྱད་པས་འགྱོད་པར་འགྱུར་བ་ནི།
367	verse-stanza	25		མགོན་པོ་བག་མེད་བདག་གིས་ནི།།↵འཇིགས་པ་འདི་འདྲ་མ་འཚལ་ནས།།↵མི་རྟག་ཚེ་འདིའི་ཆེད་དག་ཏུ
368	line-end	2		ཞེས་གསུངས།
369	ordinal-open	10		ལྔ་པ་འཆི་བ་ལ་སྐྲག་པར་རིགས་པ་ནི།
370	verse-stanza	25		སྐྱེ་བོ་ཡན་ལག་གཅོད་པའི་སར།།↵དེ་རིང་ཁྲིད་པའང་བྲེད་གྱུར་ཏེ།།↵ཁ་སྐམ་མིག་རྩ་ངན་ལ་སོག
371	verse-stanza	25		གཤིན་རྗེའི་ཕོ་ཉ་འཇིགས་འཇིགས་ལྟའི།།↵ཤ་ཚུགས་ཅན་གྱིས་བཟུང་གྱུར་ཅིང༌།།↵འཇིགས་ཆེན་ནད་
372	line-end	2		ཞེས་གསུངས།
373	ordinal-open	14		དྲུག་པ་ཀུན་ཏུ་སྐྱབས་ཚོལ་བ་ནི། སུ་ཞིག་འཇིགས་ཆེན་འདི་ལས་བདག།
374	verse-stanza	19		ལེགས་པར་སྐྱོབ་པར་བྱེད་འགྱུར་ཞེས།།↵བྲེད་ཤ་འཐོན་པའི་མིག་བགྲད་ནས།།↵ཕྱོགས་བཞིར་སྐྱབས
375	line-end	2		ཅེས་གསུངས།
376	ordinal-open	10		བདུན་པ་སྐྱབས་མ་རྙེད་ནས་སྡུག་བསྔལ་བ་ནི།
377	verse-stanza	25		ཕྱོགས་བཞིར་སྐྱབས་མེད་མཐོང་ནས་ནི།།↵དེ་ནས་ཀུན་ཏུ་ཡི་མུག་འགྱུར།།↵གནས་དེར་སྐྱབས་ཡོད་
378	line-end	2		ཞེས་གསུངས།
379	ordinal-open	6		གཉིས་པ་རྟེན་གྱི་སྟོབས་ནི།
380	verse-stanza	25		དེ་བས་རྒྱལ་བ་འགྲོ་བའི་མགོན།།↵འགྲོ་བ་སྐྱོབ་པའི་དོན་བརྩོན་པ།།↵སྟོབས་ཆེན་འཇིགས་པ་ཀུ
381	verse-stanza	25		དེ་ཡི་ཐུགས་སུ་ཆུད་པའི་ཆོས།།↵འཁོར་བའི་འཇིགས་པ་སེལ་བ་དང༌།།↵བྱང་ཆུབ་སེམས་དཔའི་ཚོགས་
382	verse-stanza	25		བདག་ནི་འཇིགས་པས་རྣམ་སྐྲག་ནས།།↵ཀུན་ཏུ་བཟང་ལ་བདག་ཉིད་འབུལ།།↵འཇམ་པའི་དབྱངས་ལའང་བདག་
383	verse-stanza	25		ཐུགས་རྗེས་སྤྱོད་པ་མ་འཁྲུལ་བ།།↵སྤྱན་རས་གཟིགས་མགོན་དེ་ལ་ཡང༌།།↵ཉམ་ཐག་ང་རོས་འོ་དོད་འ
384	verse-stanza	25		འཕགས་པ་ནམ་མཁའི་སྙིང་པོ་དང༌།།↵ས་ཡི་སྙིང་པོ་དག་དང་ནི།།↵ཐུགས་རྗེ་ཆེ་མགོན་ཐམས་ཅད་ལ།།
385	verse-stanza	25		གང་ཞིག་མཐོང་ནས་གཤིན་རྗེ་ཡི།།↵ཕོ་ཉ་ལ་སོགས་སྡང་བ་རྣམས།།↵སྐྲག་ནས་ཕྱོགས་བཞིར་འབྱེར་བ
386	verse-stanza	25		སྔོན་ཆད་ཁྱེད་ཀྱི་བཀའ་ལས་འདས།།↵ད་ནི་འཇིགས་པ་ཆེར་མཐོང་ནས།།↵ཁྱེད་ལ་སྐྱབས་སུ་མཆི་ལགས
387	terminal-particle	235		ཞེས་གསུངས་ཏེ། དེ་ལྟ་བུ་འབྱུང་བར་ངེས་པ་སྐྱེས་པས་འཇིགས་ཤིང་སྐྲག་པ་དང༌། སྐྱབས་གཞན་མ
388	terminal-particle	65		བདག་ཉིད་འབུལ་ཞེས་དང་བདག་ཉིད་ཀྱིས་ཞེས་པ་ནི་གཞན་གྱིས་བྱེད་དུ་བཅུག་པ་སོགས་མ་ཡིན་པར་
389	terminal-particle	48		གོང་དུ་བྱང་ཆུབ་སྙིང་པོར་སོགས་ཀྱིས་སྐྱབས་སུ་སོང་བ་ནི་ལམ་ཐམས་ཅད་ཀྱི་གཞིའི་སྐྱབས་འག
390	ordinal-open	53		གསུམ་པ་གཉེན་པོ་ལ་འབད་པ་ལ་ལྔ། ཅིའི་ཕྱིར་བཀའ་ལས་མི་འདའ་ཞེས་པའི་ལན། ཉོན་མོངས་པའི་ནད
391	ordinal-open	3		དང་པོ་ནི།
392	verse-stanza	25		ཐ་མལ་ནད་ཀྱིས་འཇིགས་ན་ཡང༌།།↵སྨན་པའི་ངག་བཞིན་བྱ་དགོས་ན།།↵འདོད་ཆགས་ལ་སོགས་ཉེས་བརྒྱ་
393	line-end	2		ཞེས་གསུངས།
394	ordinal-open	14		གཉིས་པ་ཉོན་མོངས་པའི་ནད་ནི་ཤིན་ཏུ་འཇིགས་པར་སྟོན་པ་ནི།
395	verse-stanza	25		དེ་གཅིག་གིས་ཀྱང་འཛམ་གླིང་ན།།↵གནས་པའི་མི་ཀུན་རླག་བྱེད་ལ།།↵དེ་དག་གསོ་བའི་སྨན་གཞན་ན
396	line-end	2		ཞེས་གསུངས།
397	ordinal-open	11		གསུམ་པ་སྨན་པ་སངས་རྒྱས་གཅིག་པུར་སྟོན་པ་ནི།
398	verse-stanza	25		དེ་ལ་སྨན་པ་ཐམས་ཅད་མཁྱེན།།↵ཟུག་རྔུ་ཐམས་ཅད་འབྱིན་པ་ཡི།།↵བཀའ་ལྟར་མི་བྱེད་སེམས་པ་ནི།
399	line-end	2		ཞེས་གསུངས།
400	ordinal-open	10		བཞི་པ་གཡང་སའི་དཔེས་བཟློས་ཏེ་བསྟན་པ་ནི།
401	verse-stanza	25		གཡང་ས་ཐ་མལ་ཆུང་ངུ་ལའང༌།།↵བག་ཡོད་གནས་པར་བྱ་དགོས་ན།།↵དཔག་ཚད་སྟོང་དུ་ལྟུང་བ་ཡི།།↵ཡུ
402	line-end	2		ཞེས་གསུངས།
403	ordinal-open	17		ལྔ་པ་སྡིག་པ་སྦྱོང་བ་ལས་རིངས་པའི་བྱ་བ་གཞན་མེད་པར་སྟོན་པ་ནི།
404	verse-stanza	25		དེ་རིང་ཁོ་ན་མི་འཆི་ཞེས།།↵བདེ་བར་འདུག་པ་རིགས་མ་ཡིན།།↵བདག་ནི་མེད་པར་འགྱུར་བའི་དུས།
405	verse-stanza	19		བདག་ལ་མི་འཇིགས་སུ་ཡིས་བྱིན།།↵འདི་ལས་ཇི་ལྟར་ངེས་ཐར་འགྱུར།།↵གདོན་མི་ཟ་བར་མེད་འགྱུར
406	line-end	8		ཅི་ཕྱིར་བདག་ཡིད་བདེ་བར་འདུག། ཅེས་གསུངས།
407	ordinal-open	23		བཞི་པ་སོར་ཆུད་པར་བྱ་བ་ལ་གསུམ། འགྱོད་པའི་རྒྱུ་མཚན་བསམ་པ། མཐོལ་ཞིང་བཤགས་པ། སླན་ཆད་
408	ordinal-open	3		དང་པོ་ནི།
409	verse-stanza	25		སྔོན་ཆད་མྱོང་སྟེ་ཞིག་པ་ལས།།↵བདག་ལ་ལྷག་པ་ཅི་ཡོད་ན།།↵བདག་ནི་དེ་ལ་མངོན་ཞེན་ནས།།↵བླ་
410	verse-stanza	25		གསོན་ཚེ་འདི་དང་དེ་བཞིན་དུ།།↵གཉེན་དང་བཤེས་པ་རྣམ་སྤངས་ནས།།↵གཅིག་པུར་ག་ཤེད་འགྲོ་དགོ
411	verse-stanza	25		མི་དགེ་བ་ལས་སྡུག་བསྔལ་འབྱུང༌།།↵དེ་ལས་ཇི་ལྟར་ངེས་ཐར་ཞེས།།↵ཉིན་མཚན་རྟག་ཏུ་བདག་གིས་
412	line-end	2		ཞེས་གསུངས།
413	ordinal-open	7		གཉིས་པ་མཐོལ་ཞིང་བཤགས་པ་ནི།
414	verse-stanza	25		བདག་ནི་མི་ཤེས་གཏི་མུག་པས།།↵རང་བཞིན་ཁ་ན་མ་ཐོ་འམ།།↵བཅས་པའི་སྡིག་པ་གང་ཡིན་ལས།།↵གང་ཡ
415	verse-stanza	25		མགོན་པོའི་སྤྱན་སྔར་མངོན་སུམ་དུ།།↵ཐལ་སྦྱར་སྡུག་བསྔལ་འཇིགས་སེམས་ཀྱིས།།↵ཡང་དང་ཡང་དུ
416	verse-stanza	13		འདྲེན་པ་རྣམས་ཀྱིས་བདག་གི་སྡིག།↵ནོངས་པ་ལགས་པར་བཟུང་དུ་གསོལ།།
417	line-end	2		ཞེས་གསུངས།
418	ordinal-open	10		གསུམ་པ་སླན་ཆད་སྡོམ་པར་དམ་བཅས་པ་ནི།
419	verse-stanza	13		འདི་ནི་བཟང་པོ་མ་ལགས་པས།།↵སླན་ཆད་བདག་ནི་ཡོང་མི་བགྱིད།།
420	terminal-particle	26		ཅེས་གསུངས། བྱང་ཆུབ་སེམས་དཔའི་སྤྱོད་པ་ལ་འཇུག་པ་ལས། སྡིག་པ་བཤགས་པ་གཙོ་བོར་སྟོན་པའི
421	terminal-particle	13		ལེའུའི་འབྲེལ་ནི། བཤགས་པའི་འོག་ཏུ་ཡི་རང་སོགས་འབྱུང་བར་འབྲེལ་ལོ།།
422	ordinal-open	69		བཞི་པ་རྗེས་སུ་ཡི་རང་བ་ལ་དྲུག། རྒྱུ་བསོད་ནམས་ཆ་མཐུན་ལ་ཡི་རང་བ། དེའི་འབྲས་བུ་མངོན་
423	ordinal-open	16		དང་པོ་ནི། སེམས་ཅན་ཀུན་གྱི་ངན་སོང་གི། སྡུག་བསྔལ་ངལ་བསོའི་དགེ་བ་དང༌།། ཞེས་གསུངས།
424	ordinal-open	14		གཉིས་པ་དེའི་འབྲས་བུ་མངོན་མཐོའི་བདེ་བ་ལ་ཡི་རང་བ་ནི།
425	verse-stanza	13		སྡུག་བསྔལ་ཅན་དག་བདེར་གནས་ལ།།↵དགའ་བས་རྗེས་སུ་ཡི་རང་ངོ༌།།
426	line-end	2		ཞེས་གསུངས།
427	ordinal-open	14		གསུམ་པ་ཐར་པ་ཆ་མཐུན་གྱི་དགེ་བ་ལ་ཡི་རང་བ་ནི།
428	verse-stanza	13		བྱང་ཆུབ་རྒྱུར་གྱུར་དགེ་བསགས་པ།།↵དེ་ལ་རྗེས་སུ་ཡི་རང་ངོ༌།།
429	line-end	2		ཞེས་གསུངས།
430	ordinal-open	12		བཞི་པ་ཉན་རང་གི་བྱང་ཆུབ་ལ་ཡི་རང་བ་ནི།
431	verse-stanza	13		ལུས་ཅན་འཁོར་བའི་སྡུག་བསྔལ་ལས།།↵ངེས་པར་ཐར་ལ་ཡི་རང་ངོ༌།།
432	line-end	2		ཞེས་གསུངས།
433	ordinal-open	17		ལྔ་པ་ཐེག་ཆེན་གྱི་འབྲས་བུ་སངས་རྒྱས་དང་ས་བཅུ་ལ་ཡི་རང་བ་ནི།
434	verse-stanza	13		སྐྱོབ་པ་རྣམས་ཀྱི་བྱང་ཆུབ་དང༌།།↵རྒྱལ་སྲས་ས་ལའང་ཡི་རང་ངོ༌།།
435	line-end	2		ཞེས་གསུངས།
436	ordinal-open	15		དྲུག་པ་རྒྱུ་ཐེག་ཆེན་གྱི་ལམ་སྒྲུབ་པ་རྣམས་ལ་ཡི་རང་བ་ནི།
437	verse-stanza	25		སེམས་ཅན་ཐམས་ཅད་བདེ་མཛད་པའི།།↵ཐུགས་བསྐྱེད་དགེ་བ་རྒྱ་མཚོ་དང༌།།↵སེམས་ཅན་ཕན་པར་མཛད་པ
438	quote-close	3		ཞེས་གསུངས་སོ།།
439	ordinal-open	9		ལྔ་པ་ཆོས་འཁོར་བསྐོར་བར་བསྐུལ་བ་ནི།
440	verse-stanza	25		ཕྱོགས་རྣམས་ཀུན་གྱི་སངས་རྒྱས་ལ།།↵ཐལ་མོ་སྦྱར་ཏེ་གསོལ་བ་ནི།།↵སེམས་ཅན་སྡུག་བསྔལ་མུན་
441	line-end	86		ཞེས་གསུངས་ཏེ། ཕྱོགས་བཅུའི་སངས་རྒྱས་གང་ད་ལྟར་མངོན་པར་རྫོགས་པར་སངས་རྒྱས་ནས། སུ་ལ་བ
442	verse-stanza	25		གཞན་གྱིས་གསོལ་བ་བཏབ་ལ་ང་མི་ལྟོས།།↵སྐྱེ་བོ་འདི་ཀུན་ཚངས་ལ་དད་པ་སྟེ།།↵དེ་ཡིས་གསོལ་བ
443	terminal-particle	118		ཞེས་བསྟན་པ་ལྟར། སངས་རྒྱས་ཁ་ཅིག་དེ་བས་ཡུན་ཐུང་བ་དང༌། ཁ་ཅིག་ལོ་མང་པོ་དང་སྐུ་ཚེ་རིང
444	line-end	2		ཞེས་གསུངས།
445	ordinal-open	13		དྲུག་པ་མྱ་ངན་ལས་མི་འདའ་བར་གསོལ་བ་འདེབས་པ་ནི།
446	verse-stanza	25		རྒྱལ་བ་མྱ་ངན་འདའ་བཞེད་ལ།།↵ཐལ་མོ་སྦྱར་ཏེ་གསོལ་བ་ནི།།↵འགྲོ་འདི་ལྡོངས་པར་མི་འགོད་ཅི
447	terminal-particle	153		ཞེས་གསུངས་ཏེ། ཆོས་ཀྱི་སྐུ་མྱ་ངན་ལས་འདའ་བ་མེད་ཀྱང་མཆོག་གི་སྤྲུལ་སྐུ་ནི་གདུལ་བྱ་ལ་
448	line-end	96		ཞེས་ལན་གསུམ་གསུངས་ཀྱང༌། ཀུན་དགའ་བོ་བདུད་ཀྱིས་ཐེབས་པས་ཅི་ཡང་མ་གསོལ་བ་ན་ཉིན་མོར་སྤ
449	ordinal-open	19		བདུན་པ་བསྔོ་བ་ལ་གསུམ། བསྔོ་བ་དངོས། ལུས་སོགས་སེམས་ཅན་ལ་བཏང་བ། སྨོན་ལམ་རྒྱ་ཆེར་གདབ
450	ordinal-open	29		དང་པོ་ལ་བཞི། གཞན་དོན་དུ་སྤྱིར་བསྔོ་བ། ནད་སེལ་བའི་ཆེད་དུ་བསྔོ་བ། བཀྲེས་པ་སེལ་བའི་
451	ordinal-open	3		དང་པོ་ནི།
452	verse-stanza	19		དེ་ལྟར་འདི་དག་ཀུན་བྱས་ཏེ།།↵དགེ་བ་བདག་གིས་གང་བསགས་པ།།↵དེས་ནི་སེམས་ཅན་ཐམས་ཅད་ཀྱི།།
453	line-end	8		སྡུག་བསྔལ་ཐམས་ཅད་སེལ་བར་ཤོག། ཅེས་གསུངས།
454	ordinal-open	10		གཉིས་པ་ནད་སེལ་བའི་ཆེད་དུ་བསྔོ་བ་ནི།
455	verse-stanza	19		འགྲོ་བ་ནད་པ་ཇི་སྲིད་དུ།།↵ནད་སོས་གྱུར་གྱི་བར་དུ་ནི།།↵སྨན་དང་སྨན་པ་ཉིད་དག་དང༌།།
456	line-end	8		དེ་ཡི་ནད་གཡོག་བྱེད་པར་ཤོག། ཅེས་གསུངས།
457	ordinal-open	11		གསུམ་པ་བཀྲེས་པ་སེལ་བའི་ཆེད་དུ་བསྔོ་བ་ནི།
458	verse-stanza	25		ཟས་དང་སྐོམ་གྱི་ཆར་ཕབ་སྟེ།།↵བཀྲེས་དང་སྐོམ་པའི་གནོད་པ་བསལ།།↵མུ་གེའི་བསྐལ་པ་བར་མའི་
459	line-end	2		ཞེས་གསུངས།
460	ordinal-open	11		བཞི་པ་ཕོངས་པ་སེལ་བའི་ཆེད་དུ་བསྔོ་བ་ནི།
461	verse-stanza	19		སེམས་ཅན་ཕོངས་ཤིང་དབུལ་བ་ལ།།↵བདག་ནི་མི་ཟད་གཏེར་གྱུར་ཏེ།།↵ཡོ་བྱད་མཁོ་རྒུ་སྣ་ཚོགས་ས
462	line-end	26		མདུན་ན་ཉེ་བར་གནས་གྱུར་ཅིག། ཅེས་གསུངས་ཏེ། དེ་དག་གི་དོན་ནི། ནད་དང་མུ་གེ་ནི་མ་འོངས་
463	verse-stanza	25		དེ་ནས་ལས་ཀྱི་ལམ་ལྷག་པས།།↵ཚེ་ཐུང་ལོ་ནི་བཅུ་པར་འགྱུར།།↵བསྐལ་པ་མཚོན་དང་ནད་དང་ནི།།↵མ
464	verse-stanza	13		ཞག་རྣམས་དང་ནི་ཟླ་བ་དང༌།།↵ལོ་བདུན་དག་སྟེ་གོ་རིམ་བཞིན།།
465	terminal-particle	23		ཞེས་མི་རྣམས་ཚེ་ལོ་བཅུ་པའི་དུས་དེར་ཐོག་མར་མཚོན་གྱི་བསྐལ་པ་ཞག་བདུན་གྱིས་དམྱལ་ཐག་པར
466	terminal-particle	19		དེའི་ལྷག་མ་རྣམས་ནད་ཀྱི་བསྐལ་པ་ཞག་བདུན་དང་ཟླ་བ་བདུན་གྱིས་དམྱལ་ཐག་གཅོད་དོ།།
467	terminal-particle	33		དེའི་ལྷག་མར་ལུས་པ་རྣམས་མུ་གེའི་བསྐལ་པ་ཞག་བདུན་ཟླ་བ་བདུན་ལོ་བདུན་གྱིས་ལྷག་མ་ཙམ་དུ
468	terminal-particle	46		དེས་ན་སྤྱིར་སེམས་ཅན་གྱི་ནད་སོགས་སྡུག་བསྔལ་ཐམས་ཅད་དང་ཁྱད་པར་ནད་མཚོན་མུ་གེའི་བསྐལ་
469	terminal-particle	17		འགྲོ་བ་ནད་པ་སོགས་ནི་ནད་ཀྱི་བསྐལ་པ་ལས་སྐྱབས་པའི་དོན་དུ་བསྔོ་བའོ།།
470	terminal-particle	13		ཟས་དང་སོགས་ནི་མུ་གེའི་བསྐལ་པ་ལས་སྐྱབས་པར་བསྔོ་བའོ།།
471	terminal-particle	25		སེམས་ཅན་ཕོངས་ཤིང་སོགས་ནི་མི་རྣམས་ཕོངས་པ་ལས་སྡིག་པ་ལ་འཇུག་པར་གཟིགས་ནས་དེའི་ཆེད་དུ
472	ordinal-open	10		གཉིས་པ་ལུས་སོགས་སེམས་ཅན་ལ་བཏང་བ་ནི།
473	verse-stanza	25		ལུས་དང་དེ་བཞིན་ལོངས་སྤྱོད་དང༌།།↵དུས་གསུམ་དགེ་བ་ཐམས་ཅད་ཀྱང༌།།↵སེམས་ཅན་ཀུན་གྱི་དོན
474	line-end	21		ཞེས་པས་ལུས་ལོངས་སྤྱོད་དགེ་བར་བཅས་པ་སེམས་ཅན་ལ་བྱང་ཆུབ་ཀྱི་རྒྱུར་གཏོང་བར་དམ་འཆའ་བའ
475	verse-stanza	19		ཐམས་ཅད་བཏང་བས་མྱ་ངན་འདའ།།↵བདག་བློ་མྱ་ངན་འདས་པ་སྒྲུབ།།↵ཐམས་ཅད་གཏོང་བར་ཆབས་གཅིག་ལ།
476	line-end	65		སེམས་ཅན་རྣམས་ལ་བཏང་བ་མཆོག། ཞེས་པས་དེའི་འཐད་པ་སྟོན་ཏེ་དེ་རྣམས་མ་བཏང་ན་བྱང་ཆུབ་མི་
477	verse-stanza	24		བདག་གིས་ལུས་ཅན་ཐམས་ཅད་ལ།།↵ལུས་འདི་ཅི་བདེར་བྱིན་ཟིན་གྱིས།།↵རྟག་ཏུ་གསོད་དང་སྨོད་པའ
478	verse-stanza	25		བདག་གི་ལུས་ལ་རྩེ་བྱེད་དམ།།↵ཅོ་འདྲི་ག་ཞའི་རྒྱུ་བྱེད་ཀྱང༌།།↵བདག་གི་ལུས་འདི་བྱིན་ཟི
479	terminal-particle	61		ཞེས་པའི་ཚིགས་བཅད་གཉིས་ཀྱིས་བྱིན་པ་གོ་བར་བྱས་ཏེ། ད་ནི་ལུས་ལོངས་སྤྱོད་ལ་བདག་གིར་བཟ
480	terminal-particle	51		རང་དོན་དུ་ཅུང་ཟད་མི་སྲུང་ངམ་ཞེ་ན། ཐམས་ཅད་གཏོང་བར་སོགས་ཏེ། བྱང་ཆུབ་སེམས་དཔའི་སོ་ས
481	terminal-particle	17		སོགས་དང༌། སྲེད་མེད་ཀྱི་བུའི་མདོར། གཏོང་བའི་བློ་མི་འཇུག་པའི་དངོས་པོ་སྲེལ་བར་མི་བྱ
482	terminal-particle	22		སོགས་དང༌། བློ་གྲོས་མི་ཟད་པའི་མདོའི་འབྱུང་བཞིས་སེམས་ཅན་ལ་སྒོ་སྣ་ཚོགས་ནས་ཕན་འདོགས་
483	ordinal-open	9		གསུམ་པ་སྨོན་ལམ་རྒྱ་ཆེར་གདབ་པ་ནི།
484	verse-stanza	24		བདག་ལ་དམིགས་ནས་ནམ་དུ་ཡང༌།།↵འགའ་ཡང་དོན་མེད་མ་གྱུར་ཅིག།↵བདག་ལ་དམིགས་ནས་གང་དག་གིས།།
485	line-end	45		དེ་ཉིད་རྟག་ཏུ་དེ་དག་གི། དོན་ཆེན་འགྲུབ་པའི་རྒྱུར་གྱུར་ཅིག། 170,171 ཅེས་པའི་ཚིག་རྐ
486	verse-stanza	24		གང་དག་བདག་ལ་ཁ་ཟེར་རམ།།↵གཞན་དག་གནོད་པ་བྱེད་པའམ།།↵དེ་བཞིན་ཕྱར་ཀ་གཏོང་ཡང་རུང༌།།↵ཐམས
487	line-end	15		ཞེས་གསུངས་པའི་ཚིགས་བཅད་གཅིག་གིས་གནོད་ལན་ཕན་བདེར་འབྲེལ་བར་སྨོན་པའོ།།
488	verse-stanza	25		བདག་ནི་མགོན་མེད་རྣམས་ཀྱི་མགོན།།↵ལམ་ཞུགས་རྣམས་ཀྱི་དེད་དཔོན་དང༌།།↵བརྒལ་འདོད་རྣམས་ཀ
489	verse-stanza	25		གླིང་དོན་གཉེར་ལ་གླིང་དང་ནི།།↵མར་མེ་འདོད་ལ་མར་མེ་དང༌།།↵གནས་མལ་འདོད་ལ་གནས་མལ་དང༌།།
490	terminal-particle	44		ཀུན་གྱི་བྲན་དུ་འགྱུར་བར་ཤོག། ཅེས་གསུངས་པའི་ཚིགས་བཅད་གཉིས་ཀྱིས་སེམས་ཅན་ལ་ཇི་ལྟར་མ
491	line-end	40		དེ་ལ་གནས་མལ་ནི་ཞག་མལ་གྱི་བསྟི་གནས་ཏེ་མཚན་མོའི་ལྷ་མོ་རྣམས་ཀྱི་རྣམ་ཐར་ལས་མུན་པར་སྣ
492	verse-stanza	25		ཡིད་བཞིན་ནོར་དང་བུམ་པ་བཟང༌།།↵རིག་སྔགས་གྲུབ་དང་སྨན་ཆེན་དང༌།།↵དཔག་བསམ་གྱི་ནི་ཤིང་ད
493	verse-stanza	19		ས་སོགས་འབྱུང་བ་ཆེན་པོ་དང༌།།↵ནམ་མཁའ་བཞིན་དུ་རྟག་པར་ཡང༌།།↵སེམས་ཅན་དཔག་ཏུ་མེད་པ་ཡི།
494	terminal-particle	46		རྣམ་མང་ཉེར་འཚོའི་གཞིར་ཡང་ཤོག། ཅེས་གསུངས་པའི་ཚིགས་བཅད་གཉིས་ཀྱིས་འབད་རྩོལ་དང་རྟོག་
495	terminal-particle	44		བུམ་པ་བཟང་པོ་ནི་སྔགས་ཀྱིས་བསྒྲུབས་ནས་གྲུབ་པ་ན་དེ་ནས་གང་འདོད་པ་འབྱུང་བ་སྟེ། དགེ་ས
496	terminal-particle	32		རིག་སྔགས་མ་གྲུབ་པ་རྣམས་ལ་མྱུར་དུ་འགྲུབ་པའི་མཐུ་སྩོལ་བའམ། ཡང་ན་རལ་གྲི་དང་མིག་སྨན་
497	terminal-particle	30		སྨན་ཆེན་པོ་ནི་ལྷ་དང་ལྷ་མ་ཡིན་ལ་སོགས་པའི་བཅུད་ལེན་གྱི་བདུད་རྩི་ཚེ་བསྐལ་པར་འཚོ་བ་ད
498	terminal-particle	19		དཔག་བསམ་གྱི་ཤིང་ནི་འདོད་དགུ་སྟེར་བའི་ཤིང་སྟེ་དེ་ལས་གང་འདོད་བླང་དུ་འབྱུང་བའོ།།
499	terminal-particle	26		འདོད་འཇོར་གྱུར་བ་ནི་འདོད་རྒུ་འཇོ་བའི་བ་ལྟ་བུའི་དོན་ཏེ་ཇི་ལྟར་འདོད་པའི་དོན་གྱི་འབ
500	terminal-particle	14		ས་སོགས་ནི་འབད་རྩོལ་དང་རྣམ་རྟོག་མེད་པར་དོན་བྱེད་པའི་དཔེའོ།།
501	line-end	31		འདི་རྣམས་ནི་རྡོ་རྗེ་རྒྱལ་མཚན་གྱི་བསྔོ་བ་རྣམ་པ་བཅུ་ལ་སོགས་པ་རྒྱལ་སྲས་ཆེན་པོ་རྣམས་
502	verse-stanza	19		དེེ་བཞིན་ནམ་མཁའི་མཐས་གཏུགས་པའི།།↵སེམས་ཅན་ཀུན་ལ་རྣམ་ཀུན་ཏུ།།↵ཐམས་ཅད་མྱ་ངན་འདས་བར་
503	terminal-particle	36		བདག་ནི་ཉེར་འཚོའི་གཞིར་ཡང་ཤོག། ཅེས་གསུངས་པའི་ཚིགས་བཅད་གཅིག་གིས་དེ་ལྟར་སེམས་ཅན་གཅི
504	terminal-particle	30		དེ་ལྟར་ལུས་ལོངས་སྤྱོད་བཏང་བ་སོགས་བསྔོ་བའི་འཕྲོས་དོན་དུ་བྱས་པ་ནི་བོད་འགྲེལ་དག་གི་
505	ordinal-open	5		གཉིས་པ་དངོས་གཞི་ནི།
506	verse-stanza	25		ཇི་ལྟར་སྔོན་གྱི་བདེ་གཤེགས་ཀྱིས།།↵བྱང་ཆུབ་ཐུགས་ནི་བསྐྱེད་པ་དང༌།།↵བྱང་ཆུབ་སེམས་དཔའ
507	verse-stanza	25		དེ་བཞིན་འགྲོ་ལ་ཕན་དོན་དུ།།↵བྱང་ཆུབ་སེམས་ནི་སྐྱེད་བགྱི་ཞིང༌།།↵དེ་བཞིན་དུ་ནི་བསླབ་
508	terminal-particle	30		ཞེས་གསུངས་ཏེ། འདིར་དངོས་སུ་སེམས་སྐྱེད་དང་སྡོམ་པ་ལྷན་ཅིག་ཏུ་བཟུང་བ་ཡིན་ལ། སོ་སོར་
509	terminal-particle	21		འདི་ནི་སློབ་དཔོན་ནམ་རྟེན་ནམ་དཀོན་མཆོག་གི་སྤྱན་སྔར་ལན་གསུམ་དུ་བླངས་པས་སྐྱེ་བར་འགྱ
510	ordinal-open	13		གསུམ་པ་རྗེས་ལ་གཉིས། བདག་ཉིད་དབུགས་དབྱུང་བ་དང༌། གཞན་གཟེངས་བསྟོད་པའོ།།
511	ordinal-open	15		དང་པོ་ལ་གཉིས། རང་དོན་གྲུབ་པས་དང༌། གཞན་དོན་གྲུབ་པས་དགའ་བ་སྐྱེད་པའོ།།
512	ordinal-open	32		དང་པོ་ལ་བཞི། མཚམས་སྦྱར་བ། རང་གི་དོན་གྲུབ་པར་ཆེད་དུ་བརྗོད་པ། རིགས་སུན་མི་འབྱིན་པར
513	ordinal-open	3		དང་པོ་ནི།
514	verse-stanza	25		དེ་ལྟར་བློ་དང་ལྡན་པ་ཡིས།།↵རབ་དང་བྱང་ཆུབ་སེམས་བཟུང་ནས།།↵མཇུག་ཀྱང་རྒྱས་པར་བྱ་བའི་ཕ
515	terminal-particle	35		ཞེས་གསུངས་ཏེ། དེ་ཡང་དབུགས་དབྱུང་བ་དང་གཟེངས་བསྟོད་པའི་རྒྱུ་མཚན་ནི་བྱང་ཆུབ་ཀྱི་སེམ
516	ordinal-open	12		གཉིས་པ་རང་གི་དོན་གྲུབ་པར་ཆེད་དུ་བརྗོད་པ་ནི།
517	verse-stanza	25		དེང་དུས་བདག་ཚེ་འབྲས་བུ་ཡོད།།↵མི་ཡི་སྲིད་པ་ལེགས་པར་ཐོབ།།↵དེ་རིང་སངས་རྒྱས་རིགས་སུ་
518	terminal-particle	29		ཞེས་གསུངས་ཏེ། སྔོན་ཐོག་མེད་དུ་འཁོར་ཡང་བྱང་ཆུབ་ཀྱི་སེམས་མ་སྐྱེས་ལ་དེང་ཁོ་ན་སྐྱེས་
519	terminal-particle	25		དེ་རིང་སངས་རྒྱས་རིགས་སུ་སྐྱེས་ཏེ་བྱང་ཆུབ་ཀྱི་སེམས་སྐྱེས་པ་ཙམ་གྱིས་སངས་རྒྱས་ཀྱི་ར
520	terminal-particle	28		སངས་རྒྱས་སྲས་སུ་ད་གྱུར་ཏོ་ཞེས་དགའ་བ་དང་དོན་བཞིན་གྱི་ང་རྒྱལ་ཁྱད་པར་ཅན་ཡིད་ལ་བྱེད་
521	ordinal-open	11		གསུམ་པ་རིགས་སུན་མི་འབྱིན་པར་དམ་བཅའ་བ་ནི།
522	verse-stanza	25		ད་ནི་བདག་གིས་ཅི་ནས་ཀྱང༌།།↵རིགས་དང་མཐུན་པའི་ལས་བརྩམ་སྟེ།།↵སྐྱོན་མེད་བཙུན་པའི་རིགས
523	line-end	3		ཞེས་གསུངས་ཏེ།
524	verse-stanza	16		སྐྱོན་མེད་ནི་ཐོག་ཐ་བར་མར་དག་པའོ།།↵རྙོག་པ་སྟེ་སྡིག་པར་མི་འགྱུར་བའོ།།
525	ordinal-open	15		བཞི་པ་བྱང་ཆུབ་ཀྱི་སེམས་ཤིན་ཏུ་རྙེད་དཀའ་བའི་དཔེ་བསྟན་པ་ནི།
526	verse-stanza	25		ལོང་བས་ཕྱགས་དར་ཕུང་པོ་ལས།།↵ཇི་ལྟར་རིན་ཆེན་རྙེད་པ་ལྟར།།↵དེ་བཞིན་ཇི་ཞིག་ལྟར་སྟེས་ན
527	terminal-particle	111		ཞེས་གསུངས་ཏེ། དེ་ཡང་ནོར་བུ་རིན་པོ་ཆེ་ནི་གཅེས་སྤྲས་མང་པོས་མཛོད་བཙན་པོར་ཟ་མ་ཏོག་ཏུ
528	ordinal-open	31		གཉིས་པ་གཞན་དོན་གྲུབ་པས་དགའ་བ་སྐྱེད་པ་ལ་གསུམ། སྡུག་བསྔལ་སེལ་བར་ནུས་པ། སྒྲིབ་པ་སེལ
529	ordinal-open	21		དང་པོ་ལ་ལྔ། འཆི་བ་སེལ་བ། དབུལ་བ་སེལ་བ། ནད་སེལ་བ། དུབ་པ་སེལ་བ། ངན་སོང་གི་སྡུག་བསྔ
530	ordinal-open	3		དང་པོ་ནི།
531	verse-stanza	13		འགྲོ་བའི་འཆི་བདག་འཇོམས་བྱེད་པའི།།↵བདུད་རྩིའི་མཆོག་ཀྱང་འདི་ཡིན་ནོ།།
532	terminal-particle	20		ཞེས་གསུངས་ཏེ། དེ་ཡང་འཆི་བ་མེད་པ་ནི་སངས་རྒྱས་ཡིན་ལ་དེ་འཐོབ་པར་བྱེད་པའི་ཕྱིར་རོ།།
533	ordinal-open	7		གཉིས་པ་དབུལ་བ་སེལ་བ་ནི།
534	verse-stanza	13		འགྲོ་བའི་དབུལ་བ་སེལ་བ་ཡི།།↵མི་ཟད་གཏེར་ཡང་འདི་ཡིན་ནོ།།
535	terminal-particle	28		ཞེས་གསུངས་ཏེ། སེམས་ཅན་འཇིག་རྟེན་དང་འཇིག་རྟེན་ལས་འདས་པའི་བདེ་བས་དབུལ་བ་རྣམས་ལ་འདི
536	ordinal-open	6		གསུམ་པ་ནད་སེལ་བ་ནི།
537	verse-stanza	13		འགྲོ་བའི་ནད་རབ་ཞི་བྱེད་པའི།།↵སྨན་གྱི་མཆོག་ཀྱང་འདི་ཡིན་ནོ།།
538	line-end	30		ཞེས་གསུངས་ཏེ། ནད་ཀྱི་གཙོ་བོ་ནི་དུག་གསུམ་ཡིན་ལ་རླུང་མཁྲིས་བད་ཀན་ཡང་དེས་བསྐྱེད་པར་
539	verse-stanza	19		བཞི་པ་དུབ་པ་སེལ་བ་ནི།↵སྲིད་ལམ་འཁྱམས་ཤིང་དུབ་པ་ཡི།།↵འགྲོ་བ་ངལ་གསོའི་ལྗོན་ཤིང་ཡིན།
540	terminal-particle	20		ཞེས་གསུངས་ཏེ། འཁོར་བ་མཐའ་མེད་དུ་འཁྱམས་པས་དུབ་པ་རྣམས་ངལ་གསོ་བའི་རྟེན་ཡིན་པའི་ཕྱིར
541	ordinal-open	10		ལྔ་པ་ངན་སོང་གི་སྡུག་བསྔལ་སེལ་བ་ནི།
542	verse-stanza	13		འགྲོ་བ་ཐམས་ཅད་ངན་འགྲོ་ལས།།↵སྒྲོལ་བར་བྱེད་པའི་སྤྱི་སྟེགས་ཡིན།།
543	terminal-particle	17		ཞེས་གསུངས་ཏེ། འགྲོ་བ་ངན་འགྲོ་ལས་སྒྲོལ་བའི་ཐབས་འདི་ལས་གཞན་མེད་པའི་ཕྱིར་རོ།།
544	ordinal-open	24		གཉིས་པ་སྒྲིབ་པ་སེལ་བར་ནུས་པ་ལ་གཉིས། ཉོན་སྒྲིབ་སེལ་བའི་ཕན་ཡོན་བསྟན་པ། ཤེས་སྒྲིབ་ས
545	ordinal-open	3		དང་པོ་ནི།
546	verse-stanza	13		འགྲོ་བའི་ཉོན་མོངས་གདུང་སེལ་བའི།།↵སེམས་ཀྱི་ཟླ་བ་ཤར་བ་ཡིན།།
547	terminal-particle	26		ཞེས་གསུངས་ཏེ། དེ་ཡང་ཉོན་མོངས་པ་ནི་ཚད་པས་གདུངས་པ་ལྟར་རྒྱུད་སྲེག་པ་སྟེ། དེ་སེལ་བ་ལ
548	ordinal-open	48		གཉིས་པ་ཤེས་སྒྲིབ་སེལ་བའི་ཕན་ཡོན་བསྟན་པ་ནི། འགྲོ་བའི་མི་ཤེས་རབ་རིབ་དག། དཔྱིས་འབྱི
549	ordinal-open	24		གསུམ་པ་ཕན་བདེ་སྒྲུབ་པར་ནུས་པས་དགའ་བ་སྐྱེད་པ་ལ་གཉིས། ཕན་པ་སྒྲུབ་པ་དང༌། བདེ་བ་སྒྲུ
550	ordinal-open	3		དང་པོ་ནི།
551	verse-stanza	13		དམ་ཆོས་འོ་མ་བསྲུབས་པ་ལས།།↵མར་གྱི་ཉིང་ཁུ་ཕྱུང་བ་ཡིན།།
552	terminal-particle	36		ཞེས་གསུངས་ཏེ། ཐེག་པ་ཆེན་པོའི་ཆོས་ཀྱི་འོ་མའི་རྒྱ་མཚོ་བསྲུབས་པ་ལས་ཕྱུང་བ་མར་གྱི་ཉི
553	ordinal-open	10		གཉིས་པ་བདེ་བ་སྒྲུབ་ནུས་པར་སྟོན་པ་ནི།
554	verse-stanza	33		འགྲོ་བའི་མགྲོན་པོ་སྲིད་པའི་ལམ་རྒྱུ་ཞིང༌།།↵བདེ་བའི་ལོངས་སྤྱོད་སྤྱད་པར་འདོད་པ་ལ།།↵
555	line-end	26		ཞེས་གསུངས་ཏེ། བྱང་ཆུབ་མ་ཐོབ་ཀྱི་བར་དུ་ཡང་འདི་ཕྱིའི་རང་གཞན་གྱི་བདེ་བའི་རྒྱུ་ནི་བྱ
556	verse-stanza	41		བྱང་ཆུབ་སེམས་མེད་རྒྱལ་འབྱུང་འཇིག་རྟེན་ཡོད་མེད་ན།།↵འབྲས་བུ་བརྒྱ་བྱིན་ཚངས་པ་ཉན་ཐོས
557	verse-stanza	40		མཁས་པའི་ཤེས་ཕྱིར་འཇིག་རྟེན་བྱང་ཆུབ་སེམས་བྱུང་ན།།↵ཡེ་ཤེས་ཀྱིས་ནི་སེམས་ཅན་ཡོན་ཏན་ཆ
558	verse-stanza	41		ཆུ་ཀླུང་མེད་ན་མེ་ཏོག་འབྲས་བུ་འབྱུང་མི་འགྱུར།།↵རྒྱ་མཚོ་ལ་ཡང་རིན་ཆེན་གཟུགས་མང་མེད་
559	verse-stanza	21		ཡེ་ཤེས་མེད་ན་ཡོན་ཏན་འཕེལ་མེད་བྱང་ཆུབ་མེད།།↵རྒྱ་མཚོ་འདྲ་བའི་སངས་རྒྱས་ཆོས་ཀྱང་མེད་
560	quote-close	2		ཞེས་སོ།།
561	ordinal-open	7		གཉིས་པ་གཞན་གཟེངས་བསྟོད་པ་ནི།
562	verse-stanza	33		བདག་གིས་དེ་རིང་སྐྱོབ་པ་ཐམས་ཅད་ཀྱི།།↵སྤྱན་སྔར་འགྲོ་བ་བདེ་གཤེགས་ཉིད་དང་ནི།།↵བར་དུ་
563	terminal-particle	15		ཞེས་གསུངས་ཏེ། བདག་གིས་ནི་བོད་པ་པོ་སྦྱིན་བདག་ངེས་བཟུང་དུ་བྱས་པའོ།།
564	terminal-particle	16		དེ་རིང་ནི་དུས་ཏེ་བྱང་ཆུབ་ཀྱི་སེམས་སྐྱེད་མ་ཐག་པ་དེ་ནས་སོ།།
565	terminal-particle	48		སྐྱོབ་པ་ཐམས་ཅད་ཀྱི་སྤྱན་སྔར་ཞེས་དཔང་པོ་ངེས་བཟུང་དུ་བྱས་པ་སྟེ་འདི་ལ་ཁྱེད་རྣམས་དཔང
566	terminal-particle	42		བདེ་གཤེགས་ཉིད་དང་ནི་བར་དུ་བདེ་བ་ལ་མགྲོན་དུ་བོས་པ་ནི་སྦྱིན་བྱ་ངེས་བཟུང་དུ་ཁས་བླངས
567	terminal-particle	14		དེ་ལྟར་ན་ཁྱེད་རྣམས་དགའ་བ་དང་བཅས་པས་སྤྲོ་སྲིངས་ཤིག་པའོ།།
568	terminal-particle	44		དེ་ལྟར་ན་ཆར་པ་བབས་པ་ན་སཱ་ལུ་སྐྱེས་སོ་ཅེས་ཟེར་བ་ལྟར་རྒྱུ་འབྲས་གཞན་དུ་མི་འཁྲུལ་བའི
569	terminal-particle	25		བྱང་ཆུབ་སེམས་དཔའི་སྤྱོད་པ་ལ་འཇུག་པ་ལས། བྱང་ཆུབ་ཀྱི་སེམས་ཡོངས་སུ་བཟུང་བ་སྟེ་ལེའུ་
570	terminal-particle	48		ལེའུའི་འབྲེལ་ནི། དེ་ལྟར་བསམ་པ་ཕུན་སུམ་ཚོགས་པ་བྱང་ཆུབ་ཏུ་སེམས་བསྐྱེད་ནས། སྦྱོར་བ་
571	quote-close	2		ཞེས་སོ།།
572	ordinal-open	36		གསུམ་པ་ཐོབ་པ་མི་ཉམས་པར་སྲུང་བའི་ཚུལ་ལ་གཉིས། རྩ་བ་བག་ཡོད་པ་ལ་རག་ལས་པར་བསྟན་པ་དང༌།
573	ordinal-open	9		དང་པོ་ལ་གཉིས། མདོར་བསྟན་པ། རྒྱས་པར་བཤད་པའོ།།
574	ordinal-open	3		དང་པོ་ནི།
575	verse-stanza	13		རྒྱལ་བའི་སྲས་ཀྱིས་དེ་ལྟ་བུར།།↵བྱང་ཆུབ་སེམས་རབ་བརྟན་བཟུང་ནས།།
576	line-end	11		ཞེས་པས་བྱང་ཆུབ་ཀྱི་སེམས་ལ་བག་བྱ་བ་དང༌།
577	verse-stanza	13		གཡེལ་བ་མེད་པར་རྟག་ཏུ་ཡང༌།།↵བསླབ་ལས་མི་འདའ་འབད་པར་བྱ།།
578	terminal-particle	11		ཞེས་པས་བསླབ་པ་ལ་བག་བྱ་བ་མདོར་བསྟན་ཏོ།།
579	ordinal-open	19		གཉིས་པ་རྒྱས་བཤད་ལ་གཉིས། བྱང་ཆུབ་ཀྱི་སེམས་ལ་བག་བྱ་བ་དང༌། བསླབ་པ་ལ་བག་བྱ་བའོ།།
580	ordinal-open	15		དང་པོ་ལ་གཉིས། མི་དོར་བའི་འཐད་པ་དང༌། དོར་བའི་ཉེས་དམིགས་གསུམ་བསྟན་པའོ།།
581	ordinal-open	3		དང་པོ་ནི།
582	verse-stanza	25		བབ་ཅོལ་བརྩམས་པ་གང་ཡིན་པའམ།།↵གང་ཞིག་ལེགས་པར་མ་བརྟགས་པ།།↵དེ་ནི་དམ་བཅའ་བྱས་གྱུར་ཀྱང
583	verse-stanza	25		སངས་རྒྱས་རྣམས་དང་དེ་ཡི་སྲས།།↵ཤེས་རབ་ཆེན་པོས་གང་བརྟགས་ཤིང༌།།↵བདག་ཉིད་ཀྱིས་ཀྱང་བརྟ
584	terminal-particle	39		ཅེས་གསུངས་ཏེ། སངས་རྒྱས་དང་དེའི་སྲས་ཀྱིས་བརྟགས་པ་ནི་མདོ་སྡེ་རྣམས་ལས་ཕན་ཡོན་རྒྱ་ཆེ
585	ordinal-open	22		གཉིས་པ་དོར་བའི་ཉེས་དམིགས་གསུམ་བསྟན་པ་ནི། ངན་འགྲོར་འགྲོ་བ། གཞན་དོན་ལས་ཉམས་པ། ས་ཐོ
586	ordinal-open	33		དང་པོ་ལ་གསུམ། སེམས་ཅན་ཐམས་ཅད་བསླུས་པས་ཉེས་དམིགས་ཆེ་བར་བསྟན་པ། དེའི་འཐད་པ་བརྗོད་པ
587	ordinal-open	3		དང་པོ་ནི།
588	verse-stanza	25		གལ་ཏེ་དེ་ལྟར་དམ་བཅས་ནས།།↵ལས་ཀྱིས་སྒྲུབ་པར་མ་བྱས་ན།།↵སེམས་ཅན་དེ་དག་ཀུན་བསླུས་པས།།
589	terminal-particle	53		ཞེས་གསུངས་ཏེ། དེ་ཡང་དྲན་ཉེ་ལས། བསམས་ནས་མ་བྱིན་ན་ཡི་དྭགས་དང༌། དམ་བཅས་ནས་མ་བྱིན་ན་
590	ordinal-open	8		གཉིས་པ་དེའི་འཐད་པ་བརྗོད་པ་ནི།
591	verse-stanza	25		དངོས་པོ་ཕལ་པ་ཅུང་ཟད་ལའང༌།།↵ཡིད་ཀྱིས་སྦྱིན་པར་བསམས་བྱས་ནས།།↵མི་གང་སྦྱིན་པར་མི་བྱེ
592	verse-stanza	25		བླ་ན་མེད་པའི་བདེ་བ་ལ།།↵བསམ་པ་ཐག་པས་མགྲོན་གཉེར་ནས།།↵འགྲོ་བ་ཐམས་ཅད་བསླུས་བྱས་ན།།↵བ
593	terminal-particle	31		ཞེས་གསུངས་ཏེ། བསམ་པ་ཐག་པས་མགྲོན་དུ་གཉེར་བ་ནི། བདག་གིས་དེ་རིང་སྐྱོབ་པ་ཐམས་ཅད་ཀྱི།
594	terminal-particle	8		ཞེས་ཆེད་དུ་བརྗོད་ཟིན་པའི་ཕྱིར་རོ།།
595	terminal-particle	23		ཆོས་ཡང་དག་པར་སྡུད་པའི་མདོ་ལས། བྱང་ཆུབ་ཏུ་སེམས་བསྐྱེད་ནས་བཏང་ན་བརྫུན་དུ་སྨྲ་བའི་ཐ
596	quote-close	2		ཞེས་སོ།།
597	ordinal-open	18		གསུམ་པ་བྱང་ཆུབ་ཀྱི་སེམས་བཏང་ན་ཐར་པའི་སྐབས་མེད་པ་ཙམ་དུ་བསྟན་པ་ནི།
598	verse-stanza	25		མི་གང་བྱང་ཆུབ་སེམས་བཏང་ཡང༌།།↵དེ་དག་ཐར་བར་བྱེད་པ་ནི།།↵ལས་ཚུལ་བསམ་གྱིས་མི་ཁྱབ་སྟེ།
599	terminal-particle	26		ཞེས་གསུངས་ཏེ། བྱང་སེམས་བཏང་ནས་ཐར་པ་འཐོབ་པ་སྲིད་དམ་ཞེ་ན། འདི་ནི་སངས་རྒྱས་ཁོ་ནའི་ཡ
600	terminal-particle	72		འགྲེལ་ཆེན་དུ། འོ་ན་ཤཱ་རིའི་བུས་སེམས་བསྐྱེད་ནས་སངས་རྒྱས་སྟོང་ཕྲག་བཅུ་བསྙེན་བཀུར་ཏ
601	terminal-particle	39		རིགས་པ་འདི་སྣང་སྟེ། ཤཱ་རིའི་བུས་ཐར་པའི་སེམས་རྣམ་པ་ཐམས་ཅད་དུ་ཡོངས་སུ་བཏང་བ་ནི་མ་ཡ
602	terminal-particle	34		ཞེས་གཞན་དོན་གྱི་བློ་བཏང་རུང་བྱང་ཆུབ་ལ་དམིགས་པ་མ་བཏང་བས་ཉན་བྱང་ཐོབ་པར་འཆད་ཅིང༌། ད
603	line-end	122		དེ་ཡང་པད་དཀར་ལས། ཤཱ་རིའི་བུ་སྔོན་སེམས་བསྐྱེད་དེ་སངས་རྒྱས་སྟོང་ཕྲག་བཅུ་ལ་བསྙེན་བཀ
604	verse-stanza	41		གང་ཚེ་ང་ནི་ཕ་རོལ་ཕྱིན་པའི་མཆོག་འདི་དང༌།།↵མཐུན་པར་སྨྲ་གྱུར་དེ་ཚེ་སྔོན་གྱི་སྐྱེས་མ
605	quote-close	2		ཞེས་སོ།།
606	terminal-particle	54		དེས་ན་བསྟན་བཅོས་མཛད་པ་པོ་ཉིད་ཀྱིས་སངས་རྒྱས་ཀྱི་ཐུན་མོང་མ་ཡིན་པའི་ཡུལ་དུ་བཞག་པའི་
607	ordinal-open	29		གཉིས་པ་གཞན་དོན་ལས་ཉམས་པ་ལ་གསུམ། གཞན་དོན་མི་ནུས་པ། བྱང་ཆུབ་སེམས་དཔའི་བསོད་ནམས་ཀྱི
608	ordinal-open	3		དང་པོ་ནི།
609	verse-stanza	25		དེ་ནི་བྱང་ཆུབ་སེམས་དཔའ་ལ།།↵ལྟུང་བའི་ནང་ན་ལྕི་བ་སྟེ།།↵འདི་ལྟར་དེ་ནི་བྱུང་གྱུར་ན།།
610	line-end	24		ཞེས་གསུངས་ཏེ། དེ་ཡང་རང་དོན་ཡིད་བྱེད་ཀྱི་བློ་ནི་བྱང་ཆུབ་སེམས་དཔའ་ལ་ལྟུང་བའི་ནང་ན་
611	verse-stanza	41		གལ་ཏེ་བསྐལ་བ་བྱེ་བར་དགེ་བའི་ལས་ལམ་བཅུ།།↵སྤྱོད་ཀྱང་དགྲ་བཅོམ་རང་རྒྱལ་ཐེག་པར་འདོད་བ
612	quote-close	2		ཞེས་སོ།།
613	terminal-particle	24		རང་ཉིད་ལྟུང་བས་བཅོམ་པས་རྣམ་སྨིན་གྱི་འབྲས་བུ་བཟོད་དཀའ་བ་མྱོང་དགོས་ན་གཞན་སྐྱབས་པར་
614	ordinal-open	18		གཉིས་པ་བྱང་ཆུབ་སེམས་དཔའི་བསོད་ནམས་ཀྱི་གེགས་བྱས་ན་རྣམ་སྨིན་མི་ཟད་པ་ནི།
615	verse-stanza	25		གང་གཞན་སྐད་ཅིག་འདི་ཡི་ནི།།↵བསོད་ནམས་བར་ཆད་གེགས་བྱེད་པ།།↵སེམས་ཅན་དོན་ལ་དམན་གྱུར་བ
616	terminal-particle	62		ཅེས་གསུངས་ཏེ། འགྲེལ་ཆེན་དུ། གང་གཞན་སྐད་ཅིག་འདི་ཡི་ནི།། ཞེས་འདོན་ཏེ་སྐད་ཅིག་ཀྱང་ཞ
617	terminal-particle	91		ཅིའི་ཕྱིར་ཞེ་ན། རབ་ཞི་རྣམ་ངེས་ཀྱི་ཆོ་འཕྲུལ་གྱི་མདོར། གཅིག་གིས་འཛམ་གླིང་པ་ཐམས་ཅད་
618	ordinal-open	6		གསུམ་པ་དེའི་འཐད་པ་ནི།
619	verse-stanza	25		སེམས་ཅན་གཅིག་གི་བདེ་བ་ཡང༌།།↵བཤིག་ན་བདག་ཉིད་ཉམས་འགྱུར་ན།།↵ནམ་མཁའ་མ་ལུས་མཐའ་ཀླས་པའ
620	line-end	2		ཞེས་གསུངས།
621	ordinal-open	9		གསུམ་པ་ས་ཐོབ་པ་ལ་ཐོགས་པ་ནི།
622	verse-stanza	25		དེ་ལྟར་ལྟུང་བ་སྟོབས་ལྡན་དང༌།།↵བྱང་ཆུབ་སེམས་སྟོབས་ལྡན་པ་དག།↵འཁོར་བར་རེས་ཀྱིས་འདྲེ
623	verse-stanza	13		དེ་ལྟས་ཇི་ལྟར་དམ་བཅས་བཞིན།།↵བདག་གིས་གུས་པར་བསྒྲུབ་པར་བྱ།།
624	terminal-particle	45		ཞེས་གསུངས་ཏེ། གལ་ཏེ་སླར་བླངས་པས་སྐྱེའོ་སྙམ་ན་བརྩོན་འགྲུས་ཀྱི་མཐུ་ཆུང་བ་དེས་ནི་བླ
625	line-end	20		དེས་ན་བྱང་ཆུབ་ཀྱི་སེམས་ལ་བག་ཡོད་པས་མ་ཉམས་པར་ཐོག་མ་ཉིད་ནས་འབད་དགོས་ཏེ།
626	verse-stanza	13		གོམས་ན་སླ་བར་མི་འགྱུར་བའི།།↵དངོས་དེ་གང་ནའང་ཡོད་མ་ཡིན།།
627	line-end	8		ཞེས་འཆད་པརའགྱུར་ཞིང༌། སྐྱེ་བོ་གསོ་ཐིགས་ལས།
628	verse-stanza	19		ལུས་ཅན་རྣམས་ཀྱི་སྐྱོན་ཡོན་ནི།།↵ཐམས་ཅད་གོམས་པའི་རྩ་བ་ཅན།།↵གོམས་པའང་རང་ལ་རག་ལས་པས།
629	quote-close	8		དེ་བས་ཡོན་ཏན་གོམས་པ་མཆོག། ཅེས་སོ།།
630	ordinal-open	38		གཉིས་པ་བསླབ་པ་ལ་བག་བྱ་བ་ལ་བཞི། ཉེས་པ་ལས་ལྡོག་པ་ལ་བག་བྱ་བ་བཞི། དགེ་བ་སྒོམ་པ་ལ་བག་
631	ordinal-open	21		དང་པོ་བཞི་ནི། ངན་འགྲོར་འགྲོ་བ། དལ་བ་མི་འཐོབ་པ། ཐོབ་ཀྱང་མི་བརྟན་པ། ངན་འགྲོར་དགེ་བ
632	ordinal-open	3		དང་པོ་ནི།
633	verse-stanza	25		དེང་ནས་བརྩོན་པར་མ་བྱས་ན།།↵འོག་ནས་འོག་ཏུ་འགྲོ་བར་འགྱུར།།↵སེམས་ཅན་ཐམས་ཅད་ཕན་མཛད་པའ
634	verse-stanza	25		བདག་ནི་རང་གི་ཉེས་པས་དེའི།།↵གསོ་བའི་སྤྱོད་ཡུལ་མ་གྱུར་ཏོ།།↵ད་དུང་དེ་བཞིན་བདག་བྱེད་
635	verse-stanza	13		ངན་འགྲོར་ནད་དང་འཆིང་བ་དང༌།།↵གཅོད་དང་བཤགས་སོགས་མྱོང་བར་འགྱུར།།
636	terminal-particle	21		ཞེས་གསུངས་ཏེ། དེ་ཡང་དེང་ནས་ཞེས་པ་ནི་དགེ་བའི་བློ་སྐྱེས་པའི་དུས་ད་ལྟ་འདི་ཉིད་ནས་སོ
637	line-end	16		རང་ཉིད་ཀྱིས་བརྩོན་པར་མ་བྱས་ན་ཐར་པ་གཞན་གྱིས་སྦྱིན་དུ་མེད་དེ།
638	verse-stanza	17		ཐར་པ་བདག་ལ་རག་ལས་འདི་ལ་ནི།།↵གཞན་གྱིས་གྲོགས་བགྱིར་ཅི་ཡང་མ་མཆིས་སོ།།
639	quote-close	2		ཞེས་སོ།།
640	terminal-particle	51		སངས་རྒྱས་མང་དུ་འབྱུང་བས་དེ་དག་གིས་བདག་འདུལ་བར་འགྱུར་རོ་ཞེ་ན། སྔོན་སངས་རྒྱས་དཔག་མ
641	ordinal-open	8		གཉིས་པ་དལ་བ་མི་འཐོབ་པ་ནི།
642	verse-stanza	25		དེ་བཞིན་གཤེགས་པ་འབྱུང་བ་དང༌།།↵དད་དང་མི་ལུས་ཐོབ་པ་དང༌།།↵དགེ་གོམས་རུང་བ་དེ་ལྟ་བུ།།
643	terminal-particle	50		ཞེས་གསུངས་ཏེ། དེ་བཞིན་གཤེགས་པ་འབྱུང་བ་སོགས་གཞན་འབྱོར་ལྔ་དང༌། དད་དང་མི་ལུས་སོགས་ར
644	ordinal-open	8		གསུམ་པ་ཐོབ་ཀྱང་མི་བརྟན་པ་ནི།
645	verse-stanza	25		ནད་མེད་ཉི་མ་འདི་ལྟ་བུར།།↵ཟས་བཅས་འཚེ་བ་མེད་ཀྱང་ནི།།↵ཚེ་ནི་སྐད་ཅིག་བསླུ་བ་སྟེ།།↵ལུ
646	line-end	48		ཞེས་གསུངས་ཏེ། ཐོབ་ཟིན་པ་འདིས་ཆོག་མོད་སྙམ་ན། ད་ལྟ་ནད་སོགས་ཀྱི་འཚེ་བ་མེད་ཅིང་བདེ་བ
647	verse-stanza	19		ལུས་འདི་འབྱུང་བཞིའི་གཡར་པོ་ཡིན་པའི་ཕྱིར་རོ།།↵བཞི་པ་ངན་འགྲོར་དགེ་བ་བྱར་མེད་པ་ནི།
648	verse-stanza	25		བདག་གི་སྤྱོད་པ་འདི་འདྲས་ནི།།↵མི་ཡི་ལུས་ཀྱང་འཐོབ་མི་འགྱུར།།↵མི་ལུས་ཐོབ་པར་མ་གྱུར་
649	terminal-particle	30		ཅེས་གསུངས་ཏེ། མི་ལུས་ཕྱིས་ཐོབ་པའི་ཚེ་བྱའོ་སྙམ་ན་བདག་གི་ད་ལྟའི་སྤྱོད་པ་འདིས་ནི་ངན
650	line-end	7		ངན་འགྲོར་དགེ་བ་བྱའོ་ཞེ་ན།
651	verse-stanza	25		གང་ཚེ་དགེ་སྤྱད་སྐལ་ལྡན་ཡང༌།།↵དགེ་བ་བདག་གིས་མ་བྱས་ན།།↵ངན་སོང་སྡུག་བསྔལ་ཀུན་རྨོངས་
652	line-end	49		ཅེས་གསུངས་ཏེ། དེ་ནི་མི་ཁོམ་པའི་གནས་ཡིན་པའི་ཕྱིར། དགེ་བའི་བློ་ཙམ་ཡང་ག་ལ་ཡོད་དེ་བད
653	verse-stanza	25		དགེ་བ་དག་ཀྱང་མ་བྱས་ལ།།↵སྡིག་པ་དག་ཀྱང་ཉེར་བསགས་ན།།↵བསྐལ་པ་བྱེ་བ་བརྒྱར་ཡང་ནི།།↵བདེ
654	line-end	94		ཞེས་གསུངས་ཏེ། ངན་འགྲོར་སྐྱེས་པའི་ཚེ་དགེ་བ་ནི་མིང་ཡང་མེད་ལ། སྡིག་པ་ནི་ཉིན་རེར་ཡང་
655	verse-stanza	25		དེ་ཉིད་ཕྱིར་ན་བཅོམ་ལྡན་གྱིས།།↵རྒྱ་མཚོ་ཆེར་གཡེངས་གཉའ་ཤིང་གི།↵བུ་གར་རུས་སྦལ་མགྲིན་
656	terminal-particle	74		ཞེས་གསུངས་ཏེ། དེའི་ཕྱིར་དལ་འབྱོར་རྙེད་དཀའ་བའི་ཚུལ། དགའ་བོ་ལ་བསྟན་པའི་མདོར། དཔེར་
657	terminal-particle	23		རྒྱ་མཚོ་དེ་ན་རུལ་སྦལ་ཞར་བ་ཞིག་གནས་ཤིང་དེ་ཡང་ལོ་བརྒྱ་འདས་པ་དང་མགྲིན་པ་བཏེགས་ནས་ལྟ
658	terminal-particle	54		ཇི་ལྟར་འགའ་ཞིག་ཏུ་འདི་འདྲ་བའི་ཚོགས་པ་ཡོད་པར་གྱུར་པ་སྟེ། གཉའ་ཤིང་གང་ཡིན་པ་མིག་ཞར་
659	terminal-particle	3		ཞེས་བསྟན་ཏོ།།
660	ordinal-open	35		གཉིས་པ་དགེ་བ་སྒོམ་པ་ལ་བག་བྱ་བ་ལ་གསུམ། སྔོན་བསགས་པའི་སྡིག་པ་མང་བ། སྡིག་པ་རང་ཟད་དུ
661	ordinal-open	3		དང་པོ་ནི།
662	verse-stanza	25		སྐད་ཅིག་གཅིག་བྱས་སྡིག་པས་ཀྱང༌།།↵བསྐལ་པར་མནར་མེད་གནས་འགྱུར་ན།།↵ཐོག་མེད་འཁོར་བར་བས
663	terminal-particle	64		ཞེས་གསུངས་ཏེ། དེ་ཡང་བདག་གིས་སྡིག་པ་ཆེར་མ་བྱས་སོ་ཞེ་ན། ཕ་མ་གསོད་པ་སོགས་མཚམས་མེད་ཀ
664	line-end	88		ཕ་མ་གསོད་པ་ལྟ་བུའང་རིང་དུ་འགོར་བ་མ་ཡིན་ཏེ། ལས་ཀྱི་དངོས་གཞི་འཆི་སེམས་སྐད་ཅིག་མ་གཅ
665	ordinal-open	12		གཉིས་པ་སྡིག་པ་རང་ཟད་དུ་འགྱུར་མི་སྲིད་པ་ནི།
666	verse-stanza	25		དེ་ཙམ་ཁོ་ན་མྱོང་གྱུར་ནས།།↵དེ་ནི་རྣམ་ཐར་མི་འགྱུར་ཏེ།།↵འདི་ལྟར་དེ་ནི་མྱོང་བཞིན་དུ།
667	terminal-particle	84		ཞེས་གསུངས་ཏེ། ཡང་རྣམ་སྨིན་གྱི་འབྲས་བུ་དེ་ཙམ་ཞིག་མྱོང་བ་ཁོ་ནས་ཐར་བར་མི་འགྱུར་ཏེ། 
668	ordinal-open	55		གསུམ་པ་གཉེན་པོའི་དགེ་བ་ལ་འབད་དགོས་པར་བསྟན་པ་ལ་བཞི། མི་ལུས་ཐོབ་དུས་དགེ་བ་མ་བྱས་ན་
669	ordinal-open	3		དང་པོ་ནི།
670	verse-stanza	25		འདི་འདྲའི་དལ་བ་རྙེད་གྱུར་ནས།།↵བདག་གིས་དགེ་གོམས་མ་བྱས་ན།།↵འདི་ལས་བསླུས་པ་གཞན་མེད་
671	line-end	2		ཞེས་གསུངས།
672	ordinal-open	8		གཉིས་པ་ཕྱི་དུས་སུ་འགྱོད་པ་ནི།
673	verse-stanza	25		གལ་ཏེ་བདག་གིས་དེ་རྟོགས་ནས།།↵རྨོངས་པས་ཕྱིས་ཀྱང་སྒྱིད་ལུག་ན།།↵འཆི་བར་འགྱུར་བའི་དུས
674	line-end	2		ཞེས་གསུངས།
675	ordinal-open	10		གསུམ་པ་དམྱལ་བར་སྐྱེས་པའི་ཚེ་འགྱོད་པ་ནི།
676	verse-stanza	25		དམྱལ་མེ་བཟོད་དཀས་ཡུན་རིང་དུ།།↵བདག་གི་ལུས་ལ་བསྲེགས་གྱུར་ན།།↵འགྱོད་པ་མི་བཟད་མེ་འབར
677	line-end	163		ཞེས་གསུངས་ཏེ། དེ་དག་གི་དོན་ནི། དེ་བས་ན་ད་ལྟ་དལ་བ་རྙེད་དུས་འདི་ཁོ་ནར་མ་འབད་ན་ཕྱིས
678	ordinal-open	20		བཞི་པ་ལས་འབྲས་གོ་བཞིན་དུ་རང་གིས་རང་དམྱལ་བར་ཁྲིད་ན་སེམས་མེད་པར་ཟད་པ་ནི།
679	verse-stanza	25		ཤིན་ཏུ་རྙེད་དཀའ་ཕན་པའི་ས།།↵ཅི་ཞིག་ལྟར་སྟེས་རྙེད་གྱུར་ནས།།↵བདག་ཉིད་ཤེས་དང་ལྡན་བཞི
680	verse-stanza	13		སྔགས་ཀྱིས་རྨོངས་པར་བྱས་པ་བཞིན།།↵བདག་ལ་འདིར་སེམས་མེད་དུ་ཟད།།
681	terminal-particle	54		ཅེས་གསུངས་ཏེ། དེས་ན་དལ་བ་ཡང་སྟེས་དབང་གིས་རྙེད། ཆོས་སྒྲུབ་པའི་བློ་ཙམ་དང་ཡང་ལྡན་བཞ
682	ordinal-open	34		གསུམ་པ་ཉོན་མོངས་སྤང་བ་ལ་བག་བྱ་བ་ལ་གསུམ། བསམ་པས་མི་མཐུན་པར་ལྟ་བ་གསུམ། སྦྱོར་བས་མི
683	ordinal-open	17		དང་པོ་ལ་གསུམ། གནོད་པའི་རྣམ་པར་བརྟག་པ་བཞི། མི་བཟོད་པར་བསྟན་པ། ང་རྒྱལ་སྐྱེད་པའོ།།
684	ordinal-open	22		དང་པོ་བཞི་ནི། རང་དབང་མེད་པར་བྱེད་པ། སྡུག་བསྔལ་ལ་སྦྱོར་བ། རྟག་ཏུ་འབྲང་བ། བསྟེན་དུ
685	ordinal-open	3		དང་པོ་ནི།
686	verse-stanza	25		ཅིས་རྨོངས་བདག་གིས་མ་ཤེས་ཏེ།།↵བདག་གི་ཁོང་ན་ཅི་ཞིག་ཡོད།།↵ཞེ་སྡང་སྲེད་སོགས་དགྲ་རྣམས
687	verse-stanza	25		དཔའ་མཛངས་མིན་ཡང་ཇི་ཞིག་ལྟར།།↵དེ་དག་གིས་བདག་བྲན་བཞིན་བྱས།།↵བདག་གི་སེམས་ལ་གནས་བཞིན
688	verse-stanza	13		དེ་ལའང་མི་ཁྲོ་བཟོད་པ་ནི།།↵གནས་མིན་བཟོད་པ་སྨད་པའི་གནས།།
689	terminal-particle	89		ཞེས་གསུངས་ཏེ། ཅི་རྨོངས་པ་འདི་ལྟ་བུ་སྐྱེ་བའི་རྒྱུ་བདག་གི་ཁོང་ན་ཅི་ཞིག་ཡོད་ཅེས་རྣམ
690	terminal-particle	88		དེ་ལྟར་བརྟགས་པ་ན་དེ་ལྟ་བུ་ཅི་ཡང་མ་མཐོང་སྟེ། ཉོན་མོངས་པའི་སེམས་འདི་ནི་ཆུ་ལས་ཆུ་བུ
691	terminal-particle	91		ཡང་བརྟགས་པ་ན་འདི་ལ་ནི་བདག་གི་སེམས་ལས་གཞན་པའི་རྟེན་ནི་འགའ་ཡང་མ་མཐོང་ངོ༌།། འདི་སེམ
692	terminal-particle	29		དེས་ན་བཅོམ་ལྡན་འདས་ཀྱིས་རྒྱལ་པོ་ཤར་པ་ལ། རྒྱལ་པོ་ཆེན་པོ་དགྲ་འདི་མ་ཡིན་པའི་དགྲ་ཆེན
693	terminal-particle	35		ཞེས་བདག་ཏུ་འཛིན་པ་དགྲར་བསྟན་པས། རྒྱལ་པོས་གསོལ་པ། སྔར་བདག་གིས་དགྲ་མ་ཡིན་པ་ཞིག་དགྲ
694	terminal-particle	5		ཞེས་གསོལ་བ་ལྟ་བུའོ།།
695	ordinal-open	8		གཉིས་པ་སྡུག་བསྔལ་ལ་སྦྱོར་བ་ནི།
696	verse-stanza	25		གལ་ཏེ་ལྷ་དང་ལྷ་མིན་རྣམས།།↵ཐམས་ཅད་བདག་ལ་དགྲར་ལངས་ཀྱང༌།།↵དེ་དག་གིས་ཀྱང་མནར་མེད་པའི
697	verse-stanza	25		ཉོན་མོངས་སྟོབས་ཆེན་དགྲ་འདིས་ནི།།↵གང་དང་ཕྲད་ན་རི་རབ་ཀྱང༌།།↵ཐལ་བར་ཡང་ནི་མི་ལུས་པ།།
698	terminal-particle	38		ཞེས་གསུངས་ཏེ། དགྲ་གཞན་པས་འདི་གནོད་པ་ཆེ་སྟེ། འདིས་ནི་ཚ་བའི་ཁྱད་པར་རི་རབ་ཀྱང་སྐད་ཅ
699	ordinal-open	7		གསུམ་པ་རྟག་ཏུ་འབྲང་བ་ནི།
700	verse-stanza	25		བདག་གི་ཉོན་མོངས་དགྲ་བོ་གང༌།།↵དུས་རིང་ཐོག་མཐའ་མེད་པ་ལྟར།།↵དགྲ་གཞན་ཀུན་ཀྱང་དེ་ལྟ་བ
701	terminal-particle	23		ཞེས་གསུངས་ཏེ། དགྲ་གཞན་ནི་ཚེ་རབས་ཐམས་ཅད་དུ་རྗེས་སུ་མི་འབྲང་སྟེ་ཤི་འཕོས་ནས་ལས་བཞིན
702	line-end	19		ཉོན་མོངས་པ་འདི་ནི་དེ་ལྟ་མིན་ཏེ་སེམས་དང་ཐ་མི་དད་པར་རྗེས་སུ་འབྲང་ངོ༌།།
703	ordinal-open	10		བཞི་པ་བསྟེན་དུ་མི་རུང་བར་བསྟན་པ་ནི།
704	verse-stanza	25		མཐུན་པར་རིམ་གྲོ་བསྟེན་བྱས་ན།།↵ཐམས་ཅད་ཕན་དང་བདེ་བྱེད་མོད།།↵ཉོན་མོངས་རྣམས་ནི་བསྟེན
705	terminal-particle	23		ཅེས་གསུངས་ཏེ། དགྲ་གཞན་ནི་བསྟེན་ན་ཕན་འདོགས་ཀྱང་ཉོན་མོངས་འདི་ནི་གང་གིས་བསྟེན་པ་དེ་
706	ordinal-open	8		གཉིས་པ་མི་བཟོད་པར་བསྟན་པ་ནི།
707	verse-stanza	33		དེ་ལྟར་ཡུན་རིང་རྒྱུན་ཆགས་དགྲར་གྱུར་པ།།↵གནོད་པའི་ཚོགས་རབ་འཕེལ་བའི་རྒྱུ་གཅིག་པུ།།↵
708	verse-stanza	33		འཁོར་བའི་བཙོན་རའི་སྲུང་མ་དམྱལ་སོགས་སུ།།↵གསོད་བྱེད་གཤེད་མར་གྱུར་པ་འདི་དག་ནི།།↵གལ་
709	terminal-particle	46		ཅེས་གསུངས་ཏེ། དགྲ་དེ་ལྟ་བུ་བདག་གི་སྙིང་ངམ་སེམས་ལ་རྟག་པར་བཞག་ནས་ཡིད་བདེར་འདུག་པ་མ
710	ordinal-open	7		གསུམ་པ་ང་རྒྱལ་སྐྱེད་པ་ནི།
711	verse-stanza	41		དེ་ལྟར་ཇི་སྲིད་བདག་གིས་དགྲ་འདི་མངོན་སུམ་དུ།།↵ངེས་པར་མ་བཅོམ་དེ་སྲིད་བདག་འདིར་བརྩོ
712	terminal-particle	18		ཞེས་གསུངས་ཏེ། སྲོག་ལ་བབ་ཀྱང་འདི་ཡལ་བར་མི་འདོར་བར་འཇོམས་པའི་གོ་ཆ་བསྒོ་བའོ།།
713	ordinal-open	27		གཉིས་པ་སྦྱོར་བས་མི་སྐྱོ་བར་བྱ་བ་ལ་གསུམ། མི་སྦྱོར་བའི་ཉེས་པ་བསྟན། སྦྱོར་བའི་ཕན་ཡོ
714	ordinal-open	13		དང་པོ་ནི། རང་བཞིན་འཆི་བས་སྡུག་བསྔལ་གྱུར་པའི་ཉོན་མོངས་དག།
715	verse-stanza	39		གཡུལ་ངོར་དངར་ཚེ་ནན་གྱིས་གཞོམ་པར་འདོད་པ་ཡང༌།།↵མདའ་མདུང་མཚོན་གྱིས་ཕོག་པའི་སྡུག་བསྔ
716	verse-stanza	25		རང་བཞིན་དགྲར་ངེས་གཞོམ་བརྩོན་བདག་ལ་དེང༌།།↵སྡུག་བསྔལ་བརྒྱ་ཕྲག་རྒྱུར་གྱུར་གང་གིས་ཀྱ
717	terminal-particle	13		ཞེས་གསུངས་ཏེ། རང་བཞིན་གྱིས་འཆི་བ་སྟེ་མ་བསད་རུང་འཆི་བའོ།།
718	terminal-particle	26		དགྲ་དེ་ལྟ་བུ་ཡང་འཇོམས་ན་ནང་གི་དགྲ་འདི་ལྟ་ཅི་སྨོས་པས་འདི་འཇོམས་པའི་སྡུག་བསྔལ་ཐམས་
719	ordinal-open	16		གཉིས་པ་སྦྱོར་བའི་ཕན་ཡོན་གསུམ་བཤད་པ་ནི། རང་དོན། གཞན་དོན། དམ་བཅའ་མཐར་འབྱིན་པའོ།།
720	ordinal-open	3		དང་པོ་ནི།
721	verse-stanza	33		དོན་མེད་དགྲ་ཡིས་རྨ་སྲོལ་གཏོད་པ་ཡང༌།།↵ལུས་ལ་རྒྱན་དང་འདྲ་བར་སྤེལ་བྱེད་ན།།↵དོན་ཆེན་
722	quote-close	2		ཞེས་པའོ།།
723	ordinal-open	13		གཉིས་པ་གཞན་དོན་ནི། ཉ་པ་གདོལ་པ་ཞིང་པ་ལ་སོགས་པ།
724	verse-stanza	25		རང་གི་འཚོ་བ་ཙམ་ཞིག་སེམས་པ་ཡང༌།།↵གྲང་དང་ཚ་ལ་སོགས་པའི་གནོད་བཟོད་ན།།↵འགྲོ་བའི་བདེ་ཕ
725	quote-close	2		ཅེས་པའོ།།
726	ordinal-open	8		གསུམ་པ་དམ་བཅའ་མཐར་འབྱིན་པ་ནི།
727	verse-stanza	25		ཕྱོགས་བཅུ་ནམ་མཁའི་མཐས་གཏུགས་པའི།།↵འགྲོ་བ་ཉོན་མོངས་ལས་སྒྲོལ་བར།།↵དམ་བཅས་གང་ཚེ་བདག
728	verse-stanza	13		བདག་གི་ཚོད་ཀྱང་མི་ཤེས་པར།།↵སྨྲ་བ་ཇི་ལྟར་སྨྱོན་པ་མིན།།
729	quote-close	2		ཞེས་པའོ།།
730	ordinal-open	9		གསུམ་པ་སྦྱོར་བ་ལྷུར་བླང་བའི་ཐབས་ནི།
731	verse-stanza	25		དེ་ལྟས་ཉོན་མོངས་གཞོམ་པ་ལ།།↵རྟག་ཏུ་ཕྱིར་མི་ལྡོག་པར་བྱ།།↵འདི་ལ་ནན་གྱིས་ཞེན་བྱ་ཞིང༌
732	verse-stanza	25		རྣམ་པ་དེ་འདྲའི་ཉོན་མོངས་པ།།↵ཉོན་མོངས་འཇོམས་བྱེད་མ་གཏོགས་སོ།།↵བདག་ནི་བསྲེགས་ཏེ་བས
733	verse-stanza	12		རྣམ་པ་ཀུན་ཏུ་ཉོན་མོངས་པའི།།↵དགྲ་ལ་འདུད་པར་མི་བྱའོ།།
734	terminal-particle	52		ཞེས་གསུངས་ཏེ། སྤང་བྱའི་ཉོན་མོངས་ལ་འཁོན་དུ་བཟུང་ནས་འཇོམས་པའི་ཉོན་མོངས་ཏེ་སྤང་བྱའི
735	ordinal-open	22		གསུམ་པ་སྤང་ནུས་པར་སྤྲོ་བ་སྐྱེད་པ་ལ་གཉིས། རྟེན་གཞན་མེད་པར་བསྟན་པ་དང༌། རང་བཞིན་མེད
736	ordinal-open	3		དང་པོ་ནི།
737	verse-stanza	33		ཐ་མལ་དགྲ་བོ་ཡུལ་ནས་ཕྱུང་ཡང་ནི།།↵ཡུལ་གཞན་དག་ཏུ་གནས་ཤིང་ཡོངས་བཟུང་ནས།།↵ནུས་པ་བརྟས་
738	verse-stanza	33		ཉོན་མོངས་ཉོན་མོངས་ཤེས་རབ་མིག་གིས་སྤང༌།།↵བདག་ཡིད་ལས་བསལ་གང་དུ་འགྲོ་བར་འགྱུར།།↵གང་
739	terminal-particle	24		ཅེས་གསུངས་ཏེ། དགྲ་གཞན་ལས་འདི་སྤང་བར་སླ་སྟེ་རང་གི་སེམས་ལས་བསལ་ནས་གང་དུའང་གནས་ས་མེ
740	ordinal-open	207		གཉིས་པ་རང་བཞིན་མེད་པར་བསྟན་པ་ནི། ཉོན་མོངས་རྣམས་ནི་ཡུལ་ན་མི་གནས་དབང་ཚོགས་ལ་མིན་བར
741	terminal-particle	25		དེ་ལྟར་མེད་ཀྱང་རྐྱེན་ལས་སྐྱེ་བ་ལྟར་སྣང་ལ། དེའི་ཚེ་ཡང་སྐྱེ་བ་མེད་པ་ཉིད་ཀྱིས་འདི་ན
742	terminal-particle	27		དེས་ན་འདི་ལྟ་བུ་སྤང་མི་ནུས་སོ་ཞེས་འཇིགས་པར་མི་བྱ་སྟེ། འདིའི་རང་བཞིན་ཤེས་པའི་ཤེས་
743	ordinal-open	6		བཞི་པ་མཇུག་བསྡུ་བ་ནི།
744	verse-stanza	33		དེ་ལྟར་རྣམ་བསམས་ཇི་སྐད་བཤད་པ་ཡི།།↵བསླབ་པ་སྒྲུབ་པའི་ཆེད་དུ་འབད་པར་བྱ།།↵སྨན་པའི་ངག
745	terminal-particle	56		ཅེས་གསུངས་ཏེ། སྔར་བཤད་པ་དེ་རྣམས་མ་བརྗེད་པར་ཚུལ་བཞིན་བསམས་ནས་བྱང་ཆུབ་སེམས་དང་བསླབ
746	terminal-particle	21		བྱང་ཆུབ་སེམས་དཔའི་སྤྱོད་པ་ལ་འཇུག་པ་ལས། བག་ཡོད་བསྟན་པ་སྟེ་ལེའུ་བཞི་པ་རྣམ་པར་ཕྱེ་བ
747	terminal-particle	33		ལེའུའི་འབྲེལ་ནི། དཀའ་འགྲེལ་ཆུང་ངུར། དེ་ལྟར་ཕ་རོལ་ཏུ་ཕྱིན་པ་ཐམས་ཅད་ཀྱི་ཐུན་མོང་གི
748	quote-close	2		ཞེས་སོ།།
749	ordinal-open	37		གཉིས་པ་ཕ་རོལ་ཏུ་ཕྱིན་པ་དྲུག་རེ་རེ་ཞིང་ཉམས་སུ་ལེན་པ་ལ་དྲུག སྦྱིན་པ་མདོར་བསྡུས་ཏེ་
750	ordinal-open	107		དང་པོ་ནི། དཀའ་འགྲེལ་ཆུང་ངུར། དེ་ཡང་སྦྱིན་པའི་ཕ་རོལ་ཏུ་ཕྱིན་པ་དང་པོར་འཆད་པའི་སྐབས
751	quote-close	2		ཞེས་སོ།།
752	ordinal-open	53		གཉིས་པ་དེས་ན་དྲན་པ་ཤེས་བཞིན་གྱི་སྒོ་ནས་སེམས་སྲུང་བའི་ཚུལ་ཁྲིམས་འཆད་པ་ལ་ལྔ། བསླབ་
753	ordinal-open	27		དང་པོ་ལ་གསུམ། སེམས་བསྲུངས་པས་ཐམས་ཅད་བསྲུངས་བར་འགྱུར་བ། ཐམས་ཅད་སེམས་ལ་རག་ལས་པར་བས
754	ordinal-open	34		དང་པོ་ལ་བཞི། མདོར་བསྟན་པ། སེམས་མ་ཐུལ་བ་ཉེས་པའི་འབྱུང་ཁུངས་སུ་བསྟན། སེམས་ཐུལ་བ་ཡོ
755	ordinal-open	3		དང་པོ་ནི།
756	verse-stanza	25		བསླབ་པ་སྲུང་བར་འདོད་པ་ཡིས།།↵རབ་ཏུ་བསྒྲིམས་ནས་སེམས་སྲུང་སྟེ།།↵སེམས་འདི་སྲུང་བར་མ་
757	line-end	2		ཞེས་གསུངས།
758	ordinal-open	14		གཉིས་པ་སེམས་མ་ཐུལ་བ་ཉེས་པའི་འབྱུང་ཁུངས་སུ་བསྟན་པ་ནི།
759	verse-stanza	25		སེམས་ཀྱི་གླང་པོ་ཡན་བཏང་བས།།↵མནར་མེད་གནོད་པ་བྱེད་པ་ལྟར།།↵གླང་ཆེན་མ་ཐུལ་མྱོས་པ་ཡིས
760	line-end	2		ཅེས་གསུངས།
761	ordinal-open	14		གསུམ་པ་སེམས་ཐུལ་བ་ཡོན་ཏན་གྱི་འབྱུང་ཁུངས་སུ་བསྟན་པ་ནི།
762	verse-stanza	25		ཀུན་ནས་དྲན་པའི་ཐག་པ་ཡིས།།↵སེམས་ཀྱི་གླང་པོ་དམ་བཏགས་ན།།↵འཇིགས་པ་ཐམས་ཅད་མེད་འགྱུར་ཞ
763	terminal-particle	40		ཞེས་གསུངས་ཏེ། འགྲེལ་ཆེན་ལས། དྲན་པ་དེ་ཉིད་ནི་ཐག་པ་དང་འདྲ་བ་སྟེ། འཆིང་བའི་ཐབས་ཡིན་
764	quote-close	2		ཞེས་སོ།།
765	ordinal-open	14		བཞི་པ་སེམས་བཏུལ་བས་འཇིགས་པ་ཐམས་ཅད་ཐུལ་བར་བསྟན་པ་ནི།
766	verse-stanza	25		སྟག་དང་སེང་གེ་གླང་ཆེན་དྲེད།།↵སྦྲུལ་དང་དགྲ་རྣམས་ཐམས་ཅད་དང༌།།↵སེམས་ཅན་དམྱལ་བའི་སྲུ
767	verse-stanza	25		སེམས་འདི་གཅིག་པུ་བརྟགས་པ་ཡིས།།↵དེ་དག་ཐམས་ཅད་བཏགས་པར་འགྱུར།།↵སེམས་འདི་གཅིག་པུ་བཏུ
768	line-end	50		ཞེས་གསུངས་ཏེ། སྟག་སོགས་ཀྱི་གནོད་པ་ཡང་ལས་ཀྱིས་བསྐྱེད་ལ། ལས་ཀྱང་སེམས་ཡིན་ཏེ་སེམས་པ
769	verse-stanza	25		ལས་ལས་འཇིག་རྟེན་སྣ་ཚོགས་སྐྱེས།།↵ལས་ནི་སེམས་པ་དང་དེས་བྱས།།↵སེམས་པ་ཡིད་ཀྱི་ལས་ཡིན་
770	quote-close	2		ཞེས་སོ།།
771	line-end	12		གནོད་སེམས་མེད་ན་ནི་སུ་ཡང་གནོད་པ་མི་བྱེད་དེ།
772	verse-stanza	25		འཇིག་རྟེན་ན་ནི་སྡིག་པའི་སེམས།།↵མེད་ལ་སྡང་དང་འཇིགས་པ་མེད།།↵གང་གིས་སེམས་ནི་དབང་བྱས
773	line-end	5		དེའི་ཕྱིར་འདི་སྐད་དུ།
774	verse-stanza	13		སེམས་དུལ་བ་ནི་ལེགས་པ་སྟེ།།↵སེམས་དུལ་བས་ནི་བདེ་བ་འཐོབ།།
775	terminal-particle	3		ཅེས་གསུངས་སོ།།
776	ordinal-open	30		གཉིས་པ་ཐམས་ཅད་སེམས་ལ་རག་ལས་པར་བསྟན་པ་ལ་གཉིས། ཉེས་པ་ཐམས་ཅད་སེམས་ལ་རག་ལས་པ་དང༌། ཡོ
777	ordinal-open	19		དང་པོ་ལ་གསུམ། ལུང་དང་སྦྱར་བ། གནོད་པ་ཐམས་ཅད་སྡིག་སེམས་ཀྱི་འཁྲུལ་སྣང་དུ་བསྟན། དོན་
778	ordinal-open	3		དང་པོ་ནི།
779	verse-stanza	25		འདི་ལྟར་འཇིགས་པ་ཐམས་ཅད་དང༌།།↵སྡུག་བསྔལ་དཔག་ཏུ་མེད་པ་ཡང༌།།↵སེམས་ལས་བྱུང་བ་ཡིན་ནོ་
780	terminal-particle	51		ཞེས་གསུངས་ཏེ། དེ་ཡང་འགྲེལ་ཆེན་ལས། དངོས་པོའི་དེ་ཁོ་ན་ཉིད་གསུངས་པའི་ཕྱིར་ཡང་དག་གསུ
781	quote-close	3		ཞེས་གསུངས་སོ།།
782	line-end	2		གཞན་ཡང༌།
783	verse-stanza	25		འཇིག་རྟེན་སེམས་ཀྱིས་ཁྲིད་པ་སྟེ།།↵སེམས་ཀྱིས་སེམས་ནི་མི་མཐོང་ངོ༌།།↵དགེ་འམ་ཡང་ན་མི་
784	verse-stanza	25		སེམས་ནི་མགལ་མེ་བཞིན་དུ་འཁོར།།↵སེམས་ནི་རླབས་དང་འདྲ་བར་གཡོ།།↵སེམས་ནི་ནགས་ཀྱི་མེ་བཞ
785	terminal-particle	24		ཅེས་གསུངས་ཏེ། དེ་ལྟར་ཉེ་བར་བརྟགས་པས་སེམས་ལ་དྲན་པ་ཉེ་བར་བཞག་ནས་གནས་ཏེ་སེམས་ཀྱི་དབ
786	terminal-particle	27		འོན་ཀྱང་དེ་ཡི་དབང་དུ་སེམས་ཉིད་འགྲོ་བར་འགྱུར་ཏེ། དེའི་དབང་དུ་སེམས་གྱུར་པ་ན་ཆོས་ཐམ
787	quote-close	2		ཞེས་སོ།།
788	ordinal-open	15		གཉིས་པ་གནོད་པ་ཐམས་ཅད་སྡིག་སེམས་ཀྱི་འཁྲུལ་སྣང་དུ་བསྟན་པ་ནི།
789	verse-stanza	25		སེམས་ཅན་དམྱལ་བའི་མཚོན་ཆ་རྣམས།།↵སུ་ཞིག་གིས་ནི་ཆེད་དུ་བྱས།།↵ལྕགས་སྲེག་ས་གཞི་སུ་ཡིས
790	verse-stanza	13		དེ་འདྲ་དེ་དག་ཐམས་ཅད་ཀྱང༌།།↵སྡིག་སེམས་བྱུང་བར་ཐུབ་པས་གསུངས།།
791	line-end	13		ཞེས་གསུངས་ཏེ། སྡིག་སེམས་ཡིན་པར་ཐུབ་པས་གསུངས།། ཞེས་པ་ནི། དྲན་ཉེ་ལས།
792	verse-stanza	19		སེམས་ནི་དགྲ་དང་དགྲ་ཆེན་ཏེ།།↵སེམས་ལས་གཞན་པའི་དགྲ་མེད་དེ།།↵གཙུབ་ཤིང་རང་གིས་རང་སྲེག
793	line-end	14		སེམས་ནི་རང་གི་སེམས་ཀྱིས་སྲེག། ཅེས་དང༌། འགྲོ་བ་རྣམ་འབྱེད་ཀྱི་མདོ་ལས།
794	verse-stanza	25		ལྕགས་ཀྱིི་ས་གཞི་འབར་ཞིང་ཚ།།↵འབར་བའི་མེ་ལྕེས་ཀུན་ནས་ཁྱབ།།↵ལྕགས་ཀྱི་སོག་ལེ་རྣོན་པོ
795	verse-stanza	13		ལུས་ངག་ཡིད་ཀྱི་སྡིག་པ་ཅན།།↵རྣམས་ཀྱི་སེམས་ལས་བྱུང་བ་ཡིན།།
796	terminal-particle	42		ཞེས་དང༌། རྡོ་རྗེ་སྙིང་པོའི་མདོར། འཇམ་དཔལ། སེམས་ཅན་དམྱལ་བ་པ་རྣམས་ནི་ཡོད་པ་མ་ཡིན་པ
797	terminal-particle	18		ཞེས་དང༌། ས་བཅུ་པའི་མདོར། ཀྱེ་རྒྱལ་བའི་སྲས་དག་ཁམས་གསུམ་པོ་འདི་དག་ནི་སེམས་ཙམ་མོ།།
798	quote-close	2		ཞེས་སོ།།
799	terminal-particle	97		ལྕགས་བསྲེགས་ས་གཞི་སུ་ཡིས་བྱས།། ཞེས་སོགས་ནི་རིགས་པས་ཀྱང་སྒྲུབ་བཞེད་པ་སྟེ། སྡིག་སེ
800	terminal-particle	47		དེས་ན་ཕྱི་རོལ་པ་རྣམས་ཚངས་པའི་ལུང་གིས་གྲུབ་པར་སྨྲ་བ་ལྟ་བུ་མ་ཡིན་ཏེ། འདི་ནི་སོ་སོ་
801	ordinal-open	6		གསུམ་པ་དོན་བསྡུས་པ་ནི།
802	verse-stanza	13		དེ་ལྟར་འཇིག་རྟེན་གསུམ་པོ་ན།།↵སེམས་ལས་འཇིགས་པ་གཞན་འགའ་མེད།།
803	quote-close	2		ཞེས་སོ།།
804	ordinal-open	25		གཉིས་པ་ཡོན་ཏན་ཐམས་ཅད་སེམས་ཡིན་པར་བསྟན་པ་ལ་དྲུག སྦྱིན་པ། ཚུལ་ཁྲིམས། བཟོད་པ། བརྩོན
805	ordinal-open	11		དང་པོ་སྦྱིན་པ་སེམས་ལས་གཞན་མ་ཡིན་པ་ནི།
806	verse-stanza	25		གལ་ཏེ་འགྲོ་བ་དབུལ་བོར་བས།།↵སྦྱིན་པའི་ཕ་རོལ་ཕྱིན་ཡིན་ན།།↵ད་དུང་འགྲོ་བཀྲེན་ཡོད་ན་ས
807	terminal-particle	26		ཅེས་གསུངས་ཏེ། འགྲོ་བ་ཐམས་ཅད་དབུལ་བ་དང་བྲལ་བར་བྱས་པ་སྦྱིན་པའི་ཕར་ཕྱིན་རྫོགས་པའི་ཚ
808	line-end	34		འོ་ན་སྔོན་བྱོན་གྱི་སངས་རྒྱས་ཐམས་ཅད་ཀྱིས་སྦྱིན་པའི་ཕར་ཕྱིན་མ་རྫོགས་པར་ཐལ་ཏེ། ད་དུ
809	verse-stanza	25		བདོག་པ་ཐམས་ཅད་འབྲས་བཅས་ཏེ།།↵སྐྱེ་བོ་ཀུན་ལ་གཏོང་སེམས་ཀྱིས།།↵སྦྱིན་པའི་ཕ་རོལ་ཕྱིན་
810	terminal-particle	59		ཞེས་གསུངས་ཏེ། སེར་སྣ་དང་བྲལ་བས་བདོག་པ་ཐམས་ཅད་ཆགས་མེད་དུ་ཐམས་ཅད་ལ་ཐམས་ཅད་དུ་གཏོང་
811	terminal-particle	32		ཞེས་དང༌། ཡེ་ཤེས་རྨད་དུ་བྱུང་བའི་མདོ་ལས། གཏོང་བའི་སེམས་ཀུན་ཏུ་བསྟེན་པ་དང༌། གོམས་པ
812	quote-close	2		ཞེས་སོ།།
813	ordinal-open	8		གཉིས་པ་ཚུལ་ཁྲིམས་སེམས་ཡིན་པ་ནི།
814	verse-stanza	25		ཉ་ལ་སོགས་པ་གང་ཞིག་ཏུ།།↵དེ་དག་གསོད་མི་འགྱུར་བར་བསྐྲད།།↵སྤོང་བའི་སེམས་ནི་ཐོབ་པ་ལས།
815	terminal-particle	29		ཅེས་གསུངས་ཏེ། གཞན་གནོད་གཞི་བཅས་མི་བྱའོ་སྙམ་པའི་སྤོང་སེམས་ལ་ཚུལ་ཁྲིམས་སུ་བཤད་དེ། 
816	terminal-particle	16		ཞེས་དང༌། སྔ་མ་ལྟར་སྤོང་བའི་སེམས་ཀུན་ཏུ་བསྟེན་པ་དང་གོམས་པ། ཞེས་སོགས་སོ།།
817	terminal-particle	95		དེས་ན་ཕ་རོལ་ལ་ཕན་པར་གྱུར་ཀྱང་རུང་མ་གྱུར་ཡང་རུང་རང་ཉིད་ཀྱིས་ཕན་པར་བསམས་པའི་ཆ་ནས་ད
818	terminal-particle	74		ཉན་ཐོས་ཀྱི་སྡོམ་པ་ལའང་སྲོག་གཅོད་སྤོང་བ་ལྟ་བུ་ཡུལ་སེམས་ཅན་ཐམས་ཅད་ལས་འཐོབ་པར་འཆད་ལ
819	terminal-particle	53		གལ་ཏེ་ཚུལ་ཁྲིམས་སེམས་མ་ཡིན་ཏེ། སྡོམ་སྡོམ་མིན་བར་མ་ནི་བེམ་པོའི་དབྱེ་བར་བཤད་པའི་ཕྱ
820	ordinal-open	29		གསུམ་པ་བཟོད་པ་སེམས་ཡིན་པ་ལ་གསུམ། རང་རྒྱུད་ཀྱི་ཁྲོ་བ་འཇོམས་པ། དཔེ་བསྟན་པ། དགྲ་ཐམས
821	ordinal-open	3		དང་པོ་ནི།
822	verse-stanza	25		སེམས་ཅན་མི་སྲུན་ནམ་མཁའ་བཞིན།།↵དེ་དག་གཞོམ་གྱིས་ག་ལ་ལང༌།།↵ཁྲོ་བའི་སེམས་འདི་གཅིག་བཅ
823	terminal-particle	68		ཞེས་གསུངས་ཏེ། དེ་ཡང་གཞན་རྒྱུད་ཀྱི་ཁྲོ་བ་ཞི་བ་བཟོད་པའི་ཕར་ཕྱིན་ནོ་ཞེ་ན། འོ་ན་སྔོན
824	quote-close	2		ཞེས་སོ།།
825	ordinal-open	4		གཉིས་པ་དཔེ་ནི།
826	verse-stanza	25		ས་སྟེང་འདི་དག་ཀོས་གཡོག་ཏུ།།↵དེ་སྙེད་ཀོ་བས་ག་ལ་ལང༌།།↵ལྷམ་ཐིལ་ཙམ་གྱི་ཀོ་བས་ནི།།↵ས་
827	line-end	45		ཞེས་གསུངས་ཏེ། དཔེར་ན་ཚེར་མ་ལས་སྐྱོབ་པའི་ཕྱིར། ས་སྟེང་ཀོ་བས་གཡོགས་ཀྱིས་མི་ལང་མོད་
828	ordinal-open	16		གསུམ་པ་དགྲ་ཐམས་ཅད་ཐུལ་བར་འགྱུར་བའི་དོན་དང་སྦྱར་ནས་བསྟན་པ་ནི།
829	verse-stanza	25		དེ་བཞིན་ཕྱི་རོལ་དངོས་པོ་ཡང༌།།↵བདག་གིས་ཕྱིར་ཟློག་མི་ལང་གིས།།↵བདག་གི་སེམས་འདི་ཕྱིར
830	terminal-particle	44		ཞེས་གསུངས་ཏེ། དེ་བཞིན་དུ་གཞན་རྒྱུད་ཀྱི་ཁྲོ་བ་མཐའ་དག་བདག་གིས་ལྡོག་མི་ནུས་ཀྱི་དེའི
831	terminal-particle	205		མདོར་ན་བྱང་ཆུབ་སེམས་དཔའ་ལ་ལུས་དང་ལོངས་སྤྱོད་ལ་བསྣུན་པ་དང་ཕྲོགས་པ་ལ་སོགས་པ་བྱས་ཀྱ
832	terminal-particle	72		དེས་ན་བྱང་ཆུབ་སེམས་དཔའ་ལ་གནོད་པ་ནི་ཁྲོ་བ་དང་འཁྲུག་པ་ཉིད་ཡིན་ལ། དེ་ནི་བདག་རྒྱུད་ལ
833	ordinal-open	8		བཞི་པ་བརྩོན་འགྲུས་སེམས་ཡིན་པ་ནི།
834	verse-stanza	25		སེམས་གསལ་གཅིག་སྐྱེད་འབྲས་བུ་གང༌།།↵ཚངས་ལ་སོགས་པ་ཡིན་པ་ལྟར།།↵ལུས་ངག་བཅས་པའི་འབྲས་བ
835	terminal-particle	72		ཞེས་གསུངས་ཏེ། མྱང་འདས་ཀྱི་མདོར། མ་སྨད་གཉིས་ཆུས་ཁྱེར་བ་ན་གཅིག་ལ་གཅིག་བྱམས་པ་དང་ལྡ
836	terminal-particle	22		དེས་ན་དགེ་བ་ལ་སྤྲོ་ཞིང་བརྩོན་པའི་བློ་ལ་བརྩོན་འགྲུས་སུ་བྱས་པ་སྟེ། བརྩོན་གང་དགེ་ལ་
837	terminal-particle	5		ཞེས་འཆད་པར་འགྱུར་རོ།།
838	ordinal-open	8		ལྔ་པ་བསམ་གཏན་སེམས་ཡིན་པ་ནི།
839	verse-stanza	25		བཟླས་བརྗོད་དང་ནི་དཀའ་ཐུབ་ཀུན།།↵ཡུན་རིང་དུས་སུ་སྤྱད་བྱས་ཀྱང༌།།↵སེམས་གཞན་གཡེངས་པས་
840	terminal-particle	63		ཞེས་གསུངས་ཏེ། དགེ་བ་ལ་སེམས་རྩེ་གཅིག་པ་ལ་བསམ་གཏན་དུ་གསུངས་ཀྱི་སེམས་ཡན་པར་བཏང་བའི་
841	quote-close	2		ཞེས་སོ།།
842	ordinal-open	14		དྲུག་པ་ཤེས་རབ་སེམས་ཡིན་པ་ནི། གང་གིས་ཆོས་ཀྱི་དོན་པོ་མཆོག།
843	verse-stanza	19		སེམས་ཀྱི་གསང་འདི་མ་ཤེས་ན།།↵བདེ་འཐོབ་སྡུག་བསྔལ་གཞོམ་འདོད་ཀྱང༌།།↵དེ་དག་དོན་མེད་གྱི
844	terminal-particle	16		ཞེས་གསུངས་ཏེ། ཆོས་ཐམས་ཅད་སེམས་ཀྱི་རྗེས་སུ་འབྲང་བའི་ཕྱིར་ཆོས་ཀྱི་གཙོ་བོའོ།།
845	terminal-particle	46		རྟག་ཏུ་འགྲོགས་ཀྱང་རྟོགས་པར་དཀའ་ཞིང་ཐོས་བསམ་སྒོམ་པའི་ཤེས་པས་མི་ཕིགས་ལ་རང་གིས་རང་ར
846	terminal-particle	30		འདི་ཞེས་བྱ་བ་ནི། སྐབས་དེར་སློབ་དཔོན་ཉིད་ཀྱིས་ཇི་ལྟར་གཟིགས་པའི་དོན་འདི་ལྟ་བུ་ཞེས་
847	terminal-particle	23		འདི་མ་ཤེས་པའི་ལམ་ཐམས་ཅད་ནི་ཀུན་རྫོབ་ཁོ་ནར་ཟད་པས་འཇིག་རྟེན་ལས་འདའ་མི་ནུས་པའི་དོན་
848	terminal-particle	39		འདི་མ་ཤེས་ན་དོན་མེད་དུ་གྱི་ནར་ཇི་ལྟར་འཁྱམ་ཞེ་ན། ཕྱི་རོལ་པ་རྣམས་ཀྱིས་མེ་ལྔ་བསྟེན་
849	ordinal-open	55		གསུམ་པ་དེས་ན་སེམས་སྲུང་བ་ལ་འབད་པར་སྟོན་པ་ལ་ལྔ། སེམས་སྲུང་བ་མ་གཏོགས་བྱ་བ་གཞན་མེད་
850	ordinal-open	3		དང་པོ་ནི།
851	verse-stanza	25		དེ་ལྟས་བདག་གི་སེམས་འདི་ནི།།↵ལེགས་བཟུང་ལེགས་པར་སྲུང་བར་བྱ།།↵སེམས་སྲུང་བརྟུལ་ཞུགས་
852	terminal-particle	37		ཞེས་གསུངས་ཏེ། དེས་ན་རང་གི་སེམས་སྲུང་བ་ལས་གཞན་པའི་བརྟུལ་ཞུགས་ཅི་ཡང་བརྩམ་པར་མི་བྱ་
853	terminal-particle	58		ཞེས་དང༌། འགྲེལ་ཆེན་དུ། ཆོས་ཡང་དག་པར་སྡུད་པའི་མདོ་དྲངས་པ། བྱང་ཆུབ་སེམས་དཔའ་རྣམ་པར
854	terminal-particle	30		དེ་ལྟ་བས་ན་བདག་གིས་རང་གི་སེམས་ཤིན་ཏུ་བཟུང་བ་དང༌། ཤིན་ཏུ་སྦྱངས་ཏེ་མཐར་ཐུག་སེམས་ཐུ
855	terminal-particle	71		དེ་ཅིའི་ཕྱིར་ཞེ་ན། སེམས་གང་ན་མཆིས་པ་དེ་ན་ཡོན་ཏན་དང་ཉེས་པ་རྣམས་མཆིས་ཀྱི། སེམས་མ་མ
856	quote-close	2		ཞེས་སོ།།
857	ordinal-open	5		གཉིས་པ་སྲུང་ཚུལ་ནི།
858	verse-stanza	25		མ་གྲངས་གྲོལ་བའི་ཁྲོད་གནས་པས།།↵བསྒྲིམས་ཏེ་རྨ་ཡི་བག་བྱེད་བཞིན།།↵སྐྱེ་བོ་ངན་ཁྲོད་གན
859	terminal-particle	134		ཞེས་གསུངས་ཏེ། མ་གྲངས་པ་ནི་རླངས་པ་མ་ཡོལ་བ་ལྟ་བུ་སྟེ། ཤེད་མ་བྱེ་བའི་དོན་གྱི་བརྡ་རྙ
860	ordinal-open	8		གསུམ་པ་དེའི་འཐད་པ་བསྟན་པ་ནི།
861	verse-stanza	25		རྨ་ཡི་སྡུག་བསྔལ་ཆུང་ངུ་ཡིས།།↵སྐྲག་པའང་རྨ་ཡི་བག་བྱེད་ན།།↵བསྡུས་འཇོམས་རིས་འཇོམས་སྐ
862	terminal-particle	49		ཞེས་གསུངས་ཏེ། ལུས་ཀྱི་རྨ་ནི་རང་བཞིན་གྱིས་ཀྱང་འཚོ་བ་དང་ཤིན་ཏུ་འཇིགས་པ་ཆེ་ཡང་ཤི་ནས
863	ordinal-open	14		བཞི་པ་དེ་ལྟར་སྤྱོད་པ་ལ་ཉེས་པས་གླགས་མི་རྙེད་པ་ནི།
864	verse-stanza	25		སྤྱོད་པ་འདི་འདྲས་གནས་བྱེད་ན།།↵སྐྱེ་བོ་ངན་པའི་ཁྲོད་གནས་སམ།།↵བུད་མེད་ཁྲོད་ན་གནས་ཀྱ
865	terminal-particle	40		ཞེས་གསུངས་ཏེ། སྤྱོད་པ་འདིས་ནི་ཞེ་སྡང་གི་ཡུལ་དགྲ་དང་ཆགས་ཡུལ་བུད་མེད་ཀྱི་ནང་སོགས་ག
866	ordinal-open	18		ལྔ་པ་ལུས་སྲོག་དང་དགེ་བ་གཞན་བློས་བཏང་ནས་སེམས་སྲུང་དགོས་པར་བསྟན་པ་ནི།
867	verse-stanza	25		བདག་གི་རྙེད་དང་བཀུར་སྟི་དང༌།།↵ལུས་དང་འཚོ་བ་མེད་སླ་ཞིང༌།།↵དགེ་བ་གཞན་ཡང་ཉམས་སླ་ཡི།
868	terminal-particle	39		ཞེས་གསུངས་ཏེ། དེས་ན་སེམས་ལ་མི་ཕན་པའི་དགེ་བར་སྣང་བའང་དོར་ཏེ་སེམས་སྲུང་ན་ལུས་སྲོག་
869	ordinal-open	22		གཉིས་པ་དེའི་ཐབས་དྲན་པ་དང་ཤེས་བཞིན་ལ་གསུམ། མདོར་བསྟན། དྲན་ཤེས་མེད་པའི་སྐྱོན་ལྔ་བཤ
870	ordinal-open	3		དང་པོ་ནི།
871	verse-stanza	25		སེམས་སྲུང་འདོད་པ་རྣམས་ལ་ནི།།↵དྲན་པ་དང་ནི་ཤེས་བཞིན་དག།↵སྲོག་ལ་བབ་ཀྱང་སྲུངས་ཤིག་ཅེ
872	terminal-particle	63		ཅེས་གསུངས་ཏེ། སེམས་སྲུང་བའི་ཐབས་ཅི་ཞེ་ན། བྱང་ཆུབ་ཀྱི་སེམས་མི་བརྗེད་པའི་དྲན་པ་དང༌
873	terminal-particle	5		ཞེས་པའི་དོན་ཅན་ནོ།།
874	ordinal-open	56		གཉིས་པ་དྲན་ཤེས་མེད་པའི་སྐྱོན་ལྔ་བཤད་པ་ནི། དྲན་ཤེས་མེད་པའི་སྐྱོན་བྱ་བ་ལ་མཐུ་ཆུང་བ
875	ordinal-open	3		དང་པོ་ནི།
876	verse-stanza	25		ནད་ཀྱིས་དཀྲུགས་པའི་མི་དག་ནི།།↵ལས་རྣམས་ཀུན་ལ་མཐུ་མེད་པ།།↵དེ་བཞིན་རྨོངས་པས་སེམས་དཀ
877	terminal-particle	16		ཞེས་གསུངས་ཏེ། དྲན་ཤེས་མེད་པའི་རྨོངས་པས་ནི་བྱ་བ་གང་ཡང་མི་འགྲུབ་པའོ།།
878	ordinal-open	19		གཉིས་པ་ཁྱད་པར་ཤེས་བཞིན་མེད་པའི་སྐྱོན་ཤེས་རབ་ཕུན་སུམ་ཚོགས་པར་མི་འགྱུར་བ་ནི།
879	verse-stanza	25		ཤེས་བཞིན་མེད་པའི་སེམས་ལྡན་པའི།།↵ཐོས་དང་བསམ་དང་སྒོམ་པ་ཡང༌།།↵གློ་བརྡོལ་བུམ་པའི་ཆུ་
880	terminal-particle	25		ཞེས་གསུངས་ཏེ། བུམ་པ་གློ་བརྡོལ་བར་ཆུ་མི་གནས་པ་ལྟར་ཤེས་བཞིན་མེད་ན་ཐོས་བསམ་སྒོམ་པ་ག
881	ordinal-open	12		གསུམ་པ་ཚུལ་ཁྲིམས་ཕུན་སུམ་ཚོགས་པར་མི་འགྱུར་བ་ནི།
882	verse-stanza	25		ཐོས་ལྡན་དད་པ་ཅན་དང་ནི།།↵བརྩོན་པ་ལྷུར་ལེན་དུ་མ་ཡང༌།།↵ཤེས་བཞིན་མེད་པའི་སྐྱོན་ཆགས་པ
883	terminal-particle	17		ཞེས་གསུངས་ཏེ། ཤེས་བཞིན་མེད་ན་ཐོས་སོགས་ཡོད་ཀྱང་ལྟུང་བ་དང་བཅས་པར་འགྱུར་བའོ།།
884	ordinal-open	15		བཞི་པ་བསགས་པའི་དགེ་བ་འཇིག་པ་ནི། ཤེས་བཞིན་མེད་པའི་ཆོམ་རྐུན་དག།
885	verse-stanza	19		དྲན་པ་ཉམས་པའི་རྗེས་འབྲངས་པས།།↵བསོད་ནམས་དག་ནི་ཉེར་བསགས་ཀྱང༌།།↵རྐུན་པོས་ཕྲོགས་བཞིན
886	line-end	27		ཞེས་གསུངས་ཏེ། ཤེས་བཞིན་མེད་ན་ཁོང་ཁྲོ་སོགས་སྐྱེ་ལ་དེས་དགེ་བ་འཇོམས་ཏེ། བསྐལ་པ་སྟོང
887	ordinal-open	11		ལྔ་པ་མ་བསགས་པའི་དགེ་བ་མི་འགྲུབ་པ་ནི།
888	verse-stanza	25		ཉོན་མོངས་ཆོམ་རྐུན་ཚོགས་འདི་ནི།།↵གླགས་སྐབས་ཚོལ་བར་བྱེད་པ་སྟེ།།↵གླགས་རྙེད་གྱུར་ན་ད
889	terminal-particle	28		ཅེས་གསུངས་ཏེ། བདག་རྒྱུད་ལ་གནས་པའི་ཉོན་མོངས་པ་ཆོམ་རྐུན་ལྟ་བུ་སྲུང་བ་ལ་ཤེས་བཞིན་གྱ
890	ordinal-open	40		གསུམ་པ་དྲན་པ་སྲུང་ཚུལ་ལ་བཞི། དྲན་པ་སྲུང་བ་དངོས་བཤད། དྲན་པ་སྐྱེ་བའི་རྒྱུ་ལྔ་བཤད། 
891	ordinal-open	3		དང་པོ་ནི།
892	verse-stanza	13		དེ་བས་དྲན་པ་ཡིད་སྒོ་ནས།།↵གུད་དུ་ནམ་ཡང་མི་བཏང་ངོ༌།།
893	terminal-particle	55		སོང་ནའང་ངན་སོང་གནོད་པ་དག། དྲན་པར་བྱས་ཏེ་ཉེ་བར་བཞག། ཅེས་གསུངས་ཏེ། དེ་ཡང་དགེ་བའི་ད
894	ordinal-open	11		གཉིས་པ་དྲན་པ་སྐྱེ་བའི་རྒྱུ་ལྔ་བཤད་པ་ནི།
895	verse-stanza	25		བླ་མ་དང་ནི་འགྲོགས་པ་དང༌།།↵མཁན་པོས་རྗེས་སུ་བསྟན་པ་དང༌།།↵འཇིགས་པས་སྐལ་ལྡན་གུས་བྱེད
896	terminal-particle	67		ཅེས་གསུངས་ཏེ། དགེ་བའི་བཤེས་གཉེན་ཚུལ་བཞིན་བསྟེན་པ་དང་། དེས་སེམས་འདུལ་བའི་གདམས་ངག་
897	ordinal-open	20		གསུམ་པ་ཁྱད་པར་གུས་པ་དང་འཇིགས་པ་སྐྱེད་ཚུལ་བཤད་པ་ནི། སངས་རྒྱས་བྱང་ཆུབ་སེམས་དཔའ་དག།
898	verse-stanza	25		ཀུན་ཏུ་ཐོགས་མེད་གཟིགས་པར་ལྡན།།↵དེ་དག་ཐམས་ཅད་སྤྱན་སྔ་ན།།↵བདག་ནི་རྟག་པར་གནས་སོ་ཞེས
899	verse-stanza	19		འཇིགས་བཅས་དྲན་པ་རྟག་ཏུ་བཞག།↵དེས་ནི་སངས་རྒྱས་རྗེས་དྲན་པའང༌།།↵དེ་ལ་ཡང་དང་ཡང་དུ་འབྱ
900	terminal-particle	102		ཞེས་གསུངས་ཏེ། དེ་ལས་འཇིགས་པ་དང་གུས་པ་དེ་གང་ཞེ་ན། མིག་ལྡན་གྱི་མདུན་ན་ལོང་བ་འཁོད་པ
901	terminal-particle	21		ཞེས་འཇིགས་ཤིང་ངོ་ཚ་ཤེས་པ་དང༌། དེ་རྣམས་དང་བསླབ་པ་ལ་གུས་པའི་དྲན་པ་དྲག་ཏུ་སྐྱེད་པའོ
902	terminal-particle	37		དེ་ལྟར་བསྒྲུབས་ན་ནི་སངས་རྒྱས་ལ་དམིགས་པའི་བློ་དེ་ཉིད་ལ་སངས་རྒྱས་རྗེས་སུ་དྲན་པ་ཞེས
903	ordinal-open	16		བཞི་པ་དྲན་པ་བསྲུངས་ན་ཤེས་བཞིན་རང་བཞིན་གྱིས་འོང་བར་བསྟན་པ་ནི།
904	verse-stanza	25		གང་ཚེ་དྲན་པ་ཡིད་སྒོ་ནས།།↵སྲུང་བའི་དོན་དུ་གནས་གྱུར་པ།།↵དེ་ཚེ་ཤེས་བཞིན་འོང་འགྱུར་ཞ
905	terminal-particle	31		ཞེས་གསུངས་ཏེ། གང་དྲན་པ་མ་ཉམས་པ་དེ་ཉིད་ལ་ཤེས་བཞིན་ཞེས་མིང་དུ་འདོགས་པའི་ཕྱིར་དེ་ལྟ
906	ordinal-open	38		གསུམ་པ་སེམས་སྲུང་བའི་སྤྱོད་པ་ལ་བསླབ་པ་ལ་གསུམ། ཉེས་སྤྱོད་སྡོམ་པའི་སྤྱོད་པ་ལ་བསླབ་
907	ordinal-open	21		དང་པོ་ལ་གཉིས། ལུས་སེམས་ཀྱི་ཁ་ན་མ་ཐོ་བ་སྤང་བ་དང༌། རྣམ་པར་གཡེང་བ་ཕྲ་མོ་སྤང་བའོ།།
908	ordinal-open	28		དང་པོ་ལ་གསུམ། ལུས་ཀྱི་ཁ་ན་མ་ཐོ་བ་སྤང་བ། སེམས་ཀྱི་ཁ་ན་མ་ཐོ་བ་སྤང་བ། མི་ནུས་པའི་དུ
909	ordinal-open	32		དང་པོ་ལ་བཞི། རྩ་བ་ཀུན་སློང་ལ་བརྟག་པར་བསྟན། དགོས་མེད་དུ་ལྟ་བ་སྤང༌། དེའི་གནང་བཀག་བ
910	ordinal-open	3		དང་པོ་ནི།
911	verse-stanza	25		རེ་ཞིག་དང་པོར་འདི་འདྲའི་སེམས།།↵འདི་ནི་སྐྱོན་བཅས་ཤེས་བྱས་ནས།།↵དེ་ཚེ་བདག་གིས་ཤིང་བ
912	line-end	114		ཞེས་གསུངས་ཏེ། དེ་ཡང་རེ་ཞིག་དང་པོར་ཞེས་བྱ་བ་ནི་སྒོ་གསུམ་གྱི་བྱ་བ་གང་རྩོམ་ཡང་དེའི་
913	verse-stanza	13		འདོད་ཆགས་ཞེ་སྡང་གཏི་མུག་གསུམ།།↵དེས་བསྐྱེད་ལས་ནི་མི་དགེ་བ།།
914	quote-close	2		ཞེས་སོ།།
915	terminal-particle	86		རང་དོན་ཞི་བདེ་འདོད་པའི་བློས་ཡིན་ན་ཉན་རང་གི་དགེ་བར་འགྱུར་ཡང་ཐེག་ཆེན་གྱི་མི་དགེ་བ་
916	terminal-particle	147		ཞེས་ཤེས་པར་བྱས་ནས་ཀུན་སློང་དེའི་གཉེན་པོ་འཁོར་བའི་ཉེས་དམིགས་སམ། ཚེ་འདི་སྙིང་པོ་མེ
917	ordinal-open	10		གཉིས་པ་དགོས་མེད་དུ་ལྟ་བ་སྤང་བ་ནི།
918	verse-stanza	25		དོན་མེད་གཡེང་བར་ལྟ་བ་ནི།།↵ནམ་ཡང་བདག་གིས་མི་བྱ་སྟེ།།↵ངེས་པར་སེམས་པས་རྟག་ཏུ་ནི།།↵མ
919	terminal-particle	80		ཞེས་གསུངས་ཏེ། མིག་ཕབ་སྟེ་ལྟ་བ་ནི་རྟག་པར་གཉའ་ཤིང་གང་ཙམ་གྱི་མདུན་དུ་ལྟ་བ་སྟེ། དེས་
920	terminal-particle	63		འོན་ཀྱང་བྱང་ཆུབ་སེམས་དཔའི་སྤྱོད་པ་ནི་བསམ་པས་འབྱེད་དགོས་པས་ཤིན་ཏུ་ཕྲ་བ་ཡིན་ཏེ། གཉ
921	ordinal-open	8		གསུམ་པ་དེའི་གནང་བཀག་བསྟན་པ་ནི།
922	verse-stanza	25		བལྟས་པས་ངལ་གསོའི་ཆེད་དུ་ནི།།↵རེས་འགའ་ཕྱོགས་སུ་བལྟ་བར་བྱ།།↵འགའ་ཞིག་མིག་ལམ་སྣང་གྱུ
923	verse-stanza	25		ལམ་སོགས་འཇིགས་པ་བརྟག་པའི་ཕྱིར།།↵ཡང་དང་ཡང་དུ་ཕྱོགས་བཞིར་བལྟ།།↵ངལ་གསོ་ཁ་ནི་ཕྱིར་བལ
924	terminal-particle	34		ཞེས་གསུངས་ཏེ། གཉའ་ཤིང་གང་ཙམ་ལྟ་བས་དུབ་སྟེ་རབ་རིབ་ཏུ་གྱུར་པ་སོགས་ནི་ངལ་གསོ་བའི་ཆེ
925	terminal-particle	18		སྤྱིར་བྱང་ཆུབ་སེམས་དཔས་གཟུགས་ལ་ལྟ་བ་ན་སྒྱུ་མ་ལྟ་བུར་ཡིད་ལ་བྱེད་དོ།།
926	terminal-particle	41		སེམས་ཅན་ལ་ལྟ་བ་ན་རུས་པའི་འཕྲུལ་འཁོར་བསྐྱོད་པ་ཙམ་དང༌། སྡུག་བསྔལ་གྱི་རང་བཞིན་ལ་བརྩ
927	terminal-particle	15		ཞེས་སམ། རྨི་ལམ་མམ། ནམ་མཁའ་ལྟ་བུར་ཡོངས་སུ་ལྟ་ཞིང་ཡིད་ལ་བྱེད་དོ།།
928	terminal-particle	72		ལྟ་སྟངས་མི་གཡེང་བ་སོགས་ཀྱང་སེམས་སྲུང་བའི་ཆེད་ཡིན་པས་གཟུགས་སོགས་རང་རྒྱུད་པར་ཞེན་ཞ
929	terminal-particle	7		གཞན་མཐོང་ན་འོངས་པ་ལེགས་སོ།།
930	terminal-particle	40		ཞེས་བརྗོད་པ་ནི་ཕ་རོལ་པོ་མི་དགའ་བ་སྤང་བའི་དོན་ཏེ། ཡུལ་གྲུ་ཁ་ཅིག་ན་དེ་ལྟར་མ་སྨྲས་ན
931	terminal-particle	30		ལམ་སོགས་སུ་འཇིགས་པ་བརྟག་པ་དང་རྒྱབ་ཏུ་ལྟ་བ་སོགས་ཀྱང་དེའི་དགོས་པ་དང་ལྡན་ན་བྱ་སྟེ་ལ
932	terminal-particle	19		འགྲེལ་ཆེན་ལས། ཕྱོགས་ཐམས་ཅད་དུ་བལྟ་དགོས་ན་རྒོད་པའི་རྣམ་པ་སྤང་བའི་ཕྱིར་བསྡད་དེ་བལྟ
933	quote-close	2		ཞེས་སོ།།
934	ordinal-open	17		བཞི་པ་མདོར་ན་ལུས་ཀྱི་གནས་སྐབས་དོན་མེད་དུ་མི་བཞག་པ་བསྟན་པ་ནི།
935	verse-stanza	25		མདུན་དང་རྒྱབ་ཏུ་བརྟག་བྱས་ནས།།↵འགྲོ་འམ་ཡང་ན་འོང་བྱ་སྟེ།།↵དེ་ལྟར་གནས་སྐབས་ཐམས་ཅད་ད
936	verse-stanza	25		ལུས་ཀྱིས་འདི་ལྟར་གནས་བྱ་ཞེས།།↵བྱ་བ་བསྡོགས་ནས་དེ་ནས་ནི།།↵སྐབས་སུ་ལུས་འདི་ཇི་ལྟ་བུ
937	line-end	16		ཞེས་གསུངས་ཏེ། མདོར་ན་དེས་མཚོན་ནས་སྤྱོད་པ་ཐམས་ཅད་ལ་རིགས་འགྲེ་བ་སྟེ།
938	verse-stanza	13		དེ་ལྟར་གནས་སྐབས་ཐམས་ཅད་དུ།།↵དགོས་པ་ཤེས་ནས་སྤྱད་པར་བྱ།།
939	terminal-particle	29		ཞེས་བདག་གཞན་ལ་ཕན་པར་མཐོང་ན་ཤེས་བཞིན་དུ་སྤྱད་ཀྱི། མི་ཕན་པ་དང་སྙིང་པོ་མེད་པའི་ལུང་
940	terminal-particle	38		ལུས་ཀྱིས་འདི་ལྟར་གནས་བྱ་ཞེས།། ཞེས་པ་ནི་མཚོན་པ་སྟེ། ཉིན་ཞག་འདི་དང༌། ཐུན་འདི་དང༌། 
941	line-end	60		ཞེས་དམ་བཅའི་གོ་བསྒོས་ཏེ་ཤེས་བཞིན་གྱིས་བསྒྲུབ་པར་བྱ་ལ། སྐབས་སུ་གཉེན་པོའི་ཤེས་པ་རྒ
942	verse-stanza	25		སེམས་ཀྱི་གླང་ཆེན་མྱོས་པ་ནི།།↵ཆོས་ལ་སེམས་པའི་ཀ་ཆེན་ལ།།↵ཇི་ལྟར་བཏགས་པ་མི་འཆོར་བར།།
943	verse-stanza	19		ཅི་ནས་ཏིང་འཛིན་བརྩོན་པ་ནི།།↵སྐད་ཅིག་གཅིག་ཀྱང་མི་འཆོར་བར།།↵བདག་གི་ཡིད་འདི་གར་སྤྱོ
944	terminal-particle	111		དེ་ལྟར་ཡིད་ལ་སོ་སོར་བརྟག། ཅེས་གསུངས་ཏེ། གླང་པོ་ཆེ་ནི་སྟོབས་ཆེ་ཞིང་རང་བཞིན་གྱིས་མ
945	line-end	41		ཤེས་བཞིན་ཐག་པ་ལྟ་བུ་དེ་ཡང་གང་ཞེ་ན། ཅི་ནས་ཀྱང་ཏིང་ངེ་འཛིན་ལས་བརྩོན་པ་སྐད་ཅིག་ཀྱང་
946	verse-stanza	25		འཇིགས་དང་དགའ་སྟོན་སོགས་འབྲེལ་བས།།↵གལ་ཏེ་མི་ནུས་ཅི་བདེར་བྱ།།↵འདི་ལྟར་སྦྱིན་པའི་དུ
947	line-end	44		ཞེས་གསུངས་ཏེ། གང་ཡང་རུང་བའི་འཇིགས་པས་གཡེངས་ཏེ་རྟབ་རྟབ་པོར་གྱུར་པ་དང༌། དགའ་སྟོན་ག
948	verse-stanza	13		དོན་མེད་གཡེང་བར་ལྟ་བ་ནི།།↵ནམ་ཡང་བདག་གིས་མི་བྱ་སྟེ།།
949	terminal-particle	63		ཞེས་སོགས་རྩེ་གཅིག་ཏུ་མཉམ་པར་འཇོག་མི་ནུས་ན་ཇི་ལྟར་བྱ་ཞེ་ན། དེའི་ཚེ་ཅི་བདེ་བར་སྤྱོ
950	terminal-particle	45		ཞེས་གསུངས་པ་དང་རྒྱུ་མཚན་མཚུངས་པའི་ཕྱིར། གནང་བ་འདི་ཡང་ལུས་ངག་གི་སྤྱོད་པ་ཕྲ་མོ་རྣམ
951	terminal-particle	44		དེའི་ཚེ་ལྟུང་མེད་ཀྱི་རྒྱུ་མཚན་ཅི་ཞེ་ན། འདི་ལྟར་སྦྱིན་པའི་དུས་དག་ཏུ་ཚུལ་ཁྲིམས་བཏང
952	terminal-particle	66		ཞེས་སྤྱིར་ཕན་ཡོན་ཆེ་ཆུང་གི་ཁྱད་ཡོད་མོད་ནའང་གཙོ་བོར་སྦྱིན་པ་སྒྲུབ་པའི་ཚེ་དེ་དང་འག
953	line-end	152		གལ་ཏེ་གཙོ་བོ་ཚུལ་ཁྲིམས་དོར་ནས་གཙོ་བོ་མ་ཡིན་པའི་སྦྱིན་པ་ལྷུར་བྱེད་པ་མི་རིགས་ཏེ། ཆ
954	verse-stanza	25		གང་ཞིག་བསམས་ཏེ་བྱར་བརྩམས་པ།།↵དེ་ལས་གཞན་དུ་མི་བསམ་སྟེ།།↵དེར་གཏད་པ་ཡིས་བསམ་པ་ཡིས།།
955	line-end	39		ཞེས་གསུངས་ཏེ། ཁྱད་པར་འདིར་ནི་གང་ཐོག་མར་བྱ་བར་བརྩམས་པའི་སྦྱིན་པ་ལྟ་བུ་དེ་སྲོག་ལ་བ
956	verse-stanza	25		དེ་ལྟ་ན་ནི་ཀུན་ལེགས་བྱས།།↵གཞན་དུ་གཉི་གར་མི་འགྱུར་རོ།།↵ཤེས་བཞིན་མ་ཡིན་ཉེ་ཉོན་མོངས
957	terminal-particle	51		ཞེས་གསུངས་ཏེ། དེ་ལྟར་བྱས་ན་ཕྱི་མ་ཡང་གདོན་མི་ཟ་བར་གྲུབ་པར་འགྱུར་བས་སྔ་ཕྱི་ཀུན་ལེག
958	terminal-particle	30		དེས་ན་གང་བརྩམས་པ་དེ་མཐར་ཕྱིན་པར་སྒྲུབ་པར་བྱས་ན་ཤེས་བཞིན་མ་ཡིན་པའི་ཉེ་ཉོན་བརྗེད་ང
959	line-end	8		ལུགས་ཀྱི་བསྟན་བཅོས་ཙ་ན་ཀར་ཡང༌།
960	verse-stanza	25		སྔ་མ་མ་ཚར་གཞན་བསྒྲུབས་ན།།↵གཉིས་ཀ་མི་འགྲུབ་ངལ་བའི་གནས།།↵རྐང་པ་ཡ་གཅིག་མ་ཚུགས་པར།།↵
961	quote-close	2		ཞེས་སོ།།
962	ordinal-open	23		གཉིས་པ་རྣམ་པར་གཡེང་བ་ཕྲ་མོ་སྤང་བ་ལ་གཉིས། ལུས་ཀྱི་སྤྱོད་པ་སྲུང་བ་དང༌། སེམས་ཀྱི་སྤ
963	ordinal-open	23		དང་པོ་ལ་གསུམ། གཡེང་བ་ལ་དགའ་བ་སྤང་བ། དོན་མེད་ཀྱི་སྤྱོད་པ་སྤང་བ། གཙོ་བོར་སེམས་ཀྱི་
964	ordinal-open	3		དང་པོ་ནི།
965	verse-stanza	25		བྲེ་མོའི་གཏམ་ནི་སྣ་ཚོགས་དང༌།།↵ངོ་མཚར་ལྟད་མོ་རྣམ་མང་པོ།།↵ཀུན་ལ་འཇུག་པར་གྱུར་པ་ན།།
966	terminal-particle	13		ཞེས་གསུངས་ཏེ། ཀུ་རེ་དང་ཀྱལ་ཀའི་ཚིག་ནི་བྲེ་མོའི་གཏམ་མོ།།
967	terminal-particle	20		སྒྱུ་མ་ལ་སོགས་པ་ངོ་མཚར་བར་གྲགས་པའི་རྩེད་མོ་ལ་ལྟ་བ་འདུས་པ་ནི་ལྟད་མོའོ།།
968	line-end	31		རེ་ཞིག་གཞན་སེམས་སྲུང་བ་སོགས་ཀྱི་དགོས་པའི་དབང་ལས་དེ་དག་ལ་འཇུག་དགོས་ནའང་ཞེན་པས་མ་ཡ
969	verse-stanza	25		ཤི་རྒྱུས་ཤི་བའི་པགས་པ་དང༌།།↵འཆི་འགྱུར་སྐྱེ་བོ་བཞད་གད་མཁན།།↵འཆི་བའི་སྐྱེ་བོ་ཚོགས་
970	line-end	4		པང་ནས་སྐྱེས་ཀྱིས།
971	verse-stanza	25		རྒྱན་རྣམས་ཐམས་ཅད་ཁུར་ཡིན་ཏེ།།↵གར་རྣམས་ཐམས་ཅད་ཐོ་འཚམས་པ།།↵གླུ་རྣམས་ཐམས་ཅད་ངུ་བའི་
972	line-end	19		ཞེས་སྨྲས་པ་ལྟར། དེ་དག་ནི་སྙིང་རྗེའི་གནས་ཡིན་གྱི་དགའ་བའི་གནས་མ་ཡིན་པའི་ཕྱིར་རོ།།
973	verse-stanza	25		དོན་མེད་ས་རྐོ་རྩྭ་གཅོད་དང༌།།↵ས་རིས་འབྲི་སོགས་བྱེད་གྱུར་ན།།↵བདེ་གཤེགས་བསླབ་པ་དྲན་
974	terminal-particle	57		ཞེས་གསུངས་ཏེ། དགོས་པ་ཁྱད་པར་བ་མེད་པར་ལག་དལ་གྱིས་ས་རྐོ་བ་དང་རྩྭ་གཅོད་པ་དང་ས་གཞི་ལ
975	ordinal-open	36		གསུམ་པ་གཙོ་བོར་སེམས་ཀྱི་ཀུན་སློང་བརྟག་པ་ལ་བཞི། མདོར་བསྟན་པ། ཉོན་མོངས་པའི་སེམས་ཀྱ
976	ordinal-open	3		དང་པོ་ནི།
977	verse-stanza	25		གང་ཚེ་སྐྱོད་པར་འདོད་གྱུར་ཏམ།།↵སྨྲ་བར་འདོད་པར་གྱུར་ན་ཡང༌།།↵དང་པོར་རང་གི་སེམས་བརྟག
978	line-end	2		ཞེས་གསུངས།
979	verse-stanza	25		གང་ཚེ་རང་ཡིད་ཆགས་པ་དང༌།།↵ཁྲོ་བར་མཐོང་བ་དེ་ཡི་ཚེ།།↵ལས་སུ་མི་བྱ་སྨྲ་མི་བྱ།།↵ཤིང་བཞ
980	line-end	2		ཞེས་གསུངས།
981	verse-stanza	25		རྒོད་དང་ག་ཞར་བཅས་པ་དང༌།།↵གལ་ཏེ་ང་རྒྱལ་རྒྱགས་ལྡན་པའམ།།↵མཚང་འབྲུ་བ་ཡི་བསམ་པ་དང༌།།↵
982	verse-stanza	25		གང་ཚེ་བདག་བསྟོད་ལྷུར་ལེན་པའམ།།↵གཞན་ལ་སྨོད་པ་ཉིད་དང་ནི།།↵གཤེ་བཅས་འགྱེད་དང་བཅས་གྱུ
983	verse-stanza	25		རྙེད་དང་བཀུར་སྟི་གྲགས་འདོད་པའམ།།↵གཡོག་འཁོར་དོན་དུ་གཉེར་འདོད་པའམ།།↵བདག་སེམས་རིམ་ག
984	verse-stanza	25		གཞན་དོན་ཡལ་བར་འདོར་བ་དང༌།།↵རང་དོན་གཉེར་བར་འདོད་པ་དང༌།↵སྨྲ་བར་འདོད་པའི་སེམས་བྱུང་
985	verse-stanza	25		མི་བཟོད་ལེ་ལོའི་འཇིགས་པ་དང༌།།↵དེ་བཞིན་སྤྱི་ཏོལ་མུ་ཅོར་དང༌།།↵རང་གི་ཕྱོགས་ཞེན་སེམས
986	line-end	174		ཞེས་གསུངས་ཏེ། ཀུན་སློང་ཉོན་མོངས་པ་ཅན་གྱིས་བྱ་བ་ལ་མི་འཇུག་པར་མ་ཟད་ཁ་ན་མ་ཐོ་བའི་ཕྱ
987	verse-stanza	25		དེ་ལྟར་ཀུན་ནས་ཉོན་མོངས་དང༌།།↵དོན་མེད་བརྩོན་པའི་ཡིད་བརྟགས་ནས།།↵དེ་ཚེ་དཔའ་བོས་གཉེན
988	terminal-particle	28		ཞེས་གསུངས་ཏེ། འདི་རྣམས་ནི། རེ་ཞིག་དང་པོ་འདི་འདྲའི་སེམས།། ཞེས་པའི་མཚན་ཉིད་རྒྱས་པར
989	terminal-particle	24		དེ་ལྟར་ན་འབྲས་བུ་མེད་པའི་སྤྱོད་པ་སྤངས་པས་དོན་མེད་པ་སྤངས་པའི་ཕྱིར་ལུས་སྲུང་བ་བསྟན
990	line-end	9		ལུས་སྲུང་བ་གང་ཞེ་ན། དོན་མེད་སྤོང་བའོ།།
991	verse-stanza	25		དེ་ཀུན་གང་གིས་འཐོབ་ཅེ་ན།།↵འབྲས་བུ་མེད་པའི་སྤྱོད་སྤངས་ལས།།↵དེ་ཡང་རྟག་ཏུ་དྲན་པས་འག
992	verse-stanza	13		གུས་ནི་ཞི་གནས་བདག་ཉིད་ཅེས།།↵ཤེས་པར་གྱུར་ནས་བརྟུན་པ་སྐྱེ།།
993	line-end	2		ཞེས་སོ།།
994	verse-stanza	25		ཤིན་ཏུ་ངེས་དང་རབ་དད་དང༌།།↵བརྟན་དང་གུས་དང་ཞེ་སར་བཅས།།↵ངོ་ཚ་ཤེས་དང་འཇིགས་དང་བཅས།།↵
995	verse-stanza	25		ཕན་ཚུན་མི་མཐུན་བྱིས་པ་ཡི།།↵འདོད་པ་རྣམས་ཀྱིས་མི་སྐྱོ་ཞིང༌།།↵ཉོན་མོངས་སྐྱེས་པས་འདི
996	verse-stanza	25		ཁ་ན་མ་ཐོ་མེད་དངོས་ལ།།↵བདག་དང་སེམས་ཅན་དབང་བྱས་ཤིང༌།།↵སྤྲུལ་པ་བཞིན་དུ་ང་མེད་པར།།↵ཡ
997	verse-stanza	25		རིང་ཞིག་ལོན་ནས་དལ་བའི་མཆོག།↵ཐོབ་པ་ཡང་དང་ཡང་བསམས་ནས།།↵སེམས་དེ་ལྟ་བུར་རི་རབ་ལྟར།།↵
998	terminal-particle	64		ཞེས་གསུངས་ཏེ། བླང་དོར་གྱི་གནས་ལ་མ་འཁྲུལ་བས་ཤིན་ཏུ་ངེས་པ་དང༌། དེ་ཉིད་ལ་རབ་ཏུ་དད་པ
999	terminal-particle	111		སྐྱེས་བུ་དམ་པས་ཁྲེལ་དོགས་པའི་ངོ་ཚ་ཤེས་པ་དང༌། རྣམ་སྨིན་ལ་འཇིགས་པ་དང༌། རང་རྒྱུད་ཞི
1000	terminal-particle	68		ཞེས་ལྷག་པར་བརྩེ་བ་དང༌། སེམས་འཁྲུག་པ་སོགས་ཉོན་མོངས་པ་ཅན་གྱི་ཁ་ན་མ་ཐོ་བ་མེད་པའི་དག
1001	terminal-particle	40		མདོར་ན་དལ་འབྱོར་རྙེད་དཀའ་བ་དང༌། དགེ་བའི་བློ་སྐྱེ་དཀའ་བ་བསམས་ཏེ་ངེས་སོགས་ཀྱི་དགེ་
1002	ordinal-open	29		གཉིས་པ་དགེ་བ་ཆོས་སྡུད་ཀྱི་ཚུལ་ཁྲིམས་ལ་གཉིས། ལུས་ལ་མ་ཆགས་པར་དགེ་བ་ལ་སྦྱོར་བ་དང༌། 
1003	ordinal-open	36		དང་པོ་ལ་ལྔ། ལུས་ལ་རྟོག་པ་མེད་པར་བསྟན། ལུས་མི་གཙང་བར་བསྟན། སྙིང་པོ་མེད་པར་བསྟན། མ
1004	ordinal-open	3		དང་པོ་ནི།
1005	verse-stanza	25		བྱ་རྒོད་ཤ་ལ་ཆགས་པ་ཡིས།།↵ཕན་ཚུན་ཀུན་ནས་བཤལ་ཁྲིད་ཀྱང༌།།↵ལུས་ཁྱོད་མི་དགར་མི་བྱེད་ན།
1006	terminal-particle	58		ཅེས་གསུངས་ཏེ། ལུས་འདི་ནི་རྟོག་པ་མེད་སེམས་པ་མེད་དེ། དུར་ཁྲོད་དུ་བྱ་རྒོད་ཀྱིས་ཕན་ཚ
1007	line-end	16		སེམས་ཀྱིས་བདག་གིར་བཟུང་བས་ལུས་ལ་གནོད་ན་སེམས་མི་དགའ་འོ་ཞེ་ན།
1008	verse-stanza	25		ལུས་འདི་བདག་གིར་བཟུང་བྱས་ནས།།↵ཡིད་ཁྱོད་ཅི་ཕྱིར་སྲུང་བར་བྱེད།།↵ཁྱོད་དང་འདི་གཉིས་ས
1009	terminal-particle	51		ཞེས་གསུངས་ཏེ། སུའི་ཡང་མ་ཡིན་པའི་བེམས་པོ་འདི་ལ་སེམས་སྟོང་པ་གང་དུ་ཡང་མི་ཐོགས་པའི་ཤ
1010	ordinal-open	9		གཉིས་པ་ལུས་མི་གཙང་བར་བསྟན་པ་ནི།
1011	verse-stanza	25		རྨོངས་པའི་ཡིད་ཁྱོད་ཅི་ཡི་ཕྱིར།།↵ཤིང་གཟུགས་གཙང་མ་གཟུང་མི་བྱེད།།↵མི་གཙང་ཚོགས་ཀྱི་འ
1012	line-end	63		ཞེས་གསུངས་ཏེ། སེམས་ཁྱོད་ཅིས་ཀྱང་བདག་གིར་འཛིན་ན་ཤིང་སྡོང་གཙང་མ་འདི་ལ་བདག་གིར་བྱོས
1013	verse-stanza	25		ཐོག་མར་པགས་པའི་རིམ་པ་འདི།།↵རང་གི་བློ་ཡིས་ཐ་དད་ཕྱེ།།↵ཤ་ཡང་རུས་པའི་དྲ་བ་ལས།།↵ཤེས་ར
1014	verse-stanza	25		རུས་པ་རྣམས་ཀྱང་དབྱེ་བྱས་ནས།།↵རྐང་གི་བར་དུ་བལྟ་བྱ་ཞིང༌།།↵འདི་ལ་སྙིང་པོ་ཅི་ཡོད་ཅེས
1015	verse-stanza	25		དེ་ལྟར་འབད་དེ་བཙལ་ཡང་དེར།།↵ཁྱོད་ཀྱིས་སྙིང་པོ་མ་མཐོང་ན།།↵ད་དུང་ཅི་ཕྱིར་ཆགས་ཚུལ་གྱ
1016	terminal-particle	35		ཅེས་གསུངས་ཏེ། ལུས་འདི་ལ་སྙིང་པོ་སྲ་མཁྲང་ཅན་ཡུངས་འབྲུ་ཙམ་ཡང་ཡོད་པ་མ་ཡིན་ཏེ། གཞན་ག
1017	line-end	14		བཙལ་བས་སྙིང་པོ་མ་རྙེད་ན་ནི་ཅི་ཞིག་ལ་ཆགས་པར་བྱེད།
1018	verse-stanza	25		ཁྱོད་ཀྱི་མི་གཙང་བཟར་མི་རུང༌།།↵ཁྲག་ཀྱང་བཏུང་དུ་མི་རུང་ལ།།↵རྒྱུ་ལྟོའང་གཞིབ་ཏུ་མི་ར
1019	verse-stanza	13		ཉིས་ན་ཝ་དང་བྱ་རྒོད་ཀྱིས།།↵ཟས་ཀྱི་དོན་དུ་འདི་སྲུང་རིགས།།
1020	terminal-particle	65		ཞེས་གསུངས་ཏེ། སེམས་ཁྱོད་ལ་ལུས་འདི་མཁོ་བ་ཅུང་ཟད་ཀྱང་མེད་དེ། ཁྱོད་ནི་བཟའ་བཏུང་དོན་
1021	terminal-particle	99		འདིར་དོགས་པ་འདི་འབྱུང་བའི་གནས་ཡོད་དེ། ལུས་དེ་ཙམ་དུ་སྙིང་པོ་མེད་ན་སྔར་དལ་འབྱོར་གྱ
1022	terminal-particle	50		དང་པོའི་ལན་ནི། དེ་ནི་གནས་སྐབས་ཐ་དད་དེ། སྔར་ཆོས་ཀྱི་དོན་དུ་མི་ལུས་དགོས་པར་བཤད་པ་ན
1023	terminal-particle	47		འདིར་ནི་ལུས་ལ་ཞེན་ཞིང་ཆགས་པའི་བློ་འཇོམས་པའི་ཕྱིར་ལུས་ལ་ཆགས་བྱ་མ་ཡིན་པར་བསྟན་པ་སྟ
1024	terminal-particle	10		གཉིས་པའི་ལན་ནི་གཞུང་གིས་འདེབས་པར་འགྱུར་རོ།།
1025	ordinal-open	37		ལྔ་པ་དེ་ལྟར་དགོས་པ་མེད་པ་དེ་ཐབས་ཀྱིས་དགོས་པ་ལ་སྦྱོར་ཞིག་པ་ལ་གསུམ། ལུས་དགེ་བ་ལ་བཀ
1026	ordinal-open	3		དང་པོ་ནི།
1027	verse-stanza	12		མིའོ་ཅོག་གི་ལུས་འདི་ནི།།↵བཀོལ་བར་བྱ་བ་ཉིད་དུ་ཟད།།
1028	terminal-particle	115		ཅེས་གསུངས་ཏེ། དེ་ཡང་མི་འོ་ཅོག་གི་ཞེས་པ་ནི་བདག་ཅག་མིར་སྐྱེས་སོ་ཅོག་གི་ཞེས་པ་སྟེ། 
1029	terminal-particle	60		ལུང་དུ་མ་བསྟན་པའི་ལས་ཀྱང་གནས་སྐབས་ཀྱི་བྱ་བ་ཟིན་པ་ཙམ་དེ་ཉིད་འབྲས་བུར་ཟད་དེ། དེ་ལས
1030	line-end	47		དེས་ན་ལུང་དུ་མ་བསྟན་པ་སྙིང་པོ་མེད་པ་རྣམས་ཀྱང་དོར་ཏེ། མི་དགེ་བའི་བྱ་བ་སྐད་ཅིག་གི་
1031	verse-stanza	25		འདི་ལྟར་ཁྱོད་ཀྱིས་བསྲུངས་ཀྱང་ནི།།↵འཆི་བདག་བརྩེ་བ་མེད་པ་ཡིས།།↵འཕྲོགས་ཏེ་བྱ་དང་ཁྱི
1032	verse-stanza	25		བྲན་གཡོག་བཀོལ་དུ་མི་བཏུབ་ལའང༌།།↵གོས་ལ་སོགས་པ་མི་སྦྱིན་ན།།↵ལུས་འདི་སྙོད་ཀྱང་གཞན་འ
1033	verse-stanza	24		འདི་ལ་གླ་རྔན་བྱིན་ནས་ནི།།↵ད་ནི་རང་དོན་བྱེད་དུ་ཆུག།↵ཕན་པ་མེད་པ་འདི་ལ་ནི།།↵ཐམས་ཅད་
1034	terminal-particle	67		ཞེས་གསུངས་ཏེ། དེ་ཡང་ལུས་འདི་འཕངས་མེད་དུ་དགེ་བ་ལ་བཀོལ་དགོས་ཏེ། ནམ་འཇིག་ཆ་མེད་པའི་
1035	terminal-particle	30		དེ་ཡང་ད་ལྟ་ནས་རིངས་པར་བཀོལ་དགོས་ཏེ། ཚེ་ལ་ངེས་པ་མེད་ནམ་འཆི་ཆ་མེད་ཤི་ཕན་ཆད་ལུས་དེས
1036	line-end	174		དེས་ན་ལུས་འདི་ལ་གླ་རྔན་གྱི་དོན་དུ་ཟས་སྐོམ་དང༌། གོས་དང༌། སྨན་དང༌། གནས་མལ་རྣམས་འདོ
1037	verse-stanza	25		འགྲོ་དང་འོང་བའི་རྟེན་ཙམ་དུ།།↵ལུས་ལ་གྲུ་ཡི་བློ་བཞག་སྟེ།།↵སེམས་ཅན་རྣམས་དོན་སྒྲུབ་པ
1038	terminal-particle	176		ཞེས་གསུངས་ཏེ། འོན་ཀྱང་ལུས་འདི་ནི་འཁོར་བའི་མཚོ་ལས་བདག་གཞན་སྒྲོལ་བ་ལ་གྲུ་ཙམ་དུ་འགྱ
1039	terminal-particle	69		དེ་ལྟར་ལུས་དང་ལོངས་སྤྱོད་ཀྱི་རང་བཞིན་ཤེས་པས་ཆགས་པ་མེད་པར་འགྱུར་ལ། ལུས་དང་ལོངས་སྤ
1040	terminal-particle	13		དེའི་ཕྱིར་ལུས་ལ་ཆགས་པར་བྱ་བ་མ་ཡིན་པར་བསྟན་པའོ།།
1041	ordinal-open	48		གཉིས་པ་དགེ་བ་སྒྲུབ་པའི་སྤྱོད་པ་ལ་བསླབ་པ་ལ་དྲུག རྗེས་ཐོབ་ཀྱི་སྤྱོད་པ་སྤྱིར་བསྟན་པ
1042	ordinal-open	3		དང་པོ་ནི།
1043	verse-stanza	25		དེ་ལྟར་རང་དབང་ཡོད་ཀྱིས་ཏེ།།↵རྟག་ཏུ་འཛུམ་པའི་བཞིན་དུ་གྱིས།།↵ཁྲོ་གཉེར་ངོ་ཟུམ་ཡོངས་
1044	line-end	82		ཞེས་གསུངས་ཏེ། སེམས་དུལ་ཞིང་ལས་སུ་རུང་བ་ནི་སྤྱོད་པ་ཐམས་ཅད་ཀྱི་གཞི་སྟེ། དེ་མེད་ན་ར
1045	verse-stanza	25		ཁྲི་ལ་སོགས་པ་བབ་ཅོལ་དུ།།↵སྒྲ་དང་བཅས་པར་མི་དོར་རོ།།↵སྒོ་ཡང་དྲག་ཏུ་མི་དབྱེ་སྟེ།།↵ར
1046	terminal-particle	80		ཞེས་གསུངས་ཏེ། ཁྲི་སོགས་སྒྲ་བཅས་སུ་དྲག་པོར་མི་དོར་བ་དང༌། སྒོ་བཙན་ཐབས་སུ་དྲག་པོར་མ
1047	line-end	7		ཆུ་སྐྱར་བྱི་ལ་ཆོམ་རྐུན་དག།
1048	verse-stanza	19		སྒྲ་མེད་འཇབ་ཅིང་འགྲོ་བ་ཡིས།།↵མངོན་པར་འདོད་པའི་དོན་གྲུབ་པ།།↵ཐུབ་པས་རྟག་ཏུ་དེ་བཞིན
1049	terminal-particle	41		ཅེས་གསུངས་ཏེ། དེས་ན་ལུས་ངག་གི་སྤྱོད་ལམ་ཐམས་ཅད་འཇམ་ཞིང་དལ་ལ། གཞན་གྱི་ཡིད་ལ་མི་གཟན
1050	terminal-particle	24		ཆུ་སྐྱར་ལ་སོགས་པའི་དཔེ་ནི་མངོན་ཚན་ཆུང་བར་བྱེད་པའི་དཔེ་ཁོ་ན་སྟེ། དེ་ལས་གཞན་པའི་དཔ
1051	line-end	31		ཐུབ་པ་ཞེས་པ་ནི་སྤྱིར་དཀའ་ཐུབ་པ་དང༌། དྲང་སྲོང་ངམ། བརྟུལ་ཞུགས་ཅན་མཐའ་དག་ལ་འཇུག་ཀྱང
1052	verse-stanza	25		གཞན་ལ་གཞེན་བསྐུལ་འདེབས་མཁས་ཤིང༌།།↵མ་བཅོལ་ཕན་པ་བྱེད་པའི་ངག།↵གུས་པས་སྤྱི་བོས་བླང་བ
1053	terminal-particle	92		ཞེས་གསུངས་ཏེ། གཞན་དགེ་བ་ལ་བསྐུལ་བའི་གཞེན་བསྐུལ་ཐབས་མཁས་པས་འདེབས་པར་བྱ་སྟེ། ཁ་ཅིག
1054	line-end	165		གལ་ཏེ་གཞན་སུ་ཞིག་བདག་ཉིད་ལས་མཁས་ཀྱང་རུང་མི་མཁས་ཀྱང་རུང༌། ཆོས་སྒྲུབ་པ་ཞིག་ཡིན་ཡང་
1055	verse-stanza	13		འདི་ནི་གང་གི་ཁྱོར་གྱུར་པའི།།↵བུད་མེད་དེ་ཡང་མྱ་ངན་འདས།།
1056	line-end	116		ཞེས་རི་དྭགས་སྐྱེས་ཀྱིས་བརྗོད་པ་ན། མྱ་ངན་འདས་ཞེས་པའི་ཚིག་ཙམ་ལ་དགྱེས་ནས་མུ་ཏིག་གི་
1057	verse-stanza	13		ལེགས་པར་སྨྲས་པ་ཐམས་ཅད་ལ།།↵དགེ་བར་གསུངས་ཞེས་བརྗོད་པར་བྱ།།
1058	terminal-particle	29		ཞེས་གསུངས་ཏེ། དེ་བཞིན་དུ་གཞན་གྱིས་ཆོས་ལེགས་པར་སྨྲ་བ་མཐོང་ན་དེ་ལ་སེམས་ཐག་པ་དང་དངོ
1059	terminal-particle	27		རྗེས་སུ་ཡི་རང་ངོ་ཞེས་དགའ་བའི་ཚིག་སྨྲ་བར་བྱ་སྟེ། གལ་ཏེ་ལེགས་པར་སྨྲས་པ་སྟོན་པའི་བཀ
1060	terminal-particle	125		གལ་ཏེ་ཆོས་མ་ཡིན་པ་སྟོན་པ་ཞིག་ན་ནི་རིགས་པ་དང་ལུང་གིས་ཚར་བཅད་པར་བྱ་ལ། གལ་ཏེ་དེ་ལྟར
1061	line-end	12		ཞེས་སར་བུ་དེ་དག་ལ་བསྔགས་པར་བཤད་པའི་ཕྱིར་རོ།།
1062	verse-stanza	13		བསོད་ནམས་བྱེད་པ་མཐོང་གྱུར་ན།།↵བསྟོད་པས་ལེགས་པར་དགའ་བ་སྐྱེད།།
1063	line-end	37		ཅེས་གསུངས་ཏེ། གཞན་བསོད་ནམས་ཀྱི་ལས་བྱེད་པ་ཐོས་པའམ་མཐོང་ན་དེ་ལ་སེམས་ཐག་པས་ཡི་རང་བར
1064	verse-stanza	25		ལྐོག་ན་ཡོན་ཏན་བརྗོད་བྱ་ཞིང༌།།↵ཡོན་ཏན་བརྗོད་ན་རྗེས་སུ་བརྗོད།།↵རང་གི་ཡོན་ཏན་བརྗོད་
1065	terminal-particle	109		ཞེས་གསུངས་ཏེ། སྤྱིར་གཞན་གྱི་ཡོན་ཏན་བརྗོད་ན་ངོར་མི་བརྗོད་པར་ལྐོག་ན་བརྗོད་པར་བྱ་སྟ
1066	line-end	44		རང་གི་ཡོན་ཏན་ཕ་རོལ་གྱིས་བརྗོད་པ་མཐོང་ན་ཡོན་ཏན་ཤེས་པ་དང༌། དེ་ལ་ཕྲག་མི་དོག་པར་བསྔག
1067	verse-stanza	25		རྩོམ་པ་ཐམས་ཅད་དགའ་ཕྱིར་ཏེ།།↵དེ་ནི་རིན་གྱིས་ཉོ་ནའང་དཀོན།།↵དེ་ལྟར་གཞན་བྱས་ཡོན་ཏན་ག
1068	terminal-particle	33		377-379 ཞེས་གསུངས་ཏེ། མདོར་ན་བྱང་ཆུབ་སེམས་དཔའི་བྱ་བ་ཅི་རྩོམ་ཡང་གཞན་དོན་དུ་ཡིན་ལ།
1069	line-end	97		དེ་ལྟར་གཞན་དོན་ཁོ་ན་བསྒྲུབ་པར་བྱ་བ་ཡིན་ན་རང་ཉིད་ཀྱིས་བསྒྲུབས་པ་ལ་མ་ལྟོས་པར་སེམས་
1070	verse-stanza	25		བདག་ལ་འདིར་གོད་ཡོང་མེད་ལ།།↵ཕ་རོལ་ཏུ་ཡང་བདེ་བ་ཆེ།།↵ཉེས་པས་མི་དགའ་སྡུག་བསྔལ་ཞིང༌།།
1071	terminal-particle	41		380,381 ཞེས་གསུངས་ཏེ། དེ་ལྟར་གཞན་བདེས་བདག་དགའ་བ་འདི་ལ་ནི་བདག་ཉིད་ལ་ནི་འདིར་ཀར་ཥ་
1072	terminal-particle	45		དེ་ལས་ཟློག་སྟེ་གཞན་གྱི་བདེ་བ་མི་བཟོད་པ་དང་ཉེས་པར་དགའ་བའི་བློ་འདིས་ནི་འཕྲལ་དུ་རང་
1073	ordinal-open	7		བཞི་པ་ཇི་ལྟར་སྨྲ་ཚུལ་ནི།
1074	verse-stanza	25		སྨྲ་ན་ཡིད་ཕེབས་འབྲེལ་བ་དང༌།།↵དོན་གསལ་ཡིད་དུ་འོང་བ་དང༌།།↵ཆགས་དང་ཞེ་སྡང་སྤངས་པ་དང༌
1075	terminal-particle	100		ཞེས་གསུངས་ཏེ། བྱང་ཆུབ་སེམས་དཔས་སྨྲ་བ་ན་བག་ཕབ་སྟེ་ཕ་རོལ་པོ་ཡིད་ཕེབས་པར་བྱེད་པ་དང༌
1076	line-end	55		དེ་ལྟར་སྐྱོན་དེ་དག་དང་བྲལ་ཞིང་ཡོན་ཏན་ཡང་ཕྱད་པར་ལུང་སྟོན་པ་དང༌། ཡང་དག་པ་དང༌། དེ་ཁ
1077	verse-stanza	25		མིག་གིས་སེམས་ཅན་ལྟ་ན་ཡང༌།།↵འདི་དག་ཉིད་ལ་བརྟེན་ནས་བདག།↵སངས་རྒྱས་ཉིད་དུ་འགྱུར་རོ་ཞ
1078	terminal-particle	89		ཞེས་གསུངས་ཏེ། འདིར་ནི་དགེ་བའི་བཤེས་གཉེན་གྱི་འདུ་ཤེས་ཀྱིས་གཞན་ལ་ལྟ་བ་སྟེ། སྤྱིར་ཆ
1079	terminal-particle	27		འགྲེལ་པར། དྲང་པོར་ལྟ་བ་ནི་ཡོན་པོ་དང་གྱ་གྱུ་ཅན་མ་ཡིན་པར་དགའ་བས་ཚིམ་པར་ཆགས་སྡང་རྨོ
1080	quote-close	2		ཞེས་སོ།།
1081	ordinal-open	48		དྲུག་པ་དགེ་བ་ཁྱད་པར་ཅན་ཇི་ལྟར་སྒྲུབ་ཚུལ་ལ་གསུམ། ཆོས་བཞི་ལྡན་གྱི་དགེ་བ་ནི་དགེ་བ་ག
1082	ordinal-open	3		དང་པོ་ནི།
1083	verse-stanza	25		རྟག་པར་མངོན་ཞེན་གྱིས་བསླང་བའམ།།↵གཉེན་པོ་ཡིས་ནི་བསླང་བ་ཡིས།།↵ཡོན་ཏན་ཞིང་དང་ཕན་འདོ
1084	line-end	7		ཞེས་གསུངས་ཏེ། དེ་ཡང་བཤེས་སྤྲིང་ལས།
1085	verse-stanza	33		རྟག་དང་མངོན་པར་ཞེན་དང་གཉེན་པོ་དང༌།།↵ཡོན་ཏན་གཙོ་ལྡན་གཞི་ལས་བྱུང་བའི་ལས།།↵དགེ་དང་མ
1086	line-end	113		ཞེས་པ་ལྟར་དུས་ཀྱི་ཁྱད་པར་རྟག་ཏུ་བྱེད་པ་དང༌། བསམ་པའི་ཁྱད་པར་མངོན་ཞེན་ནམ་འདུན་པ་དྲ
1087	verse-stanza	25		མཁས་ཤིང་དགའ་དང་ལྡན་བྱས་ནས།།↵ལས་རྣམས་རྟག་ཏུ་བདག་གིས་བྱ།།↵ལས་རྣམས་ཀུན་ལ་སུ་ལ་ཡང༌།།
1088	line-end	39		ཞེས་གསུངས་ཏེ། དེ་ལྟར་ལས་དང་རྣམ་སྨིན་ལ་མཁས་ཤིང་བསོད་ནམས་ཀྱི་ལས་ལ་ཆེས་དགའ་བས་སུ་ལ་
1089	verse-stanza	25		སྦྱིན་པའི་ཕ་རོལ་ཕྱིན་ལ་སོགས།།↵གོང་ནས་གོང་དུ་ཁྱད་ཞུགས་སྤྱད།།↵ཆུང་ངུའི་ཕྱིར་ནི་ཆེ་
1090	terminal-particle	146		ཞེས་གསུངས་ཏེ། དེ་ཙམ་གྱིས་ཆོག་ཤེས་པར་ཡང་མི་བྱ་སྟེ་སྦྱིན་པའི་ཕ་རོལ་ཏུ་ཕྱིན་པ་ཙམ་ནི
1091	ordinal-open	26		གསུམ་པ་སེམས་ཅན་དོན་བྱེད་ཀྱི་ཚུལ་ཁྲིམས་ལ་གསུམ། གཞན་དོན་གཙོ་བོར་བྱ་བ། སེམས་ཅན་བསྡུ
1092	ordinal-open	3		དང་པོ་ནི།
1093	verse-stanza	25		དེ་ལྟར་རིག་བྱས་གཞན་དོན་ལ།།↵རྟག་ཏུ་བརྩོན་པར་གནས་པར་བྱ།།↵ཐུགས་རྗེ་མངའ་བ་རིང་གཟིགས་
1094	terminal-particle	21		ཞེས་གསུངས་ཏེ། དེ་ལྟར་རིག་བྱས་ཞེས་པ་སྔར་བཤད་པ་དེ་རྣམས་འདྲིས་ཤིང་རྒྱུད་ལ་འདྲེས་པར་
1095	line-end	226		དེ་ཐམས་ཅད་ཀྱི་དགོས་པ་ནི་རྟག་ཏུ་གཞན་དོན་ལ་བརྩོན་པ་ཡིན་ཏེ། སངས་རྒྱས་དང་བྱང་ཆུབ་སེམ
1096	ordinal-open	15		གཉིས་པ་སེམས་ཅན་བསྡུ་བའི་སྤྱོད་པ་ལ་གཉིས། ཟང་ཟིང་དང༌། ཆོས་ཀྱིས་བསྡུ་བའོ།།
1097	ordinal-open	24		དང་པོ་ལ་གསུམ། ཟས་གོས་ལས་བྱིན་ཚུལ། དུས་མིན་དུ་ལུས་དངོས་སུ་མི་བཏང་བའི་ཚུལ། དོན་ཆེན
1098	ordinal-open	3		དང་པོ་ནི།
1099	verse-stanza	25		ལོག་པར་ལྟུང་དང་མགོན་མེད་དང༌།།↵བརྟུལ་ཞུགས་གནས་ལ་བགོ་བྱ་ཞིང༌།།↵རན་པ་ཙམ་དུ་བཟའ་བྱ་ས
1100	line-end	24		ཞེས་གསུངས་ཏེ། དེ་ཡང་འདིར་བྱང་ཆུབ་སེམས་དཔའ་རབ་བྱུང་གི་དབང་དུ་བྱས་ནས་བསོད་སྙོམས་དེ
1101	ordinal-open	25		དང་པོ་ལོག་པར་ལྟུང་བ་ནི་ཡི་དྭགས་དང་དུད་འགྲོ་སྟེ། དཀའ་འགྲེལ་ཆུང་ངུར། ལོག་པར་ལྟུང་བ
1102	terminal-particle	45		དེ་ལ་བགོ་བ་ནི་འཕྲོག་མ་ལ་ཆང་བུ་གཉིས་བྱིན་པ་དང༌། དེའི་བུ་ཐུ་བོ་དགའ་བྱེད་ལ་གཅིག་བྱི
1103	terminal-particle	23		ཞེས་སོགས་ཀྱིས་མགོན་མེད་ནད་པ་དང་སྤྲང་པོ། བརྟུལ་ཞུགས་ཀྱི་གནས་ནི་དཀའ་ཐུབ་ཅན་ཏེ་ཕྱི་
1104	terminal-particle	104		འགྲེལ་ཆེན་ལས། ཚངས་པ་མཚུངས་པར་སྤྱོད་པ་ཞེས་པས་ཆོས་འདི་པ་སངས་རྒྱས་པ་ཁོ་ནར་བསྟན་མོད།
1105	terminal-particle	38		ཆ་གཅིག་ནི་བདག་ཉིད་ཀྱི་ལུས་ཀྱི་སྲིན་བུ་གསོ་བ་དང་གྲུ་ཆགས་ཀྱི་འདུ་ཤེས་ཀྱིས་བཟང་ངན་ད
1106	terminal-particle	28		འདི་རྣམས་སུ་ཕུད་དཀོན་མཆོག་ལ་དབུལ་བ་ཚིག་གིས་མ་ཐོན་ཡང་དེ་ནི་ངེས་པར་དགོས་ཏེ་སྐྱབས་འ
1107	terminal-particle	96		དེ་ཡང་ཨོཾ་བུདྡྷ་ནཻ་ཝཱིདྱ་ཨཱཿཧཱུཾ་གིས་སངས་རྒྱས་ལ་དབུལ་བ་སོགས་དང་ཨོཾ་་ཧ་རི་ནི་སྭཱ་
1108	terminal-particle	59		དགེ་སློང་གི་སྣམ་སྦྱར་དང་བཅས་པའི་ཆོས་གོས་གསུམ་མམ། རབ་བྱུང་སྡེ་ལྔ་ཐུན་མོང་གི་བླ་གོ
1109	terminal-particle	51		འགྲེལ་ཆེན་དུ། བྱང་ཆུབ་སེམས་དཔའི་སོ་སོར་ཐར་པ་ལས། ཡང་ལ་ལ་ཞིག་འོངས་ནས་ལྷུང་བཟེད་དང་
1110	terminal-particle	62		གལ་ཏེ་དེ་ལ་ཆོས་གོས་གསུམ་ལས་མེད་ན་གང་ལ་བསྟེན་ནས་ཚངས་པར་སྤྱོད་པ་ལ་གནས་པ་དེ་ནི་ཡོངས
1111	line-end	2		ཞེས་སོ།།
1112	line-end	18		ཡང་སྔོན་དུ་ལུས་སེམས་ཅན་ལ་བཏང་ཟིན་ན་ཅི་ད་སྲུང་ངམ་མི་སྲུང་ཞེ་ན།
1113	verse-stanza	25		དམ་པའི་ཆོས་ནི་སྤྱོད་པའི་ལུས།།↵ཕྲན་ཚེགས་ཆེད་དུ་གནོད་མི་བྱ།།↵དེ་ལྟར་བྱས་ན་སེམས་ཅན་
1114	terminal-particle	114		395,396 ཞེས་གསུངས་ཏེ། དལ་འབྱོར་གྱི་ལུས་ནི་དམ་པའི་ཆོས་སྤྱོད་པའི་རྟེན་མེད་དུ་མི་རུ
1115	ordinal-open	11		གསུམ་པ་དོན་ཆེན་པོའི་རྒྱུར་བཏང་བར་བསྟན་པ་ནི།
1116	verse-stanza	25		སྙིང་རྗེའི་བསམ་པ་མ་དག་པར།།↵ལུས་འདི་བཏང་བར་མི་བྱ་སྟེ།།↵ཅི་ནས་འདི་དང་གཞན་དག་ཏུ།།↵ད
1117	line-end	107		397,398 ཞེས་གསུངས་ཏེ། གལ་ཏེ་ལུས་སློང་བ་ཞིག་འོངས་ན་ཡང་དོན་ཆེན་པོ་མ་ཡིན་པར་མཐོང་ན་
1118	verse-stanza	33		དཔེར་ན་སྨན་ཤིང་ལྗོན་པ་ལྟ་སྡུག་པ།།↵རྩ་བ་ལ་སོགས་སྤྱད་འོས་ས་བོན་ནི།།↵བྱིན་ཡང་དུས་མི
1119	quote-close	2		ཞེས་སོ།།
1120	terminal-particle	177		སྤྱིར་བྱང་ཆུབ་སེམས་དཔའ་རིགས་ལ་གནས་པ་སྙིང་རྗེའི་དབང་གིས་སོ་སྐྱེའི་དུས་ནའང་གཏོང་བ་
1121	ordinal-open	20		གཉིས་པ་ཆོས་ཀྱིས་བསྡུ་བ་ལ་གཉིས། གང་ལ་མི་འཆད་པའི་ཡུལ་དང༌། ཇི་ལྟར་མི་འཆད་པའི་ཚུལ་ལོ
1122	ordinal-open	3		དང་པོ་ནི།
1123	verse-stanza	25		མ་གུས་པ་ལ་ཆོས་མི་བཤད།།↵མི་ན་བཞིན་དུ་མགོ་གཡོགས་དང༌།།↵གདུགས་དང་འཁར་བ་མཚོན་ཐོགས་དང༌
1124	verse-stanza	13		དམན་ལ་ཟབ་དང་རྒྱ་ཆེ་དང༌།།↵སྐྱེས་པ་མེད་པར་བུད་མེད་མིན།།
1125	terminal-particle	36		ཞེས་གསུངས་ཏེ། ཆོས་ལ་མ་གུས་པ་ལ་ཆོས་བསྟན་ན་དེ་ཞེ་སྡང་སྐྱེ་བར་འགྱུར་བས་རྒྱུ་དེས་དེའ
1126	terminal-particle	22		གལ་ཏེ་མ་གུས་པར་ཤེས་ནའང་ཆོས་ཐོས་ན་དེ་ལས་ལྡོག་པར་མཐོང་ནས་བཤད་ན་ཉེས་པ་མེད་དོ།།
1127	terminal-particle	43		མགོ་གཡོགས་པ་དང༌། གདུགས་དང༌། འཁར་བ་དང༌། མཚོན་ཆ་དང༌། གོ་ཆ་ཅན་དང༌། མགོ་ཐོད་ཀྱིས་བཀྲ
1128	terminal-particle	28		བློ་དམན་པ་ལ་དེས་མི་གོ་བའི་ཟབ་པ་དང་རྒྱ་ཆེ་བའི་གཏམ་བསྟན་པར་མི་བྱ་སྟེ་དེས་ཁོང་དུ་མི
1129	terminal-particle	17		གལ་ཏེ་དེ་ལ་བརྟེན་ནས་བློ་གོང་དུ་འགྱུར་བར་མཐོང་ན་ཉེས་པ་མེད་དོ།།
1130	terminal-particle	23		སྐྱེས་པ་གཞན་མེད་པར་བུད་མེད་ཉིད་ལ་མི་བསྟན་པ་སྟེ་གཞན་གྱིས་མ་དད་པའི་སེམས་སྐྱེ་བའི་ཕ
1131	line-end	43		གལ་ཏེ་གདུལ་བའི་སྐབས་ཤེས་པས་ཡིན་ན་ཉེས་པ་མེད་དེ། མ་འགགས་པས་ཁྱེའུ་སྤྱི་ཏོལ་ཅན་གྱི་མ
1132	ordinal-open	9		གཉིས་པ་ཇི་ལྟར་མི་འཆད་པའི་ཚུལ་ནི།
1133	verse-stanza	25		དམན་དང་མཆོག་གི་ཆོས་རྣམས་ལ།།↵མཚུངས་པར་གུས་པས་ཀུན་ཏུ་སྤྱད།།↵རྒྱ་ཆེན་ཆོས་ཀྱི་སྣོད་ག
1134	verse-stanza	13		མདོ་དང་སྔགས་ཀྱིས་འདྲིད་མི་བྱ།།↵སྤྱོད་པ་ཡོངས་སུ་དོར་མི་བྱ།།
1135	terminal-particle	58		ཞེས་གསུངས་ཏེ། ཐེག་པ་ཆེ་ཆུང་ལ་སེམས་མཉམ་པས་གུས་པར་བྱ་སྟེ་གཞན་དུ་ན་ཐེག་དམན་སྤངས་ན་ཆ
1136	terminal-particle	39		ཐེག་པ་ཆེན་པོ་ཟབ་རྒྱས་ཀྱི་སྣོད་དུ་གྱུར་པ་ལ་ཐེག་དམན་ནམ་ཐེག་ཆེན་གྱི་ཡང་དྲང་དོན་ཉི་ཚ
1137	terminal-particle	45		འོ་ན་ཡང་རེ་ཞིག་སྣོད་མ་ཤེས་ནས་བརྟག་པའི་ཆེད་དམ་དུས་ལ་སྡོད་དགོས་པར་མཐོང་བའམ་དེར་འཁོ
1138	terminal-particle	26		འདི་ལྟར་བླང་དོར་མང་པོ་མི་དགོས་ཀྱི་མདོ་འདི་ཁོ་ན་ཀློགས་ཤིག་ཅེའམ་གསང་སྔགས་འདི་ཟློས་
1139	terminal-particle	209		ཞེས་སོགས་ཉན་ཐོས་ཀྱི་མདོ་དང༌། མུ་སྟེགས་ཀྱི་གསང་སྔགས་སོགས་ཀྱིས་ཕ་རོལ་པོ་འདྲིད་པར་མ
1140	terminal-particle	14		གལ་ཏེ་ན་བ་ལ་སོགས་པས་མི་ནུས་ན་ཉེས་པ་མེད་དོ།།
1141	terminal-particle	160		དེས་ན་ཇི་ལྟར་འབྱོར་བའི་སེང་གེའི་ཁྲི་བཤམས་པ་ལ་ཆོས་སྨྲ་བ་གཙང་སྦྲ་དང་ལྡན་པས་འཛེགས་ཏ
1142	terminal-particle	13		དེ་ནས་ཆོས་ལེགས་པར་བཤད་ཅིང་མཐར་དགེ་བ་བསྔོ་བར་བྱའོ།།
1143	ordinal-open	35		གསུམ་པ་གཞན་སེམས་སྲུང་བ་ལ་དྲུག མི་མཛེས་པའི་སྤྱོད་པ་སྤང༌། མ་དད་པའི་རྒྱུ་སྤང༌། མ་གུ
1144	ordinal-open	9		དང་པོ་ནི། སོ་ཤིང་དང་ནི་མཆིལ་མ་དག།
1145	verse-stanza	25		དོར་བ་ན་ནི་དགབ་པར་བྱ།།↵གཅི་ལ་སོགས་པའང་ལོངས་སྤྱོད་པའི།།↵ཆུ་དང་ཐང་ལ་དོར་བ་སྨད།།↵ཁ་
1146	verse-stanza	19		ཁ་གདངས་ནས་ནི་བཟའ་མི་བྱ།།↵རྐང་པ་བརྐྱང་སྟེ་འདུག་མི་བྱ།།↵ལག་པ་མཉམ་པར་མི་མཉེ་འོ།།
1147	quote-close	85		ཞེས་གསུངས་ཏེ། དེ་ཡང་སོ་ཤིང་ནི་ཤིང་བུས་སོའི་དྲི་མ་བྲུད་པ་སྟེ་དེ་དང་མཆིལ་མ་ལ་སོགས་
1148	terminal-particle	29		བཤང་གཅི་ཡང་གཞན་གྱིས་ཉིན་པར་གནས་པ་ལ་སོགས་པས་ལོངས་སྤྱོད་པའི་ས་ཕྱོགས་སུ་དོར་ན་སྐྱེ་
1149	terminal-particle	21		ཁ་བཀང་བ་སོགས་ནི་མ་རབས་བཀྲེས་རྔབས་ཅན་གྱི་ཚུལ་སྤང་བ་དང་བག་མེད་པའི་ཚུལ་སྤོང་བའོ།།
1150	ordinal-open	9		གཉིས་པ་མ་དད་པའི་རྒྱུ་སྤང་བ་ནི།
1151	verse-stanza	25		བཞོན་པ་མལ་སྟན་གནས་དག་ཏུ།།↵བུད་མེད་གཞན་དང་གཅིག་མི་བྱ།།↵འཇིག་རྟེན་མ་དད་གྱུར་པ་ཀུན།
1152	terminal-particle	34		ཞེས་གསུངས་ཏེ། བུད་མེད་དང་སྟན་གཅིག་ལ་འདུག་པ་སོགས་འཇིག་རྟེན་མ་དད་པའི་རྒྱུ་གཞན་རྣམས
1153	ordinal-open	9		གསུམ་པ་མ་གུས་པའི་ཚུལ་སྤང་བ་ནི།
1154	verse-stanza	25		སོར་མོས་བརྡ་ནི་མི་བྱ་སྟེ།།↵གུས་དང་བཅས་པས་གཡས་པ་ཡི།།↵ལག་པ་དག་ནི་ཀུན་གྱིས་ཀྱང༌།།↵ལ
1155	terminal-particle	32		ཞེས་གསུངས་ཏེ། གཞན་ལ་ལམ་སྟོན་པ་མཛུབ་ཀེར་གྱིས་བྱེད་ན་མ་གུས་པའམ་བརྙས་པ་ཡིན་པས་དེ་སྤ
1156	ordinal-open	8		བཞི་པ་མ་བསྡམས་པ་སྤང་བ་ནི།
1157	verse-stanza	25		ལག་པ་ཤས་ཆེར་བསྐྱོད་མིན་ཏེ།།↵ཅུང་ཟད་བསྐྱོད་ནས་སྒྲ་བསྒྲགས་ལ།།↵སེ་གོལ་ལ་སོགས་བརྡ་བྱ
1158	terminal-particle	38		ཞེས་གསུངས་ཏེ། འགྲོ་བ་ན་ལག་པ་ཆེར་བསྐྱོགས་ཤིང་བསྐྱོད་པ་ལང་ཚོས་རྒྱགས་པའི་ཚུལ་སྤངས་ཏ
1159	ordinal-open	8		ལྔ་པ་ཉལ་བའི་ཚུལ་བཤད་པ་ནི།
1160	verse-stanza	25		མགོན་པོ་མྱ་ངན་འདས་གཟིམས་ལྟར།།↵འདོད་པའི་ཕྱོགས་སུ་ཉལ་བར་བྱ།།↵ཤེས་བཞིན་མྱུར་དུ་ལྡང་
1161	terminal-particle	133		ཞེས་གསུངས་ཏེ། ཉལ་བ་ན་སངས་རྒྱས་མྱ་ངན་ལས་འདས་པའམ། གཟིམས་པའི་ཚུལ་ལྟར་སེང་གེའི་ཉལ་སྟ
1162	terminal-particle	24		ཐུན་གཅིག་གམ་གཉིས་ནས་སེམས་ཅན་ཐམས་ཅད་གཏི་མུག་ལས་བསླང་བར་བྱའོ་ཞེས་ལངས་ཏེ་དགེ་བ་ལ་སྦ
1163	ordinal-open	18		དྲུག་པ་བྱང་ཆུབ་ཀྱི་སེམས་སྦྱང་དགོས་པར་བསྟན་པ་ནི། བྱང་ཆུབ་སེམས་དཔའི་སྤྱོད་པ་དག།
1164	verse-stanza	19		ཚད་མེད་པར་ནི་གསུངས་པ་ལས།།↵སེམས་སྦྱང་པ་ཡི་སྤྱོད་པ་ནི།།↵ངེས་པར་དེ་སྲིད་སྤྱད་པར་བྱ།
1165	terminal-particle	24		ཞེས་གསུངས་ཏེ། མདོར་ན་བྱང་ཆུབ་ཀྱི་སེམས་སྦྱོང་བ་ཁོ་ན་བྱ་བ་ཡིན་ཏེ་དེ་འཕེལ་བའི་སྤྱོད
1166	ordinal-open	37		བཞི་པ་བསླབ་པ་ཕུན་སུམ་ཚོགས་བྱེད་ཀྱི་ཡན་ལག་ལ་དྲུག བཤགས་བསྡམ་གྱིས་བྱི་དོར་བྱ་བ། བསླ
1167	ordinal-open	3		དང་པོ་ནི།
1168	verse-stanza	25		ཉིན་དང་མཚན་མོ་ལན་གསུམ་དུ།།↵ཕུང་པོ་གསུམ་པ་གདོན་བྱ་ཞིང༌།།↵རྒྱལ་དང་བྱང་ཆུབ་སེམས་བསྟ
1169	terminal-particle	108		ཞེས་གསུངས་ཏེ། སོ་སོ་སྐྱེ་བོ་ལ་ལྟུང་བས་གཏན་མ་གོས་པ་སྲིད་པར་དཀའ་བས་ན་ཉེས་པས་གོས་པ་
1170	terminal-particle	20		འདིར་ཕུང་པོ་གསུམ་པའི་མདོ་གཞན་ཡོད་ཀྱང་འདིའི་ཐད་ཀྱི་བསླབ་བཏུས་སུ་ལྟུང་བཤགས་ཉིད་དྲང
1171	ordinal-open	7		གཉིས་པ་བསླབ་པའི་ངོ་བོ་ནི།
1172	verse-stanza	25		རང་ངམ་གཞན་གྱི་དབང་ཡང་རུང༌།།↵གནས་སྐབས་གང་དུ་ཅི་སྤྱོད་ཀྱང༌།།↵བསླབ་པར་གསུངས་པ་གང་ཡི
1173	line-end	38		ཅེས་གསུངས་ཏེ། མདོར་ན་བྱང་ཆུབ་སེམས་དཔས་བསླབ་བྱར་གསུངས་པ་ལས་མི་འདའ་བ་སྟེ། སྤང་བྱར་
1174	verse-stanza	25		རྒྱལ་སྲས་རྣམས་ཀྱིས་མི་བསླབ་པ།།↵དེ་ནི་གང་ཡང་ཡོད་མིན་ཏེ།།↵དེ་ལྟར་གནས་པའི་མཁས་པ་ལ།།
1175	terminal-particle	70		ཅེས་གསུངས་ཏེ། སྤྱིར་རྒྱལ་བའི་སྲས་ཀྱིས་ཤེས་པར་བྱ་བ་ཙམ་དུ་མི་བསླབ་པ་ནི་ཅུང་ཟད་ཀྱང་
1176	ordinal-open	8		གསུམ་པ་དེའི་ཆེད་དུ་བྱ་བ་ནི།
1177	verse-stanza	24		དངོས་སམ་ཡང་ན་བརྒྱུད་ཀྱང་རུང༌།།↵སེམས་ཅན་དོན་ལས་གཞན་མི་སྤྱད།།↵སེམས་ཅན་ཁོ་ནའི་དོན་ག
1178	terminal-particle	23		ཞེས་གསུངས་ཏེ། གཞན་དོན་དང་བྱང་ཆུབ་ལ་དམིགས་པ་ཁོ་ན་ཐོག་མ་ནས་དོན་དུ་གཉེར་བྱ་ཡིན་པའི་
1179	ordinal-open	8		བཞི་པ་རྟེན་དགེ་བའི་བཤེས་གཉེན་ནི།
1180	verse-stanza	25		རྟག་པར་དགེ་བའི་བཤེས་གཉེན་ནི།།↵ཐེག་ཆེན་དོན་ལ་མཁས་པ་དང༌།།↵བྱང་ཆུབ་སེམས་དཔའི་བརྟུལ་
1181	verse-stanza	13		དཔལ་འབྱུང་བ་ཡི་རྣམ་ཐར་ལས།།↵བླ་མ་བསྟེན་པའི་ཚུལ་ལྟར་བསླབ།།
1182	terminal-particle	61		ཅེས་གསུངས་ཏེ། ཡོན་ཏན་ཐམས་ཅད་དགེ་བའི་བཤེས་གཉེན་ལ་རག་ལས་ལ། དེའི་མཚན་ཉིད་ནི། ཐེག་ཆེ
1183	terminal-particle	12		དེ་བསྟེན་པ་ནི་དཔལ་འབྱུང་གི་རྣམ་ཐར་ལས་བསྟན་ཏོ།།
1184	terminal-particle	43		དེ་ཡང་ཚོང་དཔོན་གྱི་བུ་ནོར་བཟང་ལ། ཁྱེའུ་དཔལ་འབྱུང་དང་བུ་མོ་དཔལ་གྱི་བློ་གྲོས་མས་ཇི
1185	ordinal-open	34		ལྔ་པ་ཤེས་བྱེད་ཀྱི་ཁུངས་ལ་བཞི། མཚམས་སྦྱར་བ། ནམ་སྙིང་གི་མདོ་ཁུངས་སུ་བསྟན། སློབ་དཔོ
1186	ordinal-open	3		དང་པོ་ནི།
1187	verse-stanza	25		འདི་དང་སངས་རྒྱས་བཀའ་བསྩལ་གཞན།།↵མདོ་སྡེ་བཀླགས་ནས་ཤེས་པར་བྱ།།↵མདོ་སྡེ་རྣམས་ལ་བསླབ་
1188	terminal-particle	52		ཞེས་གསུངས་ཏེ། དེ་ཡང་དགེ་བའི་བཤེས་གཉེན་བསྟེན་ཚུལ་འདི་དང་ཕ་རོལ་ཏུ་ཕྱིན་པ་དྲུག་གི་ཚ
1189	ordinal-open	11		གཉིས་པ་ནམ་སྙིང་གི་མདོ་ཁུངས་སུ་བསྟན་པ་ནི།
1190	verse-stanza	25		ནམ་མཁའི་སྙིང་པོའི་མདོ་སྡེ་ནི།།↵ཐོག་མ་ཉིད་དུ་བལྟ་བར་བྱ།།↵གང་ཕྱིར་རྟག་ཏུ་སྤྱད་པ་ནི
1191	line-end	48		ཞེས་གསུངས་ཏེ། དེའི་ཡང་ཐོག་མར་ནམ་མཁའི་སྙིང་པོས་ཞུས་པའི་མདོ་ནི། བྱང་ཆུབ་སེམས་དཔའ་ལ
1192	verse-stanza	21		སྤྱིརགླང་པོ་རྙེད་ནས་གླང་པོའི་རྗེས་ནི་འཚོལ་བ་ལྟར།།↵ཤེས་རབ་ཕ་རོལ་ཕྱིན་ཐོས་མདོ་ཚོལ་
1193	terminal-particle	101		ཞེས་སོགས་དང༌། མདོ་དང་སྔགས་ཀྱིས་འདྲིད་མི་བྱ།། ཞེས་སོགས་ཉན་ཐོས་ཀྱི་གཞུང་ལ་མདོའི་མི
1194	ordinal-open	14		གསུམ་པ་སློབ་དཔོན་ཉིད་ཀྱི་བསྟན་བཅོས་གཉིས་ཁུངས་སུ་བསྟན་པ་ནི།
1195	verse-stanza	25		བསླབ་པ་ཀུན་ལས་བཏུས་པ་ཡང༌།།↵ངེས་པར་ཡང་དང་ཡང་དུ་བལྟ།།↵ཡང་ན་རེ་ཞིག་མདོར་བསྡུས་པ།།↵མ
1196	line-end	2		ཞེས་གསུངས།
1197	ordinal-open	13		བཞི་པ་ཀླུ་སྒྲུབ་ཞབས་ཀྱི་བསྟན་བཅོས་ཁུངས་སུ་བསྟན་པ་ནི།
1198	verse-stanza	13		འཕགས་པ་ཀླུ་སྒྲུབ་ཀྱིས་མཛད་པའི།།↵གཉིས་པོའང་འབད་པས་བལྟ་བར་བྱ།།
1199	terminal-particle	55		ཞེས་གསུངས་ཏེ། སློབ་དཔོན་ཉིད་ཀྱི་བསྟན་བཅོས་གཉིས་དང༌། འཕགས་པ་ཀླུའི་བསྟན་བཅོས་གཉིས་
1200	terminal-particle	31		འདིར། གཉིས་པོའང་འབད་པས་བལྟ་བར་བྱ།། ཞེས་ཞི་བའི་ལྷ་ཉིད་ཀྱི་ཀུན་བཏུས་གཉིས་སུ་མ་ཟད། 
1201	ordinal-open	8		དྲུག་པ་བསླབ་དོན་མདོར་བསྡུ་བ་ནི།
1202	verse-stanza	25		གང་ལས་གང་ནི་མ་བཀག་པ།།↵དེ་ཉིད་སྤྱད་པར་བྱ་བ་སྟེ།།↵འཇིག་རྟེན་སེམས་ནི་སྲུང་བའི་ཕྱིར།
1203	terminal-particle	81		ཅེས་གསུངས་ཏེ། མདོར་ན་གང་མདོ་བསྟན་བཅོས་དེ་རྣམས་ལས་སྤྱོད་པ་གང་མ་བཀག་པ་དང་མ་བཀག་པའི
1204	ordinal-open	19		ལྔ་པ་ཤེས་བཞིན་སྲུང་བ་མདོར་བསྡུས་པ་ལ་གཉིས། དངོས་དང༌། ཚིག་ཏུ་མི་བཞག་པར་སྒྲུབས་ཤིག་
1205	ordinal-open	3		དང་པོ་ནི།
1206	verse-stanza	25		ལུས་དང་སེམས་ཀྱི་གནས་སྐབས་ལ།།↵ཡང་དང་ཡང་དུ་བརྟག་བྱ་བ།།↵དེ་ཉིད་ཁོ་ན་མདོར་ན་ནི།།↵ཤེས
1207	terminal-particle	36		ཞེས་གསུངས་ཏེ། མདོར་ན་བདག་ཉིད་ཀྱི་ལུས་ཅི་སྤྱོད་པ་དང༌། སེམས་ཅི་བསམ་པ་སྐད་ཅིག་ཀྱང་མ
1208	ordinal-open	11		གཉིས་པ་ཚིག་ཏུ་མི་བཞག་པར་སྒྲུབས་ཤིག་པ་ནི།
1209	verse-stanza	25		ལུས་ཀྱིས་འདི་དག་སྤྱད་པར་བྱ།།↵ཚིག་ཙམ་བརྗོད་པས་ཅི་ཞིག་འགྲུབ།།↵སྨན་དཔྱད་བཀླགས་པ་ཙམ་
1210	terminal-particle	44		ཞེས་གསུངས་ཏེ། དེ་ལས་གཞན་དུ་ཤེས་བཞིན་སྲུང་བར་དེ་ལ་དེ་རྣམས་ཀྱང་ཐོས་པ་ཙམ་དང༌། དེ་ལྟ
1211	terminal-particle	24		བྱང་ཆུབ་སེམས་དཔའི་སྤྱོད་པ་ལ་འཇུག་པ་ལས། ཤེས་བཞིན་སྲུང་བ་ཞེས་བྱ་བ་སྟེ་ལེའུ་ལྔ་པ་རྣ
1212	terminal-particle	79		ch-6 ད་ནི་བཟོད་པ་བཤད་པར་བྱ་སྟེ། དེ་ལ་ལེའུའི་འབྲེལ་ནི། ཕ་རོལ་ཏུ་ཕྱིན་པ་སྔ་མ་སྔ་མའ
1213	ordinal-open	29		གསུམ་པ་བཟོད་པའི་ལེའུ་འཆད་པ་ལ་གཉིས། བཟོད་པ་མེད་དུ་མི་རུང་བར་བསྟན་པ་གསུམ། བཟོད་པ་ས
1214	ordinal-open	21		དང་པོ་ལ་གསུམ། མ་མཐོང་བའི་འབྲས་བུ། མཐོང་ཆོས་ཀྱི་འབྲས་བུ། མཐོང་བ་དང་མ་མཐོང་བའི་འབྲ
1215	ordinal-open	3		དང་པོ་ནི།
1216	verse-stanza	25		བསྐལ་པ་སྟོང་དུ་བསགས་པ་ཡི།།↵སྦྱིན་དང་བདེ་གཤེགས་མཆོད་ལ་སོགས།།↵ལེགས་སྤྱད་གང་ཡིན་དེ་
1217	verse-stanza	25		ཞེ་སྡང་ལྟ་བུའི་སྡིག་པ་མེད།།↵བཟོད་པ་ལྟ་བུའི་དཀའ་ཐུབ་མེད།།↵དེ་བས་བཟོད་ལ་ནན་ཏན་དུ།།
1218	terminal-particle	71		ཞེས་གསུངས་ཏེ། འཆགས་འཇིག་སྟོངས་གནས་བཞི་པོ་རེ་རེ་ལ་བར་བསྐལ་ཉི་ཤུ་རེར་བྱས་པའི་བར་བས
1219	terminal-particle	53		ཡུན་དེ་ལ་སོགས་པར་བསགས་པའི་དགེ་བ་ཡང་ཁོང་ཁྲོ་དྲག་པོ་གཅིག་གིས་འཇོམས་པར་བྱེད་དེ། འགྲ
1220	terminal-particle	39		ཞེས་དང༌། ཐམས་ཅད་ཡོད་སྨྲའི་གཞུང་ལས། དགེ་སློང་དག་དགེ་སློང་འདི་སྐྲ་དང་སེན་མོའི་མཆོད
1221	terminal-particle	57		དགེ་སློང་དག་དགེ་སློང་འདིས་ཇི་ཙམ་ཞིག་ནོན་པའི་འོག་ཏུ་དཔག་ཚད་བརྒྱད་ཁྲི་བཞི་སྟོང་ན་ག
1222	quote-close	113		འོ་ན་ཕྱག་འཚལ་བ་ནི་མང་ལ་འཁོར་ལོས་བསྒྱུར་བ་ནི་ཆེས་ཉུང་ན་དགེ་བ་དེ་གང་དུ་ཟད་པ་ལགས། ཉ
1223	terminal-particle	24		དེའི་ཕྱིར་ཞེ་སྡང་ལྟ་བུའི་སྡིག་པ་མེད་དེ་མི་དགེ་བས་བསོད་ནམས་ཟལ་གྱིས་གནོན་པ་ལྟ་བུ་ག
1224	terminal-particle	15		བཟོད་པ་སྲན་ཚུགས་པ་ལྟ་བུ་དང་འདྲ་བའི་དཀའ་ཐུབ་གཞན་མེད་དོ།།
1225	quote-close	3		ཞེས་བཤད་དོ།།
1226	terminal-particle	92		དེས་ན་གསོག་པ་ན་སྒོ་གསུམ་གྱི་དཀའ་བ་ཆེན་པོས་ཡུན་རིང་དུ་ཆུང་ངུ་ནས་བསགས་པའི་ལེགས་པར་
1227	line-end	148		གང་འཇིག་རྟེན་ན་དཀའ་བའི་གནས་སུ་གྲགས་པ་ཕྱི་རོལ་པ་ཁ་ཅིག་གིས་རྐང་པ་གཅིག་གིས་འགྲེང་བའ
1228	verse-stanza	17		བཟོད་པ་དཀའ་ཐུབ་དམ་པ་བཟོད་པ་སྟེ།།↵མྱ་ངན་འདས་པ་མཆོག་ཅེས་སངས་རྒྱས་གསུང༌།།
1229	quote-close	2		ཞེས་སོ།།
1230	terminal-particle	11		དེའི་ཕྱིར་བཟོད་པ་ཁོ་ན་ལ་ནན་ཏན་དུ་བྱའོ།།
1231	ordinal-open	29		གཉིས་པ་མཐོང་ཆོས་ཀྱི་འབྲས་བུ་ལ་གསུམ། རང་ཉིད་ཟུག་རྔུས་སྡུག་བསྔལ་བར་འགྱུར་བ་དང༌། འཁ
1232	ordinal-open	3		དང་པོ་ནི།
1233	verse-stanza	25		ཞེ་སྡང་ཟུག་རྔུའི་སེམས་འཆང་ན།།↵ཡིད་ནི་ཞི་བ་ཉམས་མི་མྱོང༌།།↵དགའ་དང་བདེ་བའང་མི་འཐོབ་
1234	terminal-particle	150		ཞེས་གསུངས་ཏེ། དཔེར་ན་དུག་མདའི་མདེའུ་ཁོང་དུ་ལུས་ན་བདེ་བའི་སྐབས་མེད་པ་བཞིན་དུ། ཞེ་
1235	ordinal-open	8		གཉིས་པ་འཁོར་སྐྱོ་བར་འགྱུར་བ་ནི།
1236	verse-stanza	25		གང་དག་ནོར་དང་བཀུར་སྟི་ཡིས།།↵དྲིན་བྱིན་དེ་ལ་བསྟེན་གྱུར་པ།།↵དེ་དག་ཡང་ནི་སྡང་ལྡན་པའ
1237	line-end	34		ཞེས་གསུངས་ཏེ། དེ་བཞིན་དུ་ཞེ་སྡང་གིས་ནི་གང་ནོར་དང་ལོངས་སྤྱོད་ཀྱི་དྲིན་ཆེན་པོས་བསྐ
1238	ordinal-open	10		གསུམ་པ་མཛའ་བཤེས་ཀྱིས་འདོར་བར་བསྟན་པ་ནི།
1239	verse-stanza	13		དེ་ཡིས་མཛའ་བཤེས་སྐྱོ་བར་འགྱུར།།↵སྦྱིན་པས་བསྡུས་ཀྱང་སྟེན་མི་བྱེད།།
1240	terminal-particle	20		ཅེས་གསུངས་ཏེ། ཚིག་རྩུབ་མོས་མཛའ་བཤེས་བྱམས་པའི་གནས་རྣམས་ཀྱང་སྐྱོ་སྟེ་འབོར་བར་འགྱུར
1241	ordinal-open	13		གསུམ་པ་མཐོང་བ་དང་མ་མཐོང་བའི་འབྲས་བུ་བཤད་པ་ནི།
1242	verse-stanza	13		མདོར་ན་ཁྲོ་བ་བདེར་གནས་པ།།↵དེ་ནི་འགའ་ཡང་ཡོད་མ་ཡིན།།
1243	line-end	48		ཞེས་གསུངས་ཏེ། དེ་ལྟ་བུའི་ཞེ་སྡང་གི་འབྲས་བུ་ནི་དམྱལ་བའི་སྡུག་བསྔལ་བཟོད་པར་དཀའ་བ་ར
1244	verse-stanza	13		ཁྲོ་བའི་དགྲ་ཡིས་དེ་ལ་སོགས།།↵སྡུག་བསྔལ་དག་ནི་བྱེད་པར་འགྱུར།།
1245	line-end	87		ཞེས་གསུངས་ཏེ། ཁྲོ་བས་ནི་གཡུལ་ལ་སོགས་པར་འཇུག་ཅིང་རང་གསོད་པར་འགྱུར་བ་དང༌། གཞན་མཐོང
1246	verse-stanza	13		གང་ཞིག་བསྒྲིམས་ཏེ་ཁྲོ་འཇོམས་པ།།↵དེ་ནི་འདི་དང་གཞན་དུ་བདེ།།
1247	line-end	70		ཞེས་གསུངས་ཏེ། དེ་ལྟ་བུའི་ཞེ་སྡང་གི་སྐྱོན་རིག་པས་མདེའུ་ཁོང་དུ་ལུས་པ་འབྱིན་པ་ལྟར་ར
1248	verse-stanza	17		ཁྲོ་བ་སྤངས་པས་ཕྱིར་མི་ལྡོག་པ་ཉིད།།↵འཐོབ་པར་འགྱུར་བར་སངས་རྒྱས་ཞལ་གྱིས་བཞེས།།
1249	quote-close	2		ཞེས་སོ།།
1250	line-end	18		དེ་ལྟར་བཟོད་པ་མེད་དུ་མི་རུང་བས་བཟོད་པ་ལ་ལྷུར་བྱ་དགོས་པར་བསྟན་ནས།
1251	ordinal-open	25		གཉིས་པ་བཟོད་པ་སྒྲུབ་པའི་ཐབས་ལ་གཉིས་ཏེ། ཁྲོ་བའི་རྒྱུ་མཚན་ཟློག་པ་དྲུག་དང༌། བཟོད་པའ
1252	ordinal-open	58		དང་པོ་ལ་དྲུག མི་དགའ་བ་ཁྲོ་བའི་རྒྱུར་བསྟན་པ། དེའི་ཟས་ཡིད་མི་བདེ་གཞོམ་པ། དགའ་བ་དང་
1253	ordinal-open	3		དང་པོ་ནི།
1254	verse-stanza	25		མི་འདོད་བྱས་དང་འདོད་པ་ཡི།།↵གེགས་བྱས་པ་ལས་བྱུང་གྱུར་པ།།↵ཡིད་མི་བདེ་བའི་ཟས་རྙེད་ནས
1255	terminal-particle	103		ཞེས་གསུངས་ཏེ། དེ་ཡང་ཁྲོ་བའི་རྒྱུ་ནི་བདག་འདོད་པའི་བྱ་བ་ལ་གེགས་བྱུང་བའམ་མི་འདོད་པའ
1256	terminal-particle	2		བྱེད་དོ།།
1257	terminal-particle	12		བྱེད་པར་འགྱུར་རོ་ཞེའམ། བདག་གི་ཕྱོགས་ལ་གནོད་པ་བྱས་སོ།།
1258	terminal-particle	2		བྱེད་དོ།།
1259	terminal-particle	12		བྱེད་པར་འགྱུར་རོ་ཞེའམ། བདག་དང་མི་མཛའ་བའི་དོན་བྱས་སོ།།
1260	terminal-particle	2		བྱེད་དོ།།
1261	terminal-particle	4		བྱེད་པར་འགྱུར་རོ།།
1262	terminal-particle	11		ཞེས་རྟོག་པ་ཀུན་ནས་མནར་སེམས་པའི་དངོས་པོ་དགུའོ།།
1263	terminal-particle	18		ཡང་ན་ཉི་ཤུ་རྩ་བཞི་སྟེ། དཀའ་འགྲེལ་ཆུང་ངུར། འདི་ལ་ཁྲོ་བའི་རྒྱུ་ནི་མི་དགའ་བའོ།།
1264	terminal-particle	13		དེའི་རྒྱུ་ནི་འདོད་པ་དང་མི་འདོད་པའི་ཆོས་སུ་ཞེན་པའོ།།
1265	terminal-particle	23		འདོད་པ་དང་མི་འདོད་པ་ཡང་ཉི་ཤུ་རྩ་བཞི་སྟེ་འདོད་པ་བཅུ་གཉིས་དང་མི་འདོད་པ་བཅུ་གཉིས་སོ
1266	terminal-particle	62		དེ་ལ་མི་འདོད་པ་ནི་བཅུ་གཉིས་ཏེ། བདག་ལ་སྡུག་བསྔལ་བ་དང་བརྙས་པ་དང་ཚིག་རྩུབ་དང་མི་སྙན
1267	terminal-particle	37		འདོད་པ་བཅུ་གཉིས་ནི་བདག་གམ་བདག་གི་བ་ལ་བདེ་བ་ལ་སོགས་པ་བྱུང་བ་བཞི་བཞི་དང་བདག་གི་དགྲ
1268	quote-close	2		ཞེས་སོ།།
1269	terminal-particle	124		འདི་ཡང་གཙོ་བོར་སེམས་ཅན་དུ་ཆུད་པས་འདོད་མི་འདོད་ཀྱི་བྱ་བ་བྱེད་པ་མང་བས་གནོད་པ་ལ་ཇི་
1270	ordinal-open	10		གཉིས་པ་དེའི་ཟས་ཡིད་མི་བདེ་གཞོམ་པ་ནི།
1271	verse-stanza	25		དེ་ལྟས་བདག་གི་དགྲ་བོ་དེའི།།↵ཟས་ནི་རྣམ་པར་གཞོམ་པར་བྱ།།↵འདི་ལྟར་བདག་ལ་གནོད་པ་ལས།།↵
1272	terminal-particle	51		ཅེས་གསུངས་ཏེ། དེ་ཡང་བདག་གི་རྣམ་པ་ཀུན་ཏུ་རང་བཞིན་ཉིད་ཀྱིས་དགྲར་གྱུར་པ་ནི། སྤྱིར་ཉ
1273	terminal-particle	36		ཞེས་གསུངས་པའི་ཕྱིར་དང༌། འདི་སྟོབས་འཕེལ་བ་ན་འབྲས་བུ་ཞེ་སྡང་ཁོ་ན་སྐྱེ་བར་མཐོང་བའི་
1274	ordinal-open	20		གསུམ་པ་དགའ་བ་དང་མི་འབྲལ་བར་དམ་བཅའ་བ་ལ་གཉིས། དམ་བཅས་པ་དང༌། དེའི་རྒྱུ་མཚན་བསྟན་པའོ
1275	ordinal-open	3		དང་པོ་ནི།
1276	verse-stanza	13		ཅི་ལ་བབ་ཀྱང་བདག་གིས་ནི།།↵དགའ་བའི་ཡིད་ནི་དཀྲུག་མི་བྱ།།
1277	terminal-particle	52		ཞེས་གསུངས་ཏེ། བདག་རྟེན་དལ་འབྱོར་ཐོབ། བྱང་ཆུབ་ཏུ་སེམས་བསྐྱེད། སྐྱབས་གནས་དཀོན་མཆོག
1278	line-end	32		ཞེས་བརྟུལ་ཞུགས་བརྟན་པོ་བཅའ་ཞིང་ཡིད་མི་བདེ་བའི་འགལ་ཟླ་ནི་སེམས་དགའ་བ་སྟེ། ད་ནི་ཅི་
1279	verse-stanza	25		ཞེས་དམ་ཆེན་པོ་བཅའ་འོ།།↵གཉིས་པ་དེའི་རྒྱུ་མཚན་བསྟན་པ་ནི།↵མི་དགའ་བྱས་ཀྱང་འདོད་མི་འག
1280	line-end	92		ཞེས་གསུངས་ཏེ། དེ་ཡང་བདག་ཡིད་མི་དགའ་བ་དེས་ནི་བདག་ཉིད་སྡུག་བསྔལ་བར་ཟད་ཀྱི་དེས་འདོད
1281	verse-stanza	25		གལ་ཏེ་བཅོས་སུ་ཡོད་ན་ནི།།↵དེ་ལ་མི་དགར་བྱ་ཅི་དགོས།།↵གལ་ཏེ་བཅོས་སུ་མེད་ན་ནི།།↵དེ་ལ་
1282	terminal-particle	117		ཞེས་གསུངས་ཏེ། གལ་ཏེ་བྱ་བ་དེ་དག་ཕྱིར་བཅོས་སུ་ཡོད་ན་ནི་མི་དགའ་བ་ག་ལ་དགོས་ཏེ་མི་དགའ
1283	terminal-particle	5		ཞེས་དམ་བཅའ་བར་བྱའོ།།
1284	ordinal-open	17		བཞི་པ་གང་ལ་བཟོད་པར་བྱ་བ་འདོད་མི་འདོད་ཀྱི་རྟོག་པ་བསྟན་པ་ནི།
1285	verse-stanza	25		བདག་གམ་བདག་གི་བཤེས་རྣམས་ལ།།↵སྡུག་བསྔལ་བརྙས་དང་ཚིག་རྩུབ་དང༌།།↵མི་སྙན་ཞེས་བྱར་མི་འ
1286	terminal-particle	39		ཞེས་གསུངས་ཏེ། དེས་ན་གང་ལ་བཟོད་པར་བྱ་བ་ནི་སྡུག་བསྔལ་བརྙས་དང་ཚིག་རྩུབ་དང་མི་སྙན་པ་
1287	terminal-particle	23		ཞེས་དེ་བཞི་དགྲ་ལ་བྱུང་བ་ལ་དགའ་བ་རྣམས་ཚར་བཅད་དེ་དེ་དག་གིས་སེམས་མི་གཡོ་བར་བྱ་བའོ།།
1288	ordinal-open	58		ལྔ་པ་མི་འདོད་པ་ལ་མི་དགའ་བའི་རྟོག་པ་གཞོམ་པ་ལ་གསུམ་སྟེ། བདག་ཉིད་ལ་ཉེས་པ་བྱེད་པ་ལ་མ
1289	ordinal-open	24		དང་པོ་གཉིས་ནི། སྡུག་བསྔལ་བྱེད་པ་ལ་མི་དགའ་བ་དོར་བ་གསུམ་དང༌། བརྙས་པ་བྱེད་པ་ལ་མི་དག
1290	ordinal-open	30		དང་པོ་ལ་གསུམ་ནི། སྡུག་བསྔལ་དང་ལེན་གྱི་བཟོད་པ་དྲུག ཆོས་ལ་ངེས་པར་རྟོག་པའི་བཟོད་པ་བ
1291	terminal-particle	50		སྤྱིར་བཟོད་པ་ཐམས་ཅད་དེ་གསུམ་དུ་འདུ་མོད་ཀྱང༌། སྐབས་འདིར་སྒོམ་བདེ་བའི་ཕྱིར་དང༌། གཞ
1292	ordinal-open	52		དང་པོ་སྡུག་བསྔལ་དང་ལེན་གྱི་བཟོད་པ་ལ་དྲུག་ནི། སྡུག་བསྔལ་ངེས་འབྱུང་གི་རྒྱུར་སྟོན་པ
1293	ordinal-open	3		དང་པོ་ནི།
1294	verse-stanza	25		བདེ་བའི་རྒྱུ་ནི་རེས་འགའ་འབྱུང༌།།↵སྡུག་བསྔལ་རྒྱུ་ནི་ཤིན་ཏུ་མང༌།།↵སྡུག་བསྔལ་མེད་པར
1295	terminal-particle	102		ཞེས་གསུངས་ཏེ། དེ་ཡང་འདིར་འཇིག་རྟེན་པ་ལ་གྲགས་པའི་བདེ་བའི་རྒྱུ་ནི་བསོད་ནམས་ཀྱི་ལས་
1296	terminal-particle	64		ཡང་དག་པར་ན་འཁོར་བ་པ་རྣམས་བདེ་བར་འཛིན་པ་འདི་དག་ཡང་བདེ་བ་མ་ཡིན་ཏེ་འགྱུར་བའི་སྡུག་བ
1297	terminal-particle	60		ཞེས་གསུངས་ལ། དེ་ལྟར་སྡུག་བསྔལ་གྱི་ཕུང་པོ་སྲིད་པ་གསུམ་འདི་ལས་ཐར་བར་འདོད་པ་ནི་ངེས་
1298	ordinal-open	11		གཉིས་པ་ཐར་པའི་དོན་དུ་བཟོད་པར་བྱ་བ་ནི།
1299	verse-stanza	24		དཀའ་ཟློག་དད་དང་ཀརྞ་པ།།↵བསྲེགས་དང་བཅད་སོགས་ཚོར་བ་ནི།།↵དོན་མེད་བཟོད་བྱེད་ཐར་པ་ཡི།།
1300	terminal-particle	40		ཞེས་གསུངས་ཏེ། དཀའ་ཟློག་ཞེས་སོགས་ལ། སྔོན་ལྷ་རྣམས་ལྷ་མ་ཡིན་ལས་ཕམ་པའི་ཚེ་དབང་ཕྱུག་ར
1301	terminal-particle	104		ཞེས་བགྲོས་ཏེ་ལྷ་རྣམས་ཀྱི་འོད་གཅིག་ཏུ་བསྡུས་པས་ལྷ་མོ་ཨུ་མ་ཞེས་བྱ་བ་ཆེས་མཛེས་པ་ཞིག
1302	terminal-particle	63		ཞེས་བཤད་ལ། དེའི་དཀའ་ཐུབ་ཟློག་པའི་ཕྱིར་ཨུ་མ་ལ་དཀའ་ཐུབ་ཟློག་མ་ཞེས་གྲགས་ལ། དེ་མགུ་ན
1303	terminal-particle	20		ལྷ་ཐམས་ཅད་ཀྱིས་ཨུ་མ་སྤྲུལ་ནས་དབང་ཕྱུག་ཆེན་པོ་དཀའ་ཐུབ་ལས་ཟློག་གོ་ཞེས་གྲགས་སོ།།
1304	terminal-particle	132		ཞེས་དང༌། ཀརྞ་ཌ་པ་ཞེས་བྱ་བ་ནི། རྒྱ་གར་ལྷོ་ཕྱོགས་ཀྱི་ཡུལ་ཞིག་སྟེ་དེ་ན་སྔོན་གྱི་ལོག
1305	ordinal-open	9		གསུམ་པ་གོམས་ན་སླ་བར་བསྟན་པ་ནི།
1306	verse-stanza	25		གོམས་ན་སླ་བར་མི་འགྱུར་བའི།།↵དངོས་དེ་གང་ཡང་ཡོད་མ་ཡིན།།↵དེ་བས་གནོད་པ་ཆུང་གོམས་པས།།
1307	terminal-particle	229		ཞེས་གསུངས་ཏེ། གོམས་ན་སོགས་ལ་དཀའ་འགྲེལ་ཆེན་མོར། སྡུག་བསྔལ་ཆུང་ངུ་བཟོད་ཀྱང་མགོ་བོ་
1308	line-end	24		འོ་ན་སྡུག་བསྔལ་བདེ་བར་འཆར་བར་འགྱུར་ན་དེ་འཁོར་བའི་བདེ་བར་འཆར་རམ། མྱ་ངན་ལས་འདས་པའི
1309	ordinal-open	172		དང་པོ་ལྟར་ན། སྲིད་པ་ན་བདེ་བ་མེད་པ་དང་འགལ། ཕྱི་མ་ལྟར་ན། སོ་སྐྱེས་དེ་ཉམས་སུ་བླང་མི
1310	terminal-particle	58		དེ་བས་ན་འཁོར་བ་པ་རྣམས་སྡུག་བསྔལ་དུ་འཛིན་པ་ལུས་ཀྱི་ན་ཚ་དང་སེམས་ཀྱི་ཟུག་རྔུ་འདི་དག
1311	ordinal-open	41		བཞི་པ་བརྟགས་ཏེ་བཟོད་པར་བྱ་བ་ལ་བཞི། དོན་མེད་ཀྱི་སྡུག་བསྔལ་ལ་བསམས་ཏེ་དོན་ལྡན་གྱི་ས
1312	ordinal-open	3		དང་པོ་ནི།
1313	verse-stanza	25		སྦྲུལ་དང་ཤ་སྦྲང་དག་དང་ནི།།↵བཀྲེས་སྐོམ་ལ་སོགས་ཚོར་བ་དང༌།།↵གཡན་པ་ལ་སོགས་བཅས་པ་ཡི།།
1314	terminal-particle	73		ཞེས་གསུངས་ཏེ། དེ་ཡང་དུག་སྦྲུལ་དང་དུག་སྦྲང་སོགས་དུས་ཀྱི་རྗེས་སུ་འབྲང་བའི་སྲོག་ཆགས
1315	ordinal-open	8		གཉིས་པ་གཟེ་རེག་མི་བྱ་བ་ནི།
1316	verse-stanza	25		ཚ་གྲང་ཆར་དང་རླུང་སོགས་དང༌།།↵ནད་དང་འཆིང་དང་བརྡེག་སོགས་ལ།།↵བདག་གིས་གཟེ་རེག་མི་བྱ་ས
1317	terminal-particle	59		ཞེས་གསུངས་ཏེ། རི་རབ་རླུང་གིས་མི་བསྒུལ་བ་ལྟར་བདག་དང་བདག་གི་ལ་གཅེས་སྤྲས་སུ་འཛིན་པའ
1318	ordinal-open	11		གསུམ་པ་དཔའ་བ་དང་སྡར་མའི་དཔེ་བསྟན་པ་ནི།
1319	verse-stanza	25		ལ་ལ་བདག་གི་ཁྲག་མཐོང་ན།།↵དཔའ་བརྟན་ལྷག་པར་སྐྱེ་འགྱུར་ཡོད།།↵ལ་ལ་གཞན་གྱི་ཁྲག་མཐོང་ན།
1320	verse-stanza	13		དེ་ནི་སེམས་ཀྱི་ངང་བརྟན་དང༌།།↵སྡར་མའི་ཚུལ་ལས་གྱུར་པ་ཡིན།།
1321	terminal-particle	86		ཞེས་གསུངས་ཏེ། འཇིག་རྟེན་ན་ཡང་སྡར་མ་དག་ནི་གཡུལ་ངོར་གཞན་ལ་ཁྲག་བྱུང་བ་མཐོང་བས་བརྒྱལ
1322	ordinal-open	8		བཞི་པ་དོན་བསྡུས་ཏེ་གདམས་པ་ནི།
1323	verse-stanza	25		དེ་བས་གནོད་པ་ཁྱད་བསད་ཅིང༌།།↵སྡུག་བསྔལ་རྣམས་ཀྱིས་མི་ཚུགས་བྱོས།།↵མཁས་པས་སྡུག་བསྔལ་
1324	terminal-particle	48		ཞེས་གསུངས་ཏེ། དེས་ན་གནོད་པ་དང་སྡུག་བསྔལ་ཐམས་ཅད་ལ་ཅི་སྙམ་དུ་མི་འཛིན་པར་ཁྱད་དུ་བསད
1325	ordinal-open	13		ལྔ་པ་དེ་ལྟར་བཟོད་ན་དཔའ་བོའི་དམ་པར་བསྟན་པ་ནི།
1326	verse-stanza	25		ཉོན་མོངས་རྣམས་དང་གཡུལ་འགྱེད་ལ།།↵གཡུལ་འགྱེད་ཚེ་ན་གནོད་པ་མང༌།།↵སྡུག་བསྔལ་ཐམས་ཅད་ཁྱ
1327	verse-stanza	12		དེ་དག་རྒྱལ་བྱེད་དཔའ་བོ་སྟེ།།↵ལྷག་མ་རོ་ལ་གསོད་པའོ།།
1328	terminal-particle	112		ཞེས་གསུངས་ཏེ། དགྲ་བོ་དཔུང་ཆེན་པོ་དང་གཡུལ་འགྱེད་པ་ན་ནན་ཏན་གྱིས་སྒྲིམ་དགོས་པ་ལྟར་འ
1329	ordinal-open	11		དྲུག་པ་སྡུག་བསྔལ་ཕན་ཡོན་ཅན་དུ་བསྟན་པ་ནི།
1330	verse-stanza	25		གཞན་ཡང་སྡུག་བསྔལ་ཡོན་ཏན་ནི།།↵སྐྱོ་བས་དྲེགས་པ་སེལ་བར་བྱེད།།↵འཁོར་བ་པ་ལ་སྙིང་རྗེ་ས
1331	terminal-particle	55		ཞེས་གསུངས་ཏེ། སྡུག་བསྔལ་འདི་ནི་ཕན་ཡོན་ཆེན་པོ་ཅན་ཏེ་སེམས་སྐྱོ་བའི་དབང་གིས་ང་རྒྱལ་
1332	ordinal-open	49		གཉིས་པ་ཆོས་ལ་ངེས་པར་སེམས་པའི་བཟོད་པ་ལ་བཞི། ཉོན་མོངས་ཀྱི་དབང་གིས་ཕ་རོལ་ལ་རང་དབང་མ
1333	ordinal-open	30		དང་པོ་ལ་བཞི། རྐྱེན་ལ་རག་ལས་པར་བསྟན་པ། དཔེ་དང་སྦྱར་ཏེ་བསྒྲུབས། གནོད་བྱེད་ལ་རང་དབང
1334	ordinal-open	3		དང་པོ་ནི།
1335	verse-stanza	25		མཁྲིས་པ་ལ་སོགས་སྡུག་བསྔལ་གྱི།།↵འབྱུང་གནས་ཆེ་ལ་མི་ཁྲོ་བར།།↵སེམས་ཡོད་རྣམས་ལ་ཅི་སྟེ
1336	line-end	72		ཞེས་གསུངས་ཏེ། དེ་ཡང་རླུང་མཁྲིས་བད་ཀན་གྱིས་དཀྲུགས་པ་དང་སྐྱེས་བུས་མཚོན་ཆ་བརྒྱབ་པ་ག
1337	ordinal-open	9		གཉིས་པ་དཔེ་དང་སྦྱར་ཏེ་བསྒྲུབས་པ་ནི།
1338	verse-stanza	25		དཔེར་ན་མི་འདོད་བཞིན་དུ་ཡང༌།།↵ནད་འདི་འབྱུང་བར་འགྱུར་བ་ལྟར།།↵དེ་བཞིན་མི་འདོད་བཞིན་
1339	verse-stanza	25		ཁྲོ་བར་བྱ་ཞེས་མ་བསམས་ཀྱང༌།།↵སྐྱེ་བོ་རྣམས་ནི་གྱི་ནར་ཁྲོ།།↵བསྐྱེད་པར་བྱ་ཞེས་མ་བསམས
1340	line-end	2		ཞེས་གསུངས།
1341	ordinal-open	12		གསུམ་པ་གནོད་བྱེད་ལ་རང་དབང་མེད་པར་བསྟན་པ་ནི།
1342	verse-stanza	25		ཉེས་པ་ཇི་སྙེད་ཐམས་ཅད་དང༌།།↵སྡིག་པ་རྣམ་པ་སྣ་ཚོགས་པ།།↵དེ་ཀུན་རྐྱེན་གྱི་སྟོབས་ལས་བྱ
1343	line-end	2		ཞེས་གསུངས།
1344	ordinal-open	13		བཞི་པ་རྐྱེན་དེ་དག་ཀྱང་སེམས་པ་མེད་པར་བསྟན་པ་ནི།
1345	verse-stanza	25		རྐྱེན་རྣམས་ཚོགས་པ་དེ་དག་ཡང༌།།↵བསྐྱེད་པར་བྱ་ཞེས་སེམས་པ་མེད།།↵དེས་བསྐྱེད་དེ་ཡང་བདག
1346	terminal-particle	40		ཞེས་གསུངས་ཏེ། དེས་ན་རྒྱུ་རྐྱེན་ཚོགས་ན་མཁྲིས་སོགས་དབང་མེད་དུ་སྐྱེ་བ་ལྟར་རྒྱུ་རྐྱེ
1347	terminal-particle	31		ཞེས་བསམས་བཞིན་དུ་བསྐྱེད་པ་མ་ཡིན་ལ་ཁྲོ་བའི་རྐྱེན་ཚུལ་མིན་ཡིད་བྱེད་དང་གནོད་པར་འཛིན
1348	terminal-particle	53		ཞེས་མི་སེམས་ཞིང་ཁྲོ་བ་དེ་ཡང་བདག་གིས་བདག་མི་ཤེས་མོད་ཀྱི་རྒྱུ་རྐྱེན་ཚོགས་པས་གནས་སྐ
1349	ordinal-open	23		གཉིས་པ་རང་དབང་གི་གཙོ་བོ་སོགས་འགོག་པ་ལ་གསུམ། གྲངས་ཅན་པའི་འདོད་པ་བཀག རིག་པ་ཅན་པ་བཀ
1350	ordinal-open	3		དང་པོ་ནི།
1351	verse-stanza	25		གཙོ་བོ་ཞེས་བྱར་གང་འདོད་དང༌།།↵བདག་ཅེས་བཏགས་པ་གང་ཡིན་པ།།↵དེ་ཉིད་བདག་ནི་འབྱུང་བྱ་ཞེ
1352	line-end	4		ཅེས་གསུངས་ཏེ། དེ་ཡང༌།
1353	verse-stanza	13		གཙོ་བོ་ཞེས་བྱར་གང་འདོད་དང༌།།↵བདག་ཅེས་བཏགས་པ་གང་ཡིན་པ།།
1354	terminal-particle	72		ཞེས་པ་ནི་གྲངས་ཅན་པས་རྡུལ་མུན་སྙིང་སྟོབས་ཆ་མཉམ་པ་ལ་གཙོ་བོ་ཞེས་རྣམ་འགྱུར་ཉེར་གསུམ་
1355	terminal-particle	55		རྐྱེན་ལ་རག་ལས་པ་རྣམས་རང་དབང་ཅན་མ་ཡིན་ཡང་གཙོ་བོ་དང་བདག་དེ་རྐྱེན་ལ་མི་ལྟོས་པས་རང་ད
1356	terminal-particle	31		ཞེས་ཆེད་དུ་བསམས་ཤིང་འབྱུང་བ་མེད་དེ། དེ་བེམ་པོ་ཡིན་པའི་ཕྱིར་དང༌། རྟག་པ་ཡིན་པའི་ཕྱ
1357	line-end	27		ཞེས་ཆེད་དུ་བསམས་ཤིང་འབྱུང་བ་མེད་དེ། དེ་རྟག་པ་ཡིན་ལ་རྟག་པ་ནི་དངོས་པོ་མ་ཡིན་པས་ཤེས
1358	verse-stanza	13		མ་སྐྱེས་པར་ནི་དེ་མེད་ན།།↵དེ་ཚེ་སྐྱེ་བར་འདོད་པ་གང༌།།
1359	terminal-particle	17		ཞེས་གསུངས་ཏེ། ཡང་བདག་དང་གཙོ་བོ་དེ་རྒྱུ་རྐྱེན་ལས་སྐྱེས་སམ་མ་སྐྱེས་ཞེས་དྲིའོ།།
1360	terminal-particle	39		སྐྱེས་ན་ནི་མི་རྟག་པར་འགྱུར་བས་རྟག་པར་འདོད་པ་དང་འགལ་ཞིང་སྐྱེ་ན་རྒྱུ་རྐྱེན་གཞན་ལས་
1361	line-end	74		མ་སྐྱེས་པར་འདོད་ན་ནི་དེ་མེད་པར་ཐལ་ཏེ་རྒྱུ་རྐྱེན་ལས་མ་བྱུང་བའི་ངོ་བོ་ཉིད་ཀྱིས་ཡོད
1362	verse-stanza	13		ཡུལ་ལ་རྟག་ཏུ་གཡེངས་འགྱུར་བས།།↵འགག་པར་འགྱུར་བ་མ་ཡིན་ནོ།།
1363	terminal-particle	218		ཞེས་གསུངས་ཏེ། ཡང་བདག་དེ་གཙོ་བོས་གཏད་པའི་རྣམ་འགྱུར་ལ་ལོངས་སྤྱོད་ན་ཡུལ་རྣམ་འགྱུར་ཉ
1364	ordinal-open	70		གཉིས་པ་རིག་པ་ཅན་པ་བཀག་པ་ནི། གྲངས་ཅན་ལས་གཞན་རིག་པ་ཅན་པ་ན་རེ། བདག་དེ་ནི་རྟག་ཅིང་སེ
1365	terminal-particle	3		ཞེས་འདོད་དོ།།
1366	line-end	4		དེ་འགོག་པ་ནི།
1367	verse-stanza	13		ཅི་སྟེ་བདག་དེ་རྟག་ན་ནི།།↵མཁའ་བཞིན་བྱེད་པ་མེད་པར་མངོན།།
1368	terminal-particle	20		ཞེས་གསུངས་ཏེ། དེས་ནི་གནོད་པ་སོགས་ཅི་ཡང་བྱེད་པ་མེད་པར་ཐལ་ཏེ། རྟག་པའི་ཕྱིར། ནམ་མཁའ
1369	line-end	17		རང་བཞིན་རྟག་ཀྱང་རྐྱེན་སེམས་པ་སོགས་དང་ཕྲད་པས་གནོད་པ་བྱེད་དོ་ཞེ་ན།
1370	verse-stanza	13		རྐྱེན་གཞན་རྣམས་དང་ཕྲད་ན་ཡང༌།།↵འགྱུར་བ་མེད་ལ་ཅི་བྱར་ཡོད།།
1371	terminal-particle	44		ཅེས་གསུངས་ཏེ། སེམས་པ་ལ་སོགས་པའི་རྐྱེན་གཞན་རྣམས་དང་ཕྲད་ན་ཡང་བདག་གི་རང་བཞིན་འགྱུར་
1372	line-end	41		ཡང་བདག་དེ་གནོད་པ་བྱེད་པའི་ཚེ་རྟག་ཅིང་སེམས་པ་མེད་ལ་ཁྱབ་པའི་སྔོན་གྱི་གནས་སྐབས་དེ་ད
1373	ordinal-open	10		དང་པོ་ལྟར་ན་དེ་མི་རྟག་པར་ཐལ་ལོ།།
1374	line-end	4		ཕྱི་མ་ལྟར་ན།
1375	verse-stanza	25		བྱེད་པའི་ཚེ་ཡང་སྔོན་བཞིན་ན།།↵བྱེད་པས་དེ་ལ་ཅི་ཞིག་བྱས།།↵དེ་ཡི་བྱེད་པ་འདི་ཡིན་ཞེས།
1376	terminal-particle	62		ཅེས་གསུངས་ཏེ། གལ་ཏེ་བདག་དེ་གནོད་པ་བྱེད་པའི་ཚེ་ནའང་རྟག་ཅིང་སེམས་པ་མེད་པ་སྔོན་གྱི་
1377	terminal-particle	44		གནོད་པ་ལ་སོགས་པ་དེའི་བྱེད་པའི་རྐྱེན་དང་བྱེད་པ་པོ་བདག་དེ་ལ་བདག་གཅིག་པ་དང་དེ་ལས་བྱ
1378	ordinal-open	6		གསུམ་པ་དོན་བསྡུས་པ་ནི།
1379	verse-stanza	25		དེ་ལྟར་ཐམས་ཅད་གཞན་གྱི་དབང༌།།↵དེ་ཡི་དབང་གིས་དེ་དབང་མེད།།↵དེ་ལྟར་ཤེས་ན་སྤྲུལ་ལྟ་བུ
1380	terminal-particle	49		ཞེས་གསུངས་ཏེ། མདོར་ན་རང་དབང་ཅན་གྱི་བདག་དང་གཙོ་བོ་སོགས་མེད་དེ་ཆོས་ཐམས་ཅད་རྒྱུ་རྐྱ
1381	terminal-particle	65		དེ་ལྟར་ཤེས་པ་ན་ཆུ་ལས་ལྦུ་བ་དང་མེ་ལས་དུ་བ་ལྟར་མེད་བཞིན་དུ་རྒྱུ་རྐྱེན་ཙམ་དུ་སྣང་བའ
1382	ordinal-open	19		གསུམ་པ་སྤྲུལ་པ་ལྟ་བུ་ཡིན་ན་ཁྲོ་བ་ཟློག་མི་རིགས་པའི་རྩོད་པ་སྤང་བ་ནི།
1383	verse-stanza	13		གང་གིས་གང་ཞིག་བཟློག་བྱ་སྟེ།།↵བཟློག་པའང་རིགས་པ་མིན་ཞེ་ན།།
1384	line-end	45		ཞེས་གསུངས་ཏེ། འོ་ན་ཐམས་ཅད་སྤྲུལ་པ་ལྟ་བུ་ཡིན་ན་ཟློག་པ་པོ་གང་གིས་བཟློག་བྱ་གང་ཞིག་བ
1385	verse-stanza	13		དེ་ལ་བརྟེན་ནས་སྡུག་བསྔལ་རྣམས།།↵རྒྱུན་ཆད་འགྱུར་འདོད་མི་རིགས་མེད།།
1386	terminal-particle	126		ཅེས་གསུངས་ཏེ། བཟློག་བྱའི་ཁྲོ་བ་དང༌། ཟློག་བྱེད་ཀྱི་གཉེན་པོ་དང༌། ཟློག་པ་པོའི་གང་ཟག
1387	terminal-particle	18		ཞེས་སྟོན་པ་ལྟར་ཁྲོ་བ་ཟློག་པར་འདོད་པའི་ཕྱིར་འདི་ལ་མི་རིགས་པ་མེད་དོ།།
1388	ordinal-open	6		བཞི་པ་དོན་བསྡུ་བ་ནི།
1389	verse-stanza	25		དེ་བས་དགྲ་འམ་མཛའ་ཡང་རུང༌།།↵མི་རིགས་བྱེད་པ་མཐོང་གྱུར་ན།།↵འདི་འདྲའི་རྐྱེན་ལས་གྱུར་
1390	verse-stanza	25		གལ་ཏེ་རང་དགས་འགྲུབ་འགྱུར་ན།།↵འགའ་ཡང་སྡུག་བསྔལ་མི་འདོད་པས།།↵ལུས་ཅན་དག་ནི་ཐམས་ཅད་ཀ
1391	terminal-particle	103		ཞེས་གསུངས་ཏེ། དེ་ལྟར་རང་དབང་མེད་པར་ཁྲོ་བའི་སེམས་ཅན་དག་ནི་སྙིང་རྗེའི་ཡུལ་ཡིན་གྱི་
1392	terminal-particle	98		འགྲེལ་པ་དུ་མར་རྒྱུ་མེད་དུ་རང་གར་འགྲུབ་པར་འགྱུར་ན། ཞེས་འབྲུ་བསྣན་མོད་ཀྱང་འགའ་ཡང་ས
1393	terminal-particle	74		ཞེས་སོགས་དང༌། འདི་ལྟ་སྟེ། ཚིག་ནམ་མཁའ་དང་མཚུངས་པའི་ཕྱིར་གཤེ་ཡང་སླར་མི་གཤེ་བ་དང༌། 
1394	terminal-particle	22		ཞེས་སོགས་བྱང་ཆུབ་སེམས་དཔའ་རྣམས་ཀྱི་ཆོས་ལ་ངེས་པར་རྟོག་པའི་བཟོད་པ་རྒྱས་པར་གསུངས་པ་
1395	ordinal-open	56		གསུམ་པ་གནོད་པ་ལ་ཇི་མི་སྙམ་པའི་བཟོད་པ་སྟོན་པ་ལ་བཞི། གནོད་བྱེད་སྙིང་རྗེའི་ཡུལ་དུ་བ
1396	ordinal-open	9		དང་པོ་ནི། བག་མེད་པས་ནི་བདག་ལ་བདག།
1397	verse-stanza	25		ཚེར་མ་ལ་སོགས་གནོད་པ་བྱེད།།↵བུད་མེད་ལ་སོགས་འཐོབ་བྱའི་ཕྱིར།།↵རྔམ་ཞིང་ཟས་གཅོད་ལ་སོག
1398	verse-stanza	25		དུག་དང་མི་འཕྲོད་ཟ་བ་དང༌།།↵བསོད་ནམས་མ་ཡིན་སྤྱོད་པ་ཡིས།།↵རང་ལ་གནོད་པ་བྱེད་པ་ཡོད།།↵
1399	verse-stanza	25		བདག་སྡུག་ཉིད་ཀྱང་གསོད་བྱེད་པ།།↵དེ་ཚེ་དེ་དག་གཞན་ལུས་ལ།།↵གནོད་མི་བྱེད་པར་ཇི་ལྟར་འག
1400	verse-stanza	13		བདག་གསོད་ལ་སོགས་ཞུགས་པ་ལ།།↵སྙིང་རྗེ་བརྒྱ་ལ་མ་སྐྱེས་ཀྱང༌།།
1401	terminal-particle	17		ཁྲོ་བར་འགྱུར་བ་ཅིའི་ཐ་ཚིག། ཅེས་གསུངས་ཏེ། འགྲེལ་ཆེན་ལས། བག་མེད་པ་ནི་མ་བརྟགས་པའོ།།
1402	terminal-particle	92		ཞེས་གསུངས་ཏེ། ཕྱི་རྗེས་གཞན་མ་བལྟས་པར་ཟས་ནོར་རམ་བུད་མེད་སོགས་འཕྲལ་གྱི་བདེ་བ་སྣ་རེ
1403	ordinal-open	10		གཉིས་པ་ཁྲོ་བའི་རྒྱུ་མཚན་ལ་དཔྱད་པ་ནི།
1404	verse-stanza	13		གལ་ཏེ་གཞན་ལ་འཚེ་བྱེད་པ།།↵བྱིས་པ་རྣམས་ཀྱི་རང་བཞིན་ན།།
1405	line-end	14		ཞེས་གསུངས་ཏེ། ཁྲོ་བ་ནི་བྱིས་པའི་ཆོས་ཉིད་ཀྱིས་ཡིན་ནོ་ཞེ་ན།
1406	verse-stanza	13		དེ་ལ་ཁྲོ་བ་མི་རིགས་ཏེ།།↵སྲེག་པའི་རང་བཞིན་མེ་བཀོན་འདྲ།།
1407	line-end	33		ཞེས་གསུངས་ཏེ། མེའི་རང་བཞིན་ཚ་བའི་ཕྱིར་མེ་སྦར་ནས་ཚ་བ་ལ་ཁྲོ་མི་རིགས་པ་ལྟར་བྱིས་པ་བ
1408	verse-stanza	13		འོན་ཏེ་སྐྱོན་དེ་གློ་བུར་ལ།།↵སེམས་ཅན་རང་བཞིན་དེས་ན་ཡང༌།།
1409	line-end	22		ཞེས་གསུངས་ཏེ། གལ་ཏེ་ཁྲོ་བ་གློ་བུར་བ་ཡིན་ལ་སེམས་ཅན་གྱི་ངོ་བོ་ཉིད་ཀྱིས་མ་ཡིན་ན་ནི།
1410	verse-stanza	13		འོ་ནའང་ཁྲོ་བ་མི་རིགས་ཏེ།།↵མཁའ་ལ་དུད་འཐུལ་བཀོན་པ་བཞིན།།
1411	terminal-particle	14		ཞེས་གསུངས་ཏེ། ནམ་མཁའ་ལ་དུད་པ་འཐུལ་བ་ན་ནམ་མཁས་ཉེས་སོ།།
1412	line-end	26		ཞེས་བཀོན་པ་ལྟ་བུ་སྟེ། དུ་བས་མིག་ཚ་བར་བྱེད་པ་ནི་དུ་བའི་ཉེས་པ་ཡིན་གྱི་ནམ་མཁའི་ཉེས་
1413	verse-stanza	13		དབྱུག་པ་ལ་སོགས་དངོས་བཀོལ་ཏེ།།↵གལ་ཏེ་འཕེན་པ་ལ་ཁྲོ་ན།།
1414	terminal-particle	17		ཞེས་གསུངས་ཏེ། དབྱུག་པ་སོགས་བསྣུན་པ་ལ་ཁྲོ་ན་དབྱུག་པ་ལ་ཁྲོ་བར་རིགས་སོ།།
1415	line-end	7		དེ་སྐྱེས་བུས་བསྣུན་ནོ་ཞེ་ན།
1416	verse-stanza	13		དེ་ཡང་ཞེ་སྡང་གིས་རྦད་པས།།↵ཉིས་ན་ཞེ་སྡང་ལ་ཁྲོ་རིགས།།
1417	terminal-particle	52		ཞེས་གསུངས་ཏེ། སྐྱེས་བུའང་ཞེ་སྡང་གིས་རྦད་པས་ཞེ་སྡང་ལ་ཁྲོ་བ་རིགས་ལ། དེ་ལྟ་ན་སྐྱེས་
1418	ordinal-open	31		གསུམ་པ་རང་ཉིད་ཀྱིས་ཉེས་པར་བསྟན་པ་ལ་གསུམ། སྔོན་གྱི་ལེ་ལན་ཡིན་པར་བསྟན། གནོད་བྱའི་ལ
1419	ordinal-open	3		དང་པོ་ནི།
1420	verse-stanza	25		བདག་གིས་སྔོན་ཆད་སེམས་ཅན་ལ།།↵འདི་འདྲ་བ་ཡི་གནོད་པ་བྱས།།↵དེ་བས་སེམས་ཅན་འཚེ་བྱེད་པ།།
1421	quote-close	87		ཞེས་གསུངས་ཏེ། སྔོན་ཡང་བདག་གིས་གཞན་ལ་གནོད་པ་བྱས་པས་རྣམ་སྨིན་གྱི་འབྲས་བུ་ངན་སོང་གི
1422	ordinal-open	12		གཉིས་པ་གནོད་བྱའི་ལུས་བཟུང་བས་ཉེས་པར་བསྟན་པ་ནི།
1423	verse-stanza	25		དེ་ཡི་མཚོན་དང་བདག་གི་ལུས།།↵གཉིས་ཀ་སྡུག་བསྔལ་རྒྱུ་ཡིན་ཏེ།།↵དེས་མཚོན་བདག་གིས་ལུས་ཕ
1424	verse-stanza	25		ཤུ་བ་མི་ཡི་གཟུགས་འདྲ་བ།།↵རེག་ཏུ་མི་བཟོད་སྡུག་བསྔལ་ཅན།།↵སྲེད་ལྡོངས་བདག་གིས་བཟུང་ག
1425	terminal-particle	51		ཞེས་གསུངས་ཏེ། དེ་ལྟ་མོད་ཀྱི་རང་གིས་ལུས་རགས་པ་གདོས་བཅས་མི་གཙང་བའི་རང་བཞིན་འདི་བཟུ
1426	ordinal-open	11		གསུམ་པ་རང་གི་སྡིག་པའི་འབྲས་བུར་བསྟན་པ་ནི།
1427	verse-stanza	25		བྱིས་པ་སྡུག་བསྔལ་མི་འདོད་ཅིང༌།།↵སྡུག་བསྔལ་རྒྱུ་ལ་བརྐམས་པས་ན།།↵རང་གི་ཉེས་པས་གནོད་
1428	verse-stanza	25		དཔེར་ན་དམྱལ་བའི་སྲུང་མ་དང༌།།↵རལ་གྲི་ལོ་མའི་ནགས་ཚལ་ལྟར།།↵རང་གི་ལས་ཀྱིས་འདི་བསྐྱེད
1429	terminal-particle	73		ཞེས་གསུངས་ཏེ། དེས་ན་སེམས་ཅན་རྣམས་ནི་འཚིག་པར་མི་འདོད་ཀྱང་མེ་ལ་ནན་གྱིས་མཆོང་བའི་ཕྱ
1430	ordinal-open	55		བཞི་པ་གནོད་བྱེད་དེ་བདག་ལ་ཕན་འདོགས་ཡིན་ཡང་གནོད་པའི་རྣམ་སྨིན་གྱི་སྡུག་བསྔལ་རང་བཞིན
1431	ordinal-open	3		དང་པོ་ནི།
1432	verse-stanza	25		བདག་གི་ལས་ཀྱིས་བསྐུལ་བྱས་ནས།།↵བདག་ལ་གནོད་བྱེད་རྣམས་འབྱུང་སྟེ།།↵དེ་ཡིས་སེམས་ཅན་དམ
1433	terminal-particle	55		ཞེས་གསུངས་ཏེ། བདག་རང་གི་ལས་ཀྱིས་ཕ་རོལ་པོ་བསྐུལ་ཏེ་གནོད་པ་བྱས་མོད་ཀྱང་བྱེད་པ་པོ་ཉ
1434	ordinal-open	7		གཉིས་པ་གསལ་བར་བཤད་པ་ནི།
1435	verse-stanza	25		འདི་དག་ལ་ནི་རྟེན་བཅས་ནས།།↵བཟོད་པས་བདག་སྡིག་མང་དུ་འབྱང༌།།↵བདག་ལ་བརྟེན་ནས་དེ་དག་ནི
1436	line-end	2		ཞེས་གསུངས།
1437	ordinal-open	13		གསུམ་པ་ཕན་བཏགས་པ་ལ་ཁྲོ་མི་རིགས་པར་བསྟན་པ་ནི།
1438	verse-stanza	25		བདག་ནི་དེ་ལ་གནོད་བྱེད་ལ།།↵དེ་དག་བདག་ལ་ཕན་འདོགས་ན།།↵ཕྱིན་ཅི་ལོག་ཏུ་ཅི་ཡི་ཕྱིར།།↵མ
1439	line-end	39		ཅེས་གསུངས་ཏེ། གནོད་བྱེད་ལ་བདག་གིས་བཟོད་པ་བསྒོམས་པས་བདག་གི་སྡིག་པ་མང་དུ་འབྱང་ཞིང་
1440	ordinal-open	14		བཞི་པ་རང་སེམས་བསྲུངས་ན་ངན་འགྲོར་མི་འགྲོ་བ་བསྟན་པ་ནི།
1441	verse-stanza	25		གལ་ཏེ་བདག་ལ་བསམ་པ་ཡི།།↵ཡོན་ཏན་ཡོད་ན་དམྱལ་མི་འགྲོ།↵གལ་ཏེ་བདག་གིས་བདག་བསྲུངས་ན།།↵ད
1442	terminal-particle	85		ཞེས་གསུངས་ཏེ། གལ་ཏེ་གཞན་ངན་འགྲོ་སྐྱེ་བའི་རྒྱུ་བདག་ལ་རག་ལས་པས་ན་བདག་ཡང་དེར་སྐྱེ་བ
1443	ordinal-open	12		ལྔ་པ་ལན་བྱས་ན་རང་ཉིད་ཉམས་པར་བསྟན་པ་ནི།
1444	verse-stanza	25		འོན་ཏེ་ལན་དུ་གནོད་བྱས་ན།།↵དེ་དག་བསྲུངས་པར་མ་གྱུར་ལ།།↵བདག་གི་སྤྱོད་པའང་ཉམས་པར་འགྱ
1445	terminal-particle	49		ཞེས་གསུངས་ཏེ། འོན་ཏེ་ལན་དུ་གནོད་པ་བྱས་ན་བདག་གིས་བདག་མ་བསྲུངས་པ་ཡིན་པས་བདག་གི་བྱང
1446	ordinal-open	51		གཉིས་པ་བརྙས་སོགས་ལ་བཟོད་པར་བྱ་བ་ལ་བཞི། བརྙས་སོགས་ཀྱིས་ལུས་ལ་མི་གནོད་པར་བསྟན། གཞན
1447	ordinal-open	3		དང་པོ་ནི།
1448	verse-stanza	25		ཡིད་ནི་ལུས་ཅན་མ་ཡིན་པས།།↵སུས་ཀྱང་གང་དུའང་གཞོམ་མི་ནུས།།↵ལུས་ལ་མངོན་པར་ཞེན་པས་ན།།↵
1449	verse-stanza	25		བརྙས་དང་ཚིག་རྩུབ་སྨྲ་བ་དང༌།།↵མི་སྙན་པ་ཡི་ཚིག་དེ་ཡིས།།↵ལུས་ལ་གནོད་པར་མི་འགྱུར་ན།།
1450	line-end	80		ཞེས་གསུངས་ཏེ། བརྙས་པ་སྟེ་བཀུར་སྟི་ལས་ལོག་པར་བྱེད་པ་དང༌། ཚིག་རྩུབ་མོ་སྟེ་མི་དགའ་བ
1451	ordinal-open	15		གཉིས་པ་གཞན་སྡང་བ་ཙམ་གྱིས་བདག་ལ་མི་གནོད་པར་བསྟན་པ་ནི།
1452	verse-stanza	25		གཞན་དག་བདག་ལ་མི་དགའ་བ།།↵དེས་ནི་ཚེ་འདིའམ་ཚེ་གཞན་ལ།།↵བདག་ལ་ཟ་བར་མི་བྱེད་ན།།↵བདག་ནི
1453	terminal-particle	37		ཅེས་གསུངས་ཏེ། གཞན་མི་དགའ་བ་དེས་ཀྱང་བདག་ལ་ཟ་བར་མི་བྱེད་དེ་མི་དགའ་བ་ནི་ཡིད་མི་བདེ་
1454	line-end	13		དེས་བདག་གི་རྙེད་པའི་བར་ཆད་བྱེད་པས་ཁྲོ་འོ་ཞེ་ན།
1455	ordinal-open	50		གསུམ་པ་རྙེད་པའི་གེགས་བྱེད་པ་ལ་ཁྲོ་མི་རིགས་པར་བསྟན་པ་ལ་བཞི། རྙེད་པ་ལ་སྙིང་པོ་མེད་
1456	ordinal-open	3		དང་པོ་ནི།
1457	verse-stanza	25		རྙེད་པའི་བར་ཆད་བྱེད་པའི་ཕྱིར།།↵གལ་ཏེ་འདི་དག་མི་འདོད་ན།།↵བདག་གི་རྙེད་པ་འདིར་འདོར་
1458	terminal-particle	138		ཞེས་གསུངས་ཏེ། དེ་ཡང་ལོངས་སྤྱོད་ནི་ཚེ་ཕྱི་མར་རྗེས་སུ་འབྲང་བ་མེད་དེ་སེམས་ཅན་རྣམས་འ
1459	ordinal-open	14		གཉིས་པ་ལོག་འཚོས་གསོན་པ་བས་ཤི་ན་ལེགས་པར་བསྟན་པ་ནི།
1460	verse-stanza	13		བདག་ཉིད་དེ་རིང་ཤི་ཡང་སླའི།།↵ལོག་འཚོས་ཡུན་རིང་གསོན་མི་རུང༌།།
1461	line-end	2		ཞེས་གསུངས།
1462	ordinal-open	13		གསུམ་པ་འཆི་བ་ལ་རྙེད་པས་མི་ཕན་པར་བསྟན་པ་ནི།
1463	verse-stanza	25		བདག་ལྟ་ཡུན་རིང་གནས་གྱུར་ཀྱང༌།།↵འཆི་བའི་སྡུག་བསྔལ་དེ་ཉིད་ཡིན།།↵རྨི་ལམ་ལོ་བརྒྱར་བད
1464	verse-stanza	25		གཞན་ཞིག་ཡུད་ཙམ་བདེ་མྱོང་ནས།།↵སད་པར་གྱུར་པ་གང་ཡིན་པ།།↵སད་པ་དེ་དག་གཉིས་ཀ་ལའང༌།།↵བད
1465	verse-stanza	25		ཚེ་རིང་ཚེ་ཐུང་གཉིས་ཀ་ཡང༌།།↵འཆི་བའི་དུས་སུ་དེ་འདྲར་ཟད།།↵རྙེད་པ་མང་པོ་ཐོབ་གྱུར་ཏེ།
1466	terminal-particle	126		ཆོམ་པོས་ཕྲོགས་པ་ཇི་བཞིན་དུ།། སྒྲེན་མོ་ལག་པ་སྟོང་པར་འགྲོ། ཞེས་གསུངས་ཏེ། སྲིད་པའི་
1467	ordinal-open	14		བཞི་པ་རྙེད་པ་ལ་ཞེན་ན་སྡིག་པ་འཕེལ་བར་བསྟན་པ་ནི།
1468	verse-stanza	25		གལ་ཏེ་རྙེད་པས་གསོན་གྱུར་ན།།↵སྡིག་ཟད་བསོད་ནམས་བྱ་ཞེ་ན།།↵རྙེད་པའི་དོན་དུ་ཁྲོས་གྱུར
1469	verse-stanza	25		གང་གི་དོན་དུ་བདག་གསོན་པ།།↵དེ་ཉིད་གལ་ཏེ་ཉམས་གྱུར་ན།།↵སྡིག་པ་འབའ་ཞིག་བྱེད་པ་ཡི།།↵ག
1470	terminal-particle	136		ཞེས་གསུངས་ཏེ། འོན་ཏེ་སྔར་རྙེད་པ་བསྒྲུབས་ཏེ་རྙེད་པ་དེས་ཕྱིས་དགེ་བ་བྱའོ་ཞེ་ན། རྙེད
1471	ordinal-open	16		བཞི་པ་གཞན་མ་དད་པར་བྱེད་པ་ལའང་ཁྲོ་མི་རིགས་པར་བསྟན་པ་ནི།
1472	verse-stanza	13		གལ་ཏེ་སེམས་ཅན་དད་མེད་པས།།↵མི་སྙན་སྨྲ་ལ་ཁྲོ་ཞེ་ན།།
1473	line-end	23		ཞེས་གསུངས་ཏེ། གལ་ཏེ་མི་སྙན་པར་བརྗོད་པ་ལས་གཞན་བདག་ལ་མ་དད་པར་འགྱུར་བས་དེའི་ཕྱིར་ཁྲ
1474	verse-stanza	13		གཞན་ལ་མི་སྙན་བརྗོད་ལའང་ཁྱོད།།↵དེ་བཞིན་ཅི་སྟེ་ཁྲོ་མི་བྱེད།།
1475	line-end	31		ཅེས་གསུངས་ཏེ། དེ་ལྟ་ན་གཞན་གྱིས་གཞན་ལ་མི་སྙན་པར་བརྗོད་པས་ཀྱང་གཞན་ལ་མ་དད་པ་སྐྱེ་བར
1476	verse-stanza	25		མ་དད་གཞན་ལ་རག་ལས་པས།།↵དད་པ་མེད་ལ་ཁྱོད་བཟོད་ན།།↵ཉོན་མོངས་རྐྱེན་ལ་རག་ལས་པའི།།↵མི་ས
1477	terminal-particle	104		ཅེས་གསུངས་ཏེ། གལ་ཏེ་གཞན་དམིགས་ཡུལ་དུ་བྱས་ནས་མ་དད་པ་ལ་ཁྲོ་བར་མི་བྱེད་པས་གཞན་ལ་དད་
1478	line-end	16		དེ་ལྟར་བདག་ཉིད་ལ་གནོད་པ་བྱེད་པ་ལ་བཟོད་པ་སྒོམ་ཚུལ་བཤད་ནས།
1479	ordinal-open	36		གཉིས་པ་བདག་གི་བ་ལ་གནོད་པ་བྱེད་པ་ལ་བཟོད་པ་སྒོམ་ཚུལ་ལ་ཡང་གཉིས་ཏེ། ཆོས་ལ་ངེས་པར་སེམ
1480	ordinal-open	3		དང་པོ་ནི །
1481	verse-stanza	25		སྐུ་གཟུགས་མཆོད་རྟེན་དམ་ཆོས་ལ།།↵འཁྱལ་ཞིང་འཇིག་པར་བྱེད་པ་ལའང༌།།↵བདག་གིས་ཞེ་སྡང་མི་
1482	terminal-particle	51		ཞེས་གསུངས་ཏེ། གསེར་ལ་སོགས་པ་ལས་དེ་བཞིན་གཤེགས་པའི་སྐུའི་དབྱིབས་ལྟ་བུར་བཅོས་པ་སོགས
1483	terminal-particle	50		སྟོན་པས་གསུངས་པའི་དམ་པའི་ཆོས་མིང་ཚིག་ཡི་གེ་རྣམས་ཡུལ་གྲུ་སོ་སོའི་ཡི་གེའི་མཚན་མ་ལཉ
1484	line-end	110		དེ་ལ་སྐུ་གཟུགས་དང་མཆོད་རྟེན་དང་གླེགས་བམ་དེ་དག་གཞིག་པ་དང་ཚུལ་ཁྲིམས་དང༌། ཏིང་ངེ་འཛ
1485	verse-stanza	19		བླ་མ་གཉེན་ལ་སོགས་པ་དང༌།།↵བཤེས་ལ་གནོད་པ་བྱེད་རྣམས་ལའང༌།།↵སྔ་མའི་ཚུལ་གྱིས་རྐྱེན་དག
1486	line-end	38		འགྱུར་བར་མཐོང་ནས་ཁྲོ་བ་བཟློག། ཅེེས་གསུངས་ཏེ། དེ་བཞིན་དུ་མཁན་པོ་དང་སློབ་དཔོན་དང་ཕ
1487	verse-stanza	25		མཁྲིས་པ་ལ་སོགས་སྡུག་བསྔལ་གྱི།།↵འབྱུང་གནས་ཆེ་ལ་མི་ཁྲོ་བར།།↵སེམས་ཡོད་རྣམས་ལ་ཅིས་ཏེ
1488	line-end	2		སོགས་དང༌།
1489	verse-stanza	24		དེ་བས་དགྲའམ་མཛའ་ཡང་རུང༌།།↵མི་རིགས་བྱེད་པ་མཐོང་གྱུར་ན།།↵འདི་འདྲའི་རྐྱེན་ལས་གྱུར་ཏ
1490	terminal-particle	27		ཞེས་སོགས་དང༌། དེ་དག་ཉིད་ཀྱི་ལས་སུ་ལྟ་བ་སོགས་སྔར་བསྟན་པ་རྣམས་ཀྱི་ཚུལ་གྱིས་རྣམ་པར་
1491	ordinal-open	45		གཉིས་པ་གནོད་པ་ལ་ཇི་མི་སྙམ་པས་སྒོམ་པ་ལ་ཡང་བཞི། སེམས་ཡོད་ལ་བཀར་ཏེ་ཁྲོ་བར་མི་རིགས་པ
1492	ordinal-open	3		དང་པོ་ནི།
1493	verse-stanza	25		ལུས་ཅན་རྣམས་ལ་སེམས་ཡོད་དང༌།།↵སེམས་མེད་གཉིས་ཀས་གནོད་བྱས་ན།།↵སེམས་ཡོད་ཅིས་ཏེ་བཀར་ཏ
1494	quote-close	65		ཞེས་གསུངས་ཏེ། འགྲོ་བ་འདི་དག་ལ་སེམས་ཡོད་པའི་དགྲས་གནོད་པ་བྱེད་པ་ལྟར་སེམས་མེད་པའི་འ
1495	ordinal-open	10		གཉིས་པ་སྐྱོན་ཅན་ཁྱད་མེད་དུ་འགྱུར་བ་ནི།
1496	verse-stanza	25		ལ་ལ་རྨོངས་པས་ཉེས་པ་བྱེད།།↵ལ་ལ་རྨོངས་ཏེ་ཁྲོས་གྱུར་ན།།↵དེ་ལ་སྐྱོན་མེད་གང་གིས་བྱ།།↵
1497	terminal-particle	56		ཞེས་གསུངས་ཏེ། ལ་ལ་ཞེས་བྱ་བ་ནི་གང་ཡང་རུང་བའི་དོན་ཏེ་སེམས་ཅན་ཁ་ཅིག་གིས་ཁྲོས་ཤིང་ཁ་
1498	terminal-particle	24		དེས་ན་བདག་ཉིད་སྐྱོན་མེད་པ་དང་ཡོན་ཏན་དང་ལྡན་པར་འདོད་པ་དེས་བཟོད་པ་ཁོ་ན་ལ་གནས་པར་བྱ
1499	ordinal-open	9		གསུམ་པ་རང་གིས་ཉེས་པར་བརྟག་པ་ནི།
1500	verse-stanza	25		གང་གིས་གཞན་དག་གནོད་བྱེད་པའི།།↵ལས་དེ་སྔོན་ཆད་ཅི་ཕྱིར་བྱས།།↵ཐམས་ཅད་ལས་ལ་རག་ལས་ན།།↵
1501	terminal-particle	75		ཞེས་གསུངས་ཏེ། གཉེན་བཤེས་ལ་སོགས་པ་གནོད་བྱ་གང་དག་དེ་ཉིད་ཀྱིས་སྔོན་ཚེ་རབས་གཞན་དང་གཞ
1502	quote-close	27		དེ་ལྟར་བདེ་སྡུག་ཐམས་ཅད་རང་གི་ལས་ལ་རག་ལས་པ་ཡིན་ན་ལས་ལ་མི་ཁྲོ་བར་གནོད་བྱེད་ལ་ཅིའི་
1503	line-end	55		གལ་ཏེ་ལས་ལ་ཁྲོའོ་ཞེ་ན། དེ་ནི་མཐོང་བྱ་མིན་པས་དམིགས་པར་མི་ནུས་ལ་ཁྲོས་པས་དེ་གཞོམ་ཡང
1504	verse-stanza	25		དེ་ལྟར་མཐོང་ནས་ཅི་ནས་ཀྱང༌།།↵ཐམས་ཅད་ཕན་ཚུན་བྱམས་སེམས་སུ།།↵འགྱུར་བ་དེ་ལྟར་བདག་གིས་
1505	terminal-particle	86		ཞེས་གསུངས་ཏེ། དེ་ལྟར་ཁྲོ་བའི་ཉེས་དམིགས་དང༌། བཟོད་པའི་ཕན་ཡོན་མཐོང་བས་རྟག་ཏུ་ཁྲོ་བ
1506	ordinal-open	23		བཞི་པ་འབྲས་བུ་ཡིད་ལ་བྱ་བ་གསུམ་བསྟན་པ་ལ་གསུམ། བསོད་ནམས་མི་ཉམས་པ། སྡུག་བསྔལ་ལས་ལྡོ
1507	ordinal-open	3		དང་པོ་ནི།
1508	verse-stanza	25		དཔེར་ན་ཁྱིམ་ཚིག་གྱུར་པའི་མེ།།↵ཁྱིམ་གཞན་ཞིག་ཏུ་སོང་ནས་ནི།།↵རྩྭ་སོགས་གང་ལ་མཆེད་བྱེ
1509	verse-stanza	25		དེ་བཞིན་གང་ལ་སེམས་ཆགས་ནས།།↵ཞེ་སྡང་མེ་ནི་མཆེད་གྱུར་པ།།↵བསོད་ནམས་འཚིག་པར་དོགས་པ་ཡི
1510	terminal-particle	98		ཞེས་གསུངས་ཏེ། ཁྱིམ་མེས་ཚིག་པ་ན་བུད་ཤིང་བསྣན་པར་བྱ་བ་མ་ཡིན་གྱི་ཡོ་བྱད་འཚིག་པར་དོག
1511	ordinal-open	8		གཉིས་པ་སྡུག་བསྔལ་ལས་ལྡོག་པ་ནི།
1512	verse-stanza	25		གསད་བྱའི་མི་ཞིག་ལག་བཅད་དེ།།↵གལ་ཏེ་ཐར་ན་ཅིས་མ་ལེགས།།↵གལ་ཏེ་མི་ཡི་སྡུག་བསྔལ་གྱིས།།
1513	verse-stanza	25		ད་ལྟའི་སྡུག་བསྔལ་འདི་ཙམ་ལའང༌།།↵བདག་གིས་བཟོད་པར་མི་ནུས་ན།།↵དེས་ན་དམྱལ་བའི་སྡུག་བས
1514	terminal-particle	149		ཅེས་གསུངས་ཏེ། རྒྱལ་པོའི་ཁྲིམས་ཆེན་པོས་གསད་པར་བྱ་བ་ཞིག་ལག་པ་ཙམ་བཅད་ནས་ཐར་བར་གྱུར་
1515	terminal-particle	47		ཞེས་བྱུང་ཞིང༌། རྡོ་རྗེ་གཅོད་པར། ཤེས་རབ་ཀྱི་ཕ་རོལ་ཏུ་ཕྱིན་པ་ལ་སྤྱོད་པའི་བྱང་ཆུབ་ས
1516	terminal-particle	22		ཞེས་གསུངས་པ་ལྟར། ད་ལྟའི་སྡུག་བསྔལ་ཕྲ་མོས་ཀྱང་རྣམ་སྨིན་ཆེན་པོ་རྣམས་ཀྱང་སྦྱོང་བར་བ
1517	ordinal-open	6		གསུམ་པ་དོན་འགྲུབ་པ་ནི།
1518	verse-stanza	25		འདོད་པའི་དོན་དུ་སྲེག་ལ་སོགས།།↵དམྱལ་བ་སྟོང་ཕྲག་མྱོང་གྱུར་ཀྱང༌།།↵བདག་གིས་རང་གི་དོན
1519	line-end	60		ཞེས་གསུངས་ཏེ། ཐོག་མ་མེད་པ་ནས་རྙེད་བཀུར་ལ་སོགས་པ་འདོད་པ་ངན་ངོན་སྣ་རེའི་ཆེད་དུ་ཡང་
1520	verse-stanza	25		འདི་ནི་དེ་ཙམ་གནོད་མིན་ལ།།↵དོན་ཆེན་དག་ཀྱང་འགྲུབ་འགྱུར་བས།།↵འགྲོ་བའི་གནོད་སེལ་སྡུག
1521	terminal-particle	76		ཞེས་གསུངས་ཏེ། ད་ལྟའི་སྡུག་བསྔལ་དང་བརྙས་སོགས་འདི་ནི་དམྱལ་བའི་སྡུག་བསྔལ་ཙམ་གྱི་གནོ
1522	line-end	15		དེ་ལྟར་བདག་དང་བདག་གི་བ་ལ་གནོད་པ་ལ་བཟོད་པ་བསྟན་ནས།
1523	ordinal-open	51		གསུམ་པ་དགྲ་ལ་ལེགས་པ་བྱེད་པ་ལ་བཟོད་པ་སྒོམ་ཚུལ་གསུམ་ནི། དགྲ་ལ་བསྟོད་གྲགས་བྱུང་བ་ལ་
1524	ordinal-open	34		དང་པོ་ལ་གཉིས། རང་གིས་གཞན་ལ་བསྟོད་ན་བདེ་བ་འཐོབ་པར་བསྟན་པ་དང༌། གཞན་གྱི་ཡོན་ཏན་ལ་བས
1525	ordinal-open	3		དང་པོ་ནི།
1526	verse-stanza	25		གཞན་གྱིས་ཡོན་ཏན་ལྡན་བསྟོད་ནས།།↵གལ་ཏེ་དགའ་བའི་བདེ་འཐོབ་ན།།↵ཡིད་ཁྱོད་ཀྱང་ནི་དེ་བསྟ
1527	terminal-particle	52		ཅེས་གསུངས་ཏེ། དེ་ཡང་བདག་གིས་མི་མཛའ་བ་དགྲར་བཟུང་བ་ཡོན་ཏན་དང་ལྡན་པ་ཞིག་ལ་སྐྱེ་བོ་ཡ
1528	line-end	81		དེ་ལ་སེམས་ཁྱོད་ཁྲོ་བར་མི་རིགས་ཏེ་ཁྲོ་བས་ནི་ཁྲོ་བ་པོ་སྡུག་བསྔལ་བ་ཁོ་ནར་ཟད་པས་ན་ཁྲ
1529	verse-stanza	25		ཁྱོད་ཀྱི་དགའ་བའི་བདེ་བ་འདི།།↵བདེ་འབྱུང་ཁ་ན་མ་ཐོ་མེད།།↵ཡོན་ཏན་ལྡན་པ་རྣམས་ཀྱིས་གནང
1530	terminal-particle	88		ཞེས་གསུངས་ཏེ། དེ་ལྟར་བྱས་པས་ཁྱོད་ཀྱི་རྒྱུད་ལ་ཐོབ་པའི་དགའ་བདེ་འདི་ནི་བདེ་བ་མང་དུ་
1531	ordinal-open	22		གཉིས་པ་གཞན་གྱི་ཡོན་ཏན་ལ་བསྟོད་པ་མི་བཟོད་ན་བདག་ཉིད་ལ་སྡུག་བསྔལ་འབྱུང་བར་བསྟན་པ་ནི
1532	verse-stanza	25		གཞན་ཡང་དེ་ལྟར་བདེ་འགྱུར་ཞེས།།↵གལ་ཏེ་ཁྱོད་བདེ་འདི་མི་འདོད།།↵གླ་རྔན་བྱིན་སོགས་སྤངས
1533	terminal-particle	30		ཞེས་གསུངས་ཏེ། དེ་ལྟར་གཞན་དང་ཡང་གི་སྒྲས་རང་ཡང་སྟེ་གཉི་ག་དེ་ལྟ་བུར་རྩོད་པ་མེད་ཅིང་
1534	line-end	141		ཞེས་བསྟན་ཡང་ད་དུང་སེམས་ཁྱོད་དགྲའི་ཡིད་བདེ་ཞིང་རང་ཡང་ཁྲོ་བ་ཞི་བས་བདེ་བ་འདི་མི་འདོ
1535	verse-stanza	24		ཞེས་འཇིགས་པའི་གནས་བསྟན་ཏོ།།↵རང་གི་ཡོན་ཏན་བརྗོད་པའི་ཚེ།།↵གཞན་ལའང་བདེ་བ་འདོད་པར་བྱ
1536	line-end	119		རང་ལའང་བདེ་བ་འདོད་མི་བྱེད།། ཅེས་གསུངས་ཏེ། དེ་ལྟ་མོད་ཀྱི་གཞན་ཞིག་གིས་རང་ཉིད་ཀྱི་ཡ
1537	ordinal-open	15		གཉིས་པ་དགྲ་ལ་བདེ་བ་སྒྲུབ་པ་ལ་མི་བཟོད་པ་སྤང་བ་ནི།
1538	verse-stanza	25		སེམས་ཅན་ཐམས་ཅད་བདེར་འདོད་པས།།↵བྱང་ཆུབ་ཏུ་ནི་སེམས་བསྐྱེད་ནས།།↵སེམས་ཅན་རང་གིས་བདེ་
1539	terminal-particle	74		ཅེས་གསུངས་ཏེ། དགྲ་བོ་བདེ་བ་ན་སེམས་ཁྱོད་ཞེ་སྡང་བར་མི་རིགས་ཏེ། ཁྱོད་ཀྱིས་སྔར་སེམས་
1540	ordinal-open	46		གསུམ་པ་དགྲ་ལ་རྙེད་པ་སྒྲུབ་པ་ལ་མི་བཟོད་པ་སྤང་བ་ལ་གཉིས། ཚིགས་བཅད་སྔ་མའི་དོན་རྒྱུ་མ
1541	ordinal-open	40		དང་པོ་ལ་གསུམ། སངས་རྒྱས་སྦྱིན་པར་འདོད་ན་རྙེད་བཀུར་ལ་སེར་སྣ་བྱེད་པ་མི་རིགས་པར་བསྟན
1542	ordinal-open	3		དང་པོ་ནི།
1543	verse-stanza	25		འཇིག་རྟེན་གསུམ་མཆོད་འཚང་རྒྱ་བར།།↵སེམས་ཅན་རྣམས་ནི་འདོད་ཅེ་ན།།↵རྙེད་བཀུར་ངན་ངོན་ཙམ
1544	terminal-particle	270		ཅེས་གསུངས་ཏེ། དེ་ཡང་བདག་གིས་སེམས་ཅན་རྣམས་སངས་རྒྱས་ལ་དགོད་པར་ཁས་བླངས་ཀྱི་བདེ་བ་གཞ
1545	ordinal-open	23		གཉིས་པ་བདག་གིས་གསོ་བར་བྱ་དགོས་ན་རང་གིས་འཚོ་བ་རྙེད་པ་ལ་ཁྲོ་མི་རིགས་པར་བསྟན་པ་ནི།
1546	verse-stanza	24		གསོ་བྱ་གང་ཞིག་ཁྱོད་གསོ་བ།།↵ཁྱོད་ཉིད་ཀྱིས་ནི་སྦྱིན་བྱ་དེ།།↵གཉེན་གྱིས་འཚོ་བ་རྙེད་ག
1547	line-end	61		ཞེས་གསུངས་ཏེ། དེས་ན་བྱང་ཆུབ་སེམས་དཔས་སེམས་ཅན་ཐམས་ཅད་བདེ་བ་ཐམས་ཅད་ལ་དགོད་པར་བྱ་བར
1548	ordinal-open	6		གསུམ་པ་དོན་བསྡུས་པ་ནི།
1549	verse-stanza	25		དེ་ཅི་འགྲོ་ལ་མི་འདོད་ན།།↵དེ་ལ་བྱང་ཆུབ་འདོད་གང་ཡིན།།↵གང་ཞིག་གཞན་འབྱོར་ཁྲོ་དེ་ལ།།↵
1550	terminal-particle	110		ཅེས་གསུངས་ཏེ། དེས་ན་བུས་རྙེད་པ་ཁྱད་པར་ཅན་ཐོབ་ན་ཕ་མ་ཆེས་དགའ་བ་ལྟར་སེམས་ཅན་རྣམས་རྙ
1551	ordinal-open	46		གཉིས་པ་གཞན་ལ་མ་བྱིན་ཀྱང་སྦྱིན་བདག་གི་ཁྱིམ་ན་གནས་པའི་ཡོ་བྱད་ཀྱིས་བདག་ལ་མི་ཕན་པར་བ
1552	ordinal-open	3		དང་པོ་ནི།
1553	verse-stanza	25		གལ་ཏེ་དེས་དེ་ལས་རྙེད་དམ།།↵སྦྱིན་བདག་ཁྱིམ་དུ་གནས་གྱུར་ཀྱང༌།།↵ཀུན་ཏུའང་དེ་ཁྱོད་ལ་མ
1554	line-end	60		ཞེས་གསུངས་ཏེ། གལ་ཏེ་དེས་བདག་གི་སྦྱིན་བདག་ལས་རྙེད་པ་བླངས་པས་བདག་གི་རྙེད་པ་ཆུང་ངུར
1555	ordinal-open	12		གཉིས་པ་ཁྲོ་ན་རང་ཉིད་ལ་ཁྲོ་བར་རིགས་པ་ནི།
1556	verse-stanza	24		བསོད་ནམས་དང་ནི་དད་པའམ།།↵རང་གི་ཡོན་ཏན་ཅིའི་ཕྱིར་འདོར།།↵རྙེད་པར་འགྱུར་བ་མི་འཛིན་ལ།
1557	terminal-particle	84		ཞེས་གསུངས་ཏེ། དེ་ལྟ་མོད་ཀྱི་ཆོས་བཞིན་གྱི་རྙེད་པ་རྣམས་ནི་རང་གི་ཕྲག་དོག་མེད་པའི་བླ
1558	ordinal-open	14		གསུམ་པ་བསོད་ནམས་ལྡན་པ་ལ་འགྲན་མི་རིགས་པར་བསྟན་པ་ནི།
1559	verse-stanza	25		ཁྱོད་ནི་རང་གིས་སྡིག་བྱས་ལ།།↵མྱ་ངན་མེད་པར་མ་ཟད་ཀྱི།།↵བསོད་ནམས་བྱས་པ་གཞན་དག་དང༌།།↵
1560	terminal-particle	67		ཞེས་གསུངས་ཏེ། དེས་ན་རང་གིས་ཁྲོ་བའི་སྡིག་པ་བསྐྱེད་པ་ལ་མྱ་ངན་མེད་ཀྱི་སྟེང་དུ་བསོད་
1561	terminal-particle	138		བམ་པོ་གཉིས་པ་ཞེས་བྱ་བ་ནི། ད་ལྟ་སྤྱོད་འཇུག་གི་བོད་དཔེ་མཐོང་བ་རྣམས་ན་གཞུང་གི་ཐོག་མ
1562	ordinal-open	44		དྲུག་པ་འདོད་པའི་གེགས་བྱེད་པ་ལ་བཟོད་པ་སྒོམ་པ་ལ་གཉིས། དགྲ་ལ་གནོད་པའི་གེགས་བྱེད་པ་ལ
1563	ordinal-open	3		དང་པོ་ནི།
1564	verse-stanza	25		གལ་ཏེ་དགྲ་ཞིག་མི་དགའ་ནའང༌།།↵དེ་ལ་ཁྱོད་དགར་ཅི་ཞིག་ཡོད།།↵ཁྱོད་ཀྱི་ཡིད་སྨོན་ཙམ་གྱིས
1565	verse-stanza	25		ཁྱོད་ཀྱི་འདོད་པ་སྡུག་བསྔལ་དེ།།↵གྲུབ་ནའང་ཁྱོད་དགར་ཅི་ཞིག་ཡོད།།↵གལ་ཏེ་འཚེངས་པར་འགྱ
1566	verse-stanza	25		ཉོན་མོངས་ཉ་པས་བཏབ་པ་ཡི།།↵མཆིལ་པ་འདི་ནི་མི་བཟད་གཟེ།།↵དེས་བཟུང་སེམས་དམྱལ་བུམ་པར་ཡང
1567	terminal-particle	101		ཞེས་གསུངས་ཏེ། དགྲ་བོ་ལ་གནོད་པ་བྱུང་ན་དེ་མི་དགའ་ཞིང་སྡུག་བསྔལ་བར་འགྱུར་བ་དེ་ལ་ཡང་
1568	terminal-particle	170		གལ་ཏེ་དགྲ་ལ་སྡུག་བསྔལ་དེ་གྲུབ་ན་ཡང་ཁྱོད་དགའ་བར་བྱར་ཅི་ཡོད་དེ་བཤད་མ་ཐག་པའི་བདག་ལ་
1569	ordinal-open	42		གཉིས་པ་བདག་དང་བདག་གི་ཕྱོགས་ལ་ལེགས་པ་འགྲུབ་པའི་བར་ཆད་བྱེད་པ་ལ་བཟོད་པར་བསྟན་པ་ལ་གཉ
1570	ordinal-open	27		དང་པོ་ལ་གཉིས། བདག་གི་བསྟོད་གྲགས་འཇིག་པ་ལ་གནོད་པར་མི་ལྟ་བ་དང༌། བསྟོད་གྲགས་འགོག་པ་
1571	ordinal-open	36		དང་པོ་ལ་བཞི། བསྟོད་སོགས་ནི་བདག་གི་བདེ་བའི་རྒྱུ་མ་ཡིན་པར་བསྟན། བསྟོད་གྲགས་ལ་ཆགས་པ
1572	ordinal-open	3		དང་པོ་ནི།
1573	verse-stanza	25		བསྟོད་དང་གྲགས་དང་རིམ་གྲོ་ནི།།↵བསོད་ནམས་མི་འགྱུར་ཚེར་མི་འགྱུར།།↵བདག་སྟོབས་མི་འགྱུ
1574	line-end	70		ཞེས་གསུངས་ཏེ། དེ་ཡང་གལ་ཏེ་བསྟོད་པའམ་གྲགས་པ་བསྒྲགས་པ་ན་དེས་བདག་གི་ནད་ཞི་བའམ་ཚེ་འཕ
1575	verse-stanza	13		བདག་ནི་རང་དོན་ཤེས་གྱུར་ན།།↵དེ་ལ་རང་དོན་ཅི་ཞིག་ཡོད།།
1576	line-end	79		ཅེས་གསུངས་ཏེ། དེ་ལྟ་མོད་ཀྱི་སེམས་ཁྱོད་ནི་སུ་ཡང་མ་ཡིན་པ་ཞིག་ལ་རང་དུ་ཞེན་ཅིང་འདི་ཁ
1577	verse-stanza	13		ཡིད་བདེ་འབའ་ཞིག་འདོད་ན་ནི།།↵རྒྱན་སོགས་ཆང་ཡང་བསྟེན་དགོས་སོ།།
1578	terminal-particle	66		ཞེས་གསུངས་ཏེ། གལ་ཏེ་ལུས་ལ་བདེ་བ་སོགས་མི་འབྱུང་ཡང་བསྟོད་གྲགས་དེས་བདག་གི་ཡིད་བདེ་བ
1579	terminal-particle	52		དུག་ཀྱང་ཟ་རིགས་པར་འགྱུར་ཏེ་འཕྲལ་དུ་མངར་བའི་ཕྱིར། དེས་ན་བསྟོད་གྲགས་ཀྱིས་ཡིད་བདེ་བ
1580	ordinal-open	12		གཉིས་པ་བསྟོད་གྲགས་ལ་ཆགས་པའི་ཉེས་པ་བསྟན་པ་ནི།
1581	verse-stanza	25		གྲགས་པའི་ཕྱིར་ནི་ནོར་ཤོར་ཞིང༌།།↵བདག་ཉིད་ཀྱང་ནི་གསོད་བྱེད་ན།།↵ཚིག་འབྲུ་རྣམས་ཀྱིས་
1582	line-end	114		ཞེས་གསུངས་ཏེ། དེ་ལྟ་མོད་ཀྱི་བསྟོད་གྲགས་ནི་ཉེས་པའི་འབྱུང་ཁུངས་ཡིན་ཏེ་བསྟོད་གྲགས་ས
1583	verse-stanza	25		བྱེ་མའི་ཁང་བུ་རྡིབ་གྱུར་ན།།↵བྱིས་པ་རྣམས་ནི་ག་ཆད་ངུ༌།།↵དེ་བཞིན་བསྟོད་དང་གྲགས་ཉམས་
1584	terminal-particle	50		ཞེས་གསུངས་ཏེ། དེས་ན་བྱེ་མའི་ཁང་བུ་རྡིབ་པ་ན་བྱིས་པ་དག་ག་ཆད་པར་ངུ་ཞིང་འགྲེ་ལྡོག་པ་
1585	ordinal-open	17		གསུམ་པ་རྣམ་པར་བརྟགས་ཏེ་བསྟོད་གྲགས་ལ་ཆགས་བྱ་མ་ཡིན་པར་བསྟན་པ་ནི།
1586	verse-stanza	13		རེ་ཞིག་སྒྲ་ལ་སེམས་མེད་ཕྱིར།།↵བདག་ལ་བསྟོད་སེམས་ཡོང་མི་སྲིད།།
1587	terminal-particle	32		ཅེས་གསུངས་ཏེ། དེ་ལྟ་མོད་ཀྱི་རེ་ཞིག་བརྟག་པར་བྱ་སྟེ་བསྟོད་གྲགས་དེ་ནི་མིང་ཚིག་ཡི་གེ
1588	terminal-particle	82		ཞེས་བྱ་བ་འདི་གཞན་ཞིག་གིས་བདག་ལ་བརྗོད་པས་བསྟོད་པ་དང༌། དེ་བཞིན་དུ་མས་བརྒྱུད་ནས་བསྒ
1589	terminal-particle	53		དེ་དག་ཚོགས་པ་ལས་སྐྱེས་བུ་དང་ཁྱོད་དང་མཛེས་པ་ཞེས་སོགས་ནི་མིང་རེ་རེ་བ་སྟེ་དེ་དག་ཀྱང
1590	terminal-particle	74		གལ་ཏེ་མིང་འདུས་པས་དོན་གྱི་ཁྱད་པར་བསྟན་པའི་ཚིག་ཡིན་ནོ་སྙམ་ན། འདི་ནི་རང་གི་བློས་འད
1591	line-end	50		དེས་ན་ཡང་དག་པར་ན་བསྟོད་པ་དང་གྲགས་པའི་སྒྲ་ཞིག་ཀྱང་མེད་ལ། གལ་ཏེ་སྒྲ་ཙམ་འདི་ཁོ་ན་བས
1592	verse-stanza	25		བདག་ལ་གཞན་དགའ་ཞེས་གྲག་པ།།↵དེ་ནི་དགའ་བའི་རྒྱུ་ཡིན་གྲང༌།།↵གཞན་ནམ་ཡང་ན་བདག་ལའང་རུང༌
1593	verse-stanza	13		དགའ་བདེ་དེ་ནི་དེ་ཉིད་ཀྱི།།↵བདག་གིས་དེ་ལས་ཤས་མི་འཐོབ།།
1594	line-end	76		ཅེས་གསུངས་ཏེ། ཡང་དེ་ལ་བརྟེན་ནས་བདག་ལ་གཞན་དག་དགའ་འོ་ཞེས་རང་གིས་གོ་བར་འགྱུར་བས་འདི
1595	verse-stanza	25		དེ་བདེ་བ་ཡིས་བདག་བདེ་ན།།↵ཀུན་ལའང་དེ་བཞིན་བྱ་དགོས་ན།།↵ཇི་ལྟར་གཞན་ལ་དགའ་བ་ཡིས།།↵བད
1596	terminal-particle	65		ཞེས་གསུངས་ཏེ། གལ་ཏེ་དེ་བདེ་བས་བདག་གི་ཡིད་བདེ་འོ་ཞེ་ན། ལེགས་ཏེ་སེམས་ཁྱོད་ཀྱིས་སེམ
1597	ordinal-open	6		བཞི་པ་དོན་བསྡུས་པ་ནི།
1598	verse-stanza	25		དེ་བས་བདག་ནི་བསྟོད་དོ་ཞེས།།↵རང་གིས་དགའ་བ་སྐྱེ་འགྱུར་པ།།↵དེ་ཡང་དེ་ལྟར་མི་འཐད་པས།།
1599	terminal-particle	46		ཅེས་གསུངས་ཏེ། རྒྱུ་མཚན་དེ་རྣམས་ཀྱིས་རྣམ་པར་བརྟགས་པ་ན་སྙིང་པོ་མེད་པའི་བསྟོད་གྲགས་
1600	ordinal-open	26		གཉིས་པ་བསྟོད་གྲགས་འགོག་པ་ནི་ཕན་འདོགས་ཀྱི་དམ་པར་བསྟན་པ་ལ་གཉིས། ངན་སོང་ལས་སྲུང་བ་ད
1601	ordinal-open	3		དང་པོ་ནི།
1602	verse-stanza	25		བསྟོད་སོགས་དག་ནི་གཡེང་བར་བྱེད།།↵དེས་ནི་སྐྱོ་བའང་འཇིག་པར་བྱེད།།↵ཡོན་ཏན་ལྡན་ལ་ཕྲག་
1603	line-end	77		ཅེས་གསུངས་ཏེ། དེ་ཡང་བསྟོད་གྲགས་ལ་དགའ་བ་ན་དེས་སེམས་གཡོ་ཞིང་ཏིང་ངེ་འཛིན་དང་བྲལ་བར་
1604	verse-stanza	25		དེ་ཕྱིར་བདག་གི་བསྟོད་སོགས་ནི།།↵གཞིག་ཕྱིར་གང་དག་ཉེར་གནས་པ།།↵དེ་དག་བདག་ནི་ངན་སོང་ད
1605	terminal-particle	75		ཞེས་གསུངས་ཏེ། དེས་ན་སུ་ཞིག་བདག་གི་བསྟོད་པ་དང་གྲགས་པ་སོགས་འགོག་ཅིང་མི་སྙན་པ་སྒྲུབ
1606	ordinal-open	9		གཉིས་པ་ཐར་པའི་གྲོགས་སུ་བསྟན་པ་ནི།
1607	verse-stanza	13		བདག་ནི་གྲོལ་བ་དོན་གཉེར་ལ།།↵རྙེད་དང་བཀུར་སྟིས་འཆིང་མི་དགོས།།
1608	line-end	52		ཞེས་གསུངས་ཏེ། དེ་ལྟ་མོད་ཀྱི་བདག་ནི་དང་པོར་རབ་ཏུ་བྱུང་བ་དང་བྱང་ཆུབ་ཏུ་སེམས་བསྐྱེད
1609	verse-stanza	33		ལྟ་གྱུར་འཆིང་དང་རྙེད་དང་བཀུར་སྟི་དང༌།།↵གྲགས་པའི་འཆིང་བ་རབ་ཏུ་བྱུང་བ་ཡི།།↵འཆིང་བ་
1610	line-end	49		ཞེས་དང༌། གཞན་ཡང་མདོ་རྣམས་ལས། འདུ་འཛིའི་ཉེས་དམིགས་རྒྱས་པར་བསྟན་པའི་ཕྱིར་ན། བདག་ལ་
1611	verse-stanza	13		གང་དག་བདག་བཅིངས་གྲོལ་བྱེད་པ།།↵དེ་ལ་བདག་ནི་ཇི་ལྟར་ཁྲོ།།
1612	line-end	52		ཞེས་གསུངས་ཏེ། དེས་ན་བདག་བྱང་ཆུབ་ཀྱི་ལམ་དུ་མྱུར་བར་འགྲོ་བ་ལ་ཚེ་འདི་དོན་གཉེར་གྱི་འ
1613	verse-stanza	26		ནད་སེལ་བ་ལ་སྨན་པ་བཞིན་ནོ།།↵བདག་ནི་སྡུག་བསྔལ་འཇུག་འདོད་ལ།།↵སངས་རྒྱས་ཀྱིས་ནི་བྱིན་
1614	terminal-particle	59		དེ་ལ་བདག་ནི་ཇི་ལྟར་ཁྲོ།། ཞེས་གསུངས་ཏེ། དེ་ལྟར་བདག་སྡུག་བསྔལ་གྱི་རྒྱུ་ལས་ལྡོག་པ་ང
1615	ordinal-open	36		གཉིས་པ་བསོད་ནམས་ཀྱི་གེགས་བྱེད་པ་ལ་བཟོད་པར་བསྟན་པ་ལ་གསུམ། ཁྲོ་བ་ཁོ་ན་བསོད་ནམས་ཀྱི
1616	ordinal-open	3		དང་པོ་ནི།
1617	verse-stanza	25		འདི་ནི་བསོད་ནམས་གེགས་བྱེད་ཅེས།།↵དེ་ལའང་ཁྲོ་བ་རིགས་མིན་ཏེ།།↵བཟོད་མཚུངས་དཀའ་ཐུབ་ཡོ
1618	line-end	99		ཞེས་གསུངས་ཏེ། དེ་ཡང་གནོད་བྱེད་འདིས་བདག་གི་བསོད་ནམས་ཀྱི་ལས་དགེ་བའི་བར་ཆད་བྱས་པས་ཁ
1619	verse-stanza	25		གལ་ཏེ་བདག་ནི་རང་སྐྱོན་གྱིས།།↵འདི་ལ་བཟོད་པར་མི་བྱེད་ན།།↵བསོད་ནམས་རྒྱུ་ནི་ཉེར་གནས་
1620	terminal-particle	51		ཅེས་གསུངས་ཏེ། དེ་ལྟ་མོད་ཀྱི་བདག་ནི་རང་གི་སྐྱོན་ཞེ་སྡང་གི་དབང་དུ་གྱུར་ཏེ་དགེ་བ་ཆེ
1621	ordinal-open	11		གཉིས་པ་གནོད་བྱེད་གེགས་མ་ཡིན་པར་བསྟན་པ་ནི།
1622	verse-stanza	25		གང་ཞིག་གང་མེད་མི་འབྱུང་ལ།།↵གང་ཞིག་ཡོད་ན་ཡོད་འགྱུར་བ།།↵དེ་ཉིད་དེ་ཡི་རྒྱུ་ཡིན་ན།།↵
1623	line-end	62		ཞེས་གསུངས་ཏེ། དེས་ན་གང་ཞིག་གནོད་བྱེད་མེད་ན་བཟོད་པ་གང་མེད་ལ་གནོད་བྱེད་ཡོད་ན་བཟོད་
1624	verse-stanza	25		དུས་སུ་ཕྱིན་པའི་སློང་མོ་བས།།↵སྦྱིན་པའི་གེགས་བྱས་ཡོད་མ་ཡིན།།↵རབ་ཏུ་འབྱིན་པར་བྱེད་
1625	terminal-particle	42		ཞེས་གསུངས་ཏེ། དཔེར་ན། དུས་སུ་ཕྱིན་པའི་སློང་མོ་པས་སྦྱིན་པའི་གེགས་བྱས་པ་ཡོད་པ་མ་ཡི
1626	ordinal-open	30		གསུམ་པ་གུས་པའི་ཡུལ་དུ་བསྟན་པ་ལ་གཉིས། བཟོད་པའི་གྲོགས་ཡིན་པའི་ཕྱིར་གུས་པར་བྱ་བ་དང༌
1627	ordinal-open	29		དང་པོ་ལ་གསུམ། ཕན་འདོགས་ཆེ་བར་བསྟན་པ། ཕ་རོལ་གྱི་སྡང་སེམས་མེད་ན་བཟོད་པ་མི་འབྱུང་བར
1628	ordinal-open	3		དང་པོ་ནི།
1629	verse-stanza	25		འཇིག་རྟེན་ན་ནི་སློང་བ་མོད།།↵གནོད་པ་བྱེད་པ་དཀོན་པ་སྟེ།།↵འདི་ལྟར་ཕར་གནོད་མ་བྱས་ན།།
1630	terminal-particle	140		ཞེས་གསུངས་ཏེ། དེ་ཡང་འཇིག་རྟེན་གྱི་ཁམས་དག་པ་རྣམས་ན་སེམས་ཅན་དབུལ་པོ་དང་མི་དགེ་བ་སྤ
1631	terminal-particle	99		དེའི་ཤུགས་ཀྱིས་བསྟན་པ་ཚུལ་ཁྲིམས་ཀྱི་རྐྱེན་མི་དགེ་བའི་ཡུལ་ཡང་ཤིན་ཏུ་མང་ལ་སློང་མོ་
1632	terminal-particle	60		གལ་ཏེ་ཕར་གནོད་པ་བྱས་ཏེ་མཚོན་ལ་སོགས་ཀྱིས་ཟུག་པའམ་འཛིན་པའི་ཐབས་ས་མདའ་ལ་སོགས་པ་བྱས་
1633	line-end	45		དུད་འགྲོའི་ཆོས་ཉིད་ཀྱང་དེ་ལྟ་བུ་ཡིན་ན་བསམ་ཤེས་སུ་འདོད་པའི་མི་ལྟ་ག་ལ་སྨོས་ཏེ་སྐྱེ
1634	verse-stanza	25		དེ་བས་ངལ་བས་མ་སྒྲུབས་པའི།།↵ཁྱིམ་དུ་གཏེར་ནི་བྱུང་བ་ལྟར།།↵བྱང་ཆུབ་སྤྱོད་པའི་གྲོགས་
1635	line-end	133		ཞེས་གསུངས་ཏེ། དེ་བས་ན་གནོད་པ་བྱེད་པ་ནི་ཆེས་དཀོན་ན་བདག་ཉིད་ཀྱིས་ཉེས་སམ་མ་ཉེས་ཀྱང་
1636	verse-stanza	25		འདི་དང་བདག་གིས་བསྒྲུབས་པས་ན།།↵དེའི་ཕྱིར་བཟོད་པའི་འབྲས་བུ་ནི།།↵འདི་ལ་ཐོག་མར་བདར་འ
1637	terminal-particle	73		ཞེས་གསུངས་ཏེ། དེས་ན་གནོད་བྱེད་འདིས་བཟོད་པའི་ཡུལ་བྱས་ལ་བདག་གིས་སྒོམ་པ་པོ་བྱས་ཏེ་ག
1638	terminal-particle	95		འོ་ན་བཟོད་པའི་འབྲས་བུ་ཐོག་མར་གནོད་བྱེད་ཀྱིས་འཐོབ་བམ་ཞེ་ན། ལས་ནི་བྱེད་པ་པོ་ཉིད་ཀྱ
1639	ordinal-open	17		གཉིས་པ་ཕ་རོལ་གྱི་སྡང་སེམས་མེད་ན་བཟོད་པ་མི་འབྱུང་བར་བསྟན་པ་ནི།
1640	verse-stanza	25		གལ་ཏེ་བཟོད་སྒྲུབ་བསམ་མེད་པས།།↵དགྲ་འདི་མཆོད་བྱ་མིན་ཞེ་ན།།↵གྲུབ་པ་ཡི་ནི་རྒྱུར་རུང་
1641	line-end	103		ཅེས་གསུངས་ཏེ། གལ་ཏེ་དགྲ་འདི་ནི་ཁྲོ་བས་གནོད་པ་བྱེད་པར་ཟད་ཀྱི་འདི་ལ་བཟོད་པ་སྒྲུབ་པ
1642	verse-stanza	25		གལ་ཏེ་དགྲ་འདི་གནོད་བྱ་ཡི།།↵བསམ་ཡོད་མཆོད་བྱ་མིན་ཞེ་ན།།↵སྨན་པ་བཞིན་དུ་ཕན་བརྩོན་ན།།
1643	line-end	71		ཅེས་གསུངས་ཏེ། གལ་ཏེ་དགྲ་འདི་ནི་བདག་ལ་གནོད་པར་བྱ་བའི་བསམ་པ་ཡོད་པས་མཆོད་པ་བྱ་བ་མིན
1644	verse-stanza	25		དེ་བས་རབ་ཏུ་སྡང་སེམས་ལ།།↵བརྟེན་ནས་བཟོད་པ་སྐྱེ་བས་ན།།↵དེ་ཉིད་བཟོད་པའི་རྒྱུ་ཡིན་པས
1645	terminal-particle	136		ཞེས་གསུངས་ཏེ། དེས་ན་ཕ་རོལ་གྱི་རབ་ཏུ་ཞེ་སྡང་པའི་སེམས་ལ་བརྟེན་ནས་སེམས་ཅན་མ་སྦྱངས་པ
1646	ordinal-open	11		གསུམ་པ་སྟོན་པ་དང་འདྲ་བ་དེ་བསྟན་པ་ནི།
1647	verse-stanza	13		དེ་ནི་སེམས་ཅན་ཞིང་དང་ནི།།↵རྒྱལ་བའི་ཞིང་ཞེས་ཐུབ་པས་གསུངས།།
1648	terminal-particle	107		ཞེས་གསུངས་ཏེ། དེ་ཡང་ཞིང་ས་གཤིན་པོ་ལ་བརྟེན་ནས་ལོ་ཏོག་སྐྱེ་བ་ལྟར་བྱང་ཆུབ་སེམས་དཔའ་
1649	line-end	13		དེས་ན་ཞིང་རྣམ་པ་གཉིས་ཡིན་ཏེ། སྨོན་ལམ་དག་པའི་མདོ་ལས།
1650	verse-stanza	25		ངས་སྔོན་སེམས་ཅན་ཞིང་རྣམས་དང༌།།↵ཐུབ་པའི་ཞིང་ལ་བརྟེན་ནས་ནི།།↵སངས་རྒྱས་ཆོས་རྣམས་མཐའ
1651	terminal-particle	15		ཅེས་གསུངས་ཤིང༌། ཆོས་ཡང་དག་པར་སྡུད་པའི་མདོ་ལས་ཀྱང་གསུངས་པའི་ཕྱིར་རོ།།
1652	line-end	60		འདི་དག་མགུ་བྱས་མང་པོ་ཞིག། འདི་ལྟར་ཕུན་སུམ་ཕ་རོལ་ཕྱིན།། ཞེས་གསུངས་ཏེ། རིགས་པས་ཀྱང
1653	verse-stanza	25		སེམས་ཅན་རྣམས་དང་རྒྱལ་བ་ལས།།↵སངས་རྒྱས་ཆོས་འགྲུབ་འདྲ་བ་ལས།།↵རྒྱལ་ལ་གུས་བྱེད་དེ་བཞི
1654	line-end	68		ཞེས་གསུངས་ཏེ། དེས་ན་སེམས་ཅན་རྣམས་མགུ་བར་བྱས་པ་དང་སངས་རྒྱས་མཉེས་པར་བྱས་པ་གཉིས་བདག
1655	verse-stanza	25		བསམ་པའི་ཡོན་ཏན་རང་གིས་མིན།།↵འབྲས་བུ་ལས་ཡིན་དེ་མཚུངས་པར།།↵སེམས་ཅན་རྣམས་ལའང་ཡོན་ཏན
1656	line-end	100		ཞེས་གསུངས་ཏེ། འོ་ན་སེམས་ཅན་དང་སངས་རྒྱས་ཡོན་ཏན་མཚུངས་པར་ཐལ་ལོ་ཞེ་ན། དེ་གཉིས་བསམ་པ
1657	verse-stanza	25		བྱམས་སེམས་ལྡན་ལ་མཆོད་པ་གང༌།།↵དེ་ནི་སེམས་ཅན་ཆེ་བ་ཉིད།།↵སངས་རྒྱས་དད་པའི་བསོད་ནམས་ག
1658	line-end	189		ཅེས་གསུངས་ཏེ། དེས་ན་སེམས་ཅན་རྣམས་ལའང་ཡོན་ཏན་ཡོད་དེ་ཁམས་རང་བཞིན་གྱིས་རྣམ་པར་དག་ལ་
1659	verse-stanza	13		སངས་རྒྱས་ཆོས་འགྲུབ་ཆ་ཡོད་པ།།↵དེས་ན་དེ་དག་མཉམ་པར་འདོད།།
1660	terminal-particle	80		ཅེས་གསུངས་ཏེ། དེས་ན་སེམས་ཅན་ནི་གང་གི་ཆེད་དུ་བྱ་བའི་ཡུལ་ཡིན་ལ། སངས་རྒྱས་ནི་གང་འཐོ
1661	line-end	34		འོ་ན་ཞིང་དེ་གཉིས་ཁྱད་པར་གཏན་མེད་དམ་ཞེ་ན། རང་གི་བློ་སྦྱོང་བའི་ཆ་ནས་དེ་ལྟར་ཡིན་མོད
1662	verse-stanza	25		དེ་ལྟ་མོད་ཀྱི་ས་རྡུལ་དང༌།།↵རྒྱ་མཚོ་བ་ལང་རྨིག་རྗེས་ཀྱི།།↵ཁྱད་པར་གང་ཡིན་སངས་རྒྱས་ད
1663	line-end	51		ཅེས་སངས་རྒྱས་དང་ས་བཅུ་རྒྱུན་མཐའི་བྱང་སེམས་ཀྱི་ཁྱད་པར་ཡང་ས་ཆེན་པོ་དང་རྡུལ་ཕྲ་རབ་ར
1664	verse-stanza	13		ཡོན་ཏན་རྒྱ་མཚོ་མཐའ་ཡས་པའི།།↵སངས་རྒྱས་རྣམས་དང་འགའ་མི་མཉམ།།
1665	line-end	2		ཞེས་བྱའོ།།
1666	verse-stanza	25		ཡོན་ཏན་མཆོག་ཚོགས་གཅིག་པུ་ཡི།།↵ཡོན་ཏན་ཤས་ཙམ་འགའ་ཞིག་ལ།།↵སྣང་ནའང་དེ་ལ་མཆོད་དོན་དུ།
1667	line-end	62		ཞེས་གསུངས་ཏེ། གལ་ཏེ་སྐྱེ་བོ་འགའ་ཞིག་ལ་ཡང་རུང་སྟེ་སངས་རྒྱས་ཀྱི་ཡོན་ཏན་ལས་གངྒཱའི་ཀ
1668	verse-stanza	25		སངས་རྒྱས་ཆོས་མཆོག་སྐྱེ་བའི་ཤས།།↵སེམས་ཅན་རྣམས་ལའང་ཡོད་པས་ན།།↵འདི་ཙམ་དག་གི་ཆ་བསྟུན
1669	terminal-particle	80		ཞེས་གསུངས་ཏེ། དེ་ལྟར་ཡོན་ཏན་གྱི་ཆ་ནས་ནམ་མཁའ་དང་རྩྭ་མཆོག་གི་བུ་གའི་ཁྱད་པར་ཙམ་ཡིན་
1670	ordinal-open	77		གཉིས་པ་སྟོན་པའི་ཐུགས་དགོངས་རྫོགས་པའི་ཕྱིར་གུས་པར་བྱ་བ་ལ་ལྔ། སེམས་ཅན་མགུ་བས་སྟོན་
1671	ordinal-open	3		དང་པོ་ནི།
1672	verse-stanza	25		གཞན་ཡང་གཡོ་མེད་གཉེན་གྱུར་ཅིང༌།།↵ཕན་པ་དཔག་མེད་མཛད་རྣམས་ལ།།↵སེམས་ཅན་མགུ་བྱ་མ་གཏོགས
1673	terminal-particle	36		ཞེས་གསུངས་ཏེ། དེ་ལ་གཞན་ཡང་ཞེས་བྱ་བ་ནི་སྔར་བསྟན་པ་དེ་དག་ཏུ་མ་ཟད་སེམས་ཅན་མགུ་བར་བྱ
1674	terminal-particle	150		དེ་གང་ཞེ་ན། ནམ་དུ་ཡང་གཡོ་དང་སྒྱུ་མེད་པར་སེམས་ཅན་ཐམས་ཅད་ལ་མ་འདྲིས་པའི་གཉེན་དུ་གྱུ
1675	line-end	26		ཞེས་བསམས་ཏེ་རྣག་གི་ལུས་ཀྱིས་མི་སྐྱོ་བར་གཞན་དོན་སྤྱོད་པར་བཤད་ན་ཐེག་པ་ཆེན་པོར་ལྟ་ཅ
1676	verse-stanza	33		གང་ཕྱིར་སྐུ་གཏོང་མནར་མེད་འཇུག་པ་ལ།།↵དེ་ལ་ཕན་བཏགས་ལན་ལོན་འགྱུར་བས་ན།།↵དེ་བས་འདི་ད
1677	terminal-particle	236		ཞེས་གསུངས་ཏེ། དེས་ན་བདག་ཅག་གི་སྟོན་པ་ཤཱཀྱའི་དབང་པོ་དེ་ཉིད་ཀྱང་སྔོན་སློབ་པའི་ལམ་ས
1678	ordinal-open	16		གཉིས་པ་སྟོན་པའི་རྗེས་སུ་འཇུག་ན་དེ་ལྟར་བྱ་དགོས་པར་བསྟན་པ་ནི།
1679	verse-stanza	33		རེ་ཞིག་བདག་གི་རྗེར་གྱུར་ཉིད་ཀྱང་ནི།།↵གང་ཕྱིར་རང་གི་སྐུ་ལའང་མི་གཟིགས་པ།།↵དེ་ལ་རྨོ
1680	terminal-particle	75		ཞེས་གསུངས་ཏེ། མདོར་ན་བདག་གི་རྗེ་བོ་ནི་སངས་རྒྱས་ཡིན་ལ་དེས་ཀྱང་རྗེ་བོ་ལྟར་གཟིགས་པ་
1681	line-end	2		ཞེས་དང༌།
1682	verse-stanza	13		ཐུགས་རྗེ་ཆེ་ཞེས་གང་གྲགས་པ།།↵སྙིང་རྗེ་ཆེན་པོ་དེ་ལ་བྱ།།
1683	terminal-particle	5		ཞེས་བསྟན་པའི་ཕྱིར་རོ།།
1684	quote-close	50		དེས་ན་བདག་གི་རྗེ་བོ་ཡང་གང་གི་ཆེད་དུ་རང་གི་སྐུ་ལའང་མི་གཟིགས་པར་ཕན་པ་མཛད་པའི་ཡུལ་ད
1685	ordinal-open	20		གསུམ་པ་སེམས་ཅན་ལ་གནོད་པ་བྱས་ན་སངས་རྒྱས་བྱང་སེམས་རྣམས་མི་དགྱེས་པར་བསྟན་པ་ནི།
1686	verse-stanza	33		གང་དག་བདེ་བས་ཐུབ་རྣམས་མཉེས་འགྱུར་ཞིང༌།།↵གང་ལ་གནོད་ན་མི་དགྱེས་འབྱུང་འགྱུར་ལ།།↵དེ་
1687	terminal-particle	69		ཞེས་གསུངས་ཏེ། དེས་ན་སེམས་ཅན་གང་དག་བདེ་བས་ཐུབ་རྣམས་མཉེས་པར་འགྱུར་ཞིང་གང་གིས་སེམས་
1688	terminal-particle	173		དེ་ལྟ་མོད་ཀྱི་སངས་རྒྱས་ལ་མཉེས་མ་མཉེས་ཡོད་ན་དེ་ལ་ཆགས་སྡང་ཡང་ཡོད་པར་འགྱུར་རོ་ཞེ་ན།
1689	terminal-particle	12		ཞེས་དང༌། གྲོང་ཁྱེར་སེར་སྐྱ་ལྕགས་ཀྱི་ར་བས་བསྐོར་བར་བགྱིའོ།།
1690	terminal-particle	15		ཞེས་ཞུས་ཀྱང་འདི་ནི་ཤཱཀྱ་རྣམས་ཉིད་ཀྱིས་མྱོང་བར་ངེས་པའི་ལས་སོ།།
1691	terminal-particle	8		ཞེས་གསུངས་ནས་མ་གནང་བའི་ཕྱིར་རོ།།
1692	terminal-particle	124		འོན་ཀྱང་སེམས་ཅན་དག་ཆོས་ཡང་དག་པ་ལ་ཞུགས་པ་ན་མཉེས་པ་དང་དེ་ལས་ལྡོག་པ་ན་མི་མཉེས་པར་སྟ
1693	terminal-particle	5		ཞེས་གསུངས་པའི་ཕྱིར་རོ།།
1694	line-end	216		དེས་ན་སེམས་ཅན་ལ་གནོད་པ་བྱས་ན་མཆོག་གི་སྤྲུལ་པའི་སྐུར་བཞེངས་པའི་སངས་རྒྱས་རྣམས་མི་ད
1695	verse-stanza	35		ཞེས་དོན་ཞགས་ཀྱི་ལོ་རྒྱུས་ལས་བྱུང་བའི་ཕྱིར་རོ།།↵ཇི་ལྟར་ལུས་ལ་ཀུན་ནས་མེ་འབར་ན།།↵འད
1696	terminal-particle	9		ཐུགས་རྗེ་ཆེ་རྣམས་དགྱེས་པའི་ཐབས་མེད་དོ།།
1697	terminal-particle	42		ཞེས་གསུངས་ཏེ། དེས་ན་མི་ཞིག་ལུས་ལ་མེ་འབར་བ་ན་དེ་མ་ཞིའི་བར་ཅིས་ཀྱང་བདེ་བར་མི་འགྱུར
1698	terminal-particle	30		ཞེས་དཔེས་བསྟན་པར་མཛད་ལ། དཔེ་གཞན་ཡང་ཡོད་དེ་བུ་གཅིག་པོ་བསད་ནས་མ་དེ་ལ་ཕན་པ་ཅི་བྱས་ཀ
1699	ordinal-open	18		བཞི་པ་དེའི་ཉེས་པ་རྣམས་བཤགས་ཤིང་ཕྱིན་ཆད་སྡོམ་པའི་དམ་བཅའ་བར་བསྟན་པ་ནི།
1700	verse-stanza	33		དེ་བས་བདག་གིས་འགྲོ་ལ་གནོད་བྱས་པས།།↵ཐུགས་རྗེ་ཆེ་ཀུན་མི་དགྱེས་གྱུར་པ་གང༌།།↵སྡིག་དེ
1701	verse-stanza	33		དེ་བཞིན་གཤེགས་རྣམས་དགྱེས་པར་བགྱི་སླད་དུ།།↵དེང་ནས་བཟུང་སྟེ་འཇིག་རྟེན་བྲན་དུ་མཆི།།
1702	terminal-particle	105		ཅེས་གསུངས་ཏེ། དེས་ན་བདག་གིས་སྔོན་སེམས་ཅན་ལ་གནོད་པ་བྱས་པས་སངས་རྒྱས་དང་བྱང་ཆུབ་སེམ
1703	ordinal-open	17		ལྔ་པ་སེམས་ཅན་འདི་དག་ཀྱང་ངོ་བོ་ཉིད་ཀྱིས་སངས་རྒྱས་སུ་བསྟན་པ་ནི།
1704	verse-stanza	33		འགྲོ་བ་འདི་ཀུན་ཐུགས་རྗེའི་བདག་ཅན་དེས།།↵བདག་ཏུ་མཛད་པ་འདི་ལ་ཐེ་ཚོམ་མེད།།↵སེམས་ཅན་ང
1705	terminal-particle	96		ཅེས་གསུངས་ཏེ། དེ་ལྟ་མོད་ཀྱི་སེམས་ཅན་འདི་དག་སངས་རྒྱས་རྣམས་ཀྱིས་བདག་གིར་མཛད་པ་ཙམ་ད
1706	line-end	11		དེ་ལྟར་བཟོད་པ་ཉམས་སུ་བླང་བ་བཤད་ཟིན་ནས།
1707	ordinal-open	28		གཉིས་པ་འབྲས་བུ་ཡིད་ལ་བྱ་བ་ལ་བཞི། མདོར་བསྟན་པ། དཔེས་རྒྱས་པར་བཤད་པ། དཔེ་ལས་ཁྱད་པར་
1708	ordinal-open	3		དང་པོ་ནི།
1709	verse-stanza	33		འདི་ཉིད་དེ་བཞིན་གཤེགས་པ་མཉེས་བྱེད་ཡིན།།↵རང་དོན་ཡང་དག་སྒྲུབ་པའང་འདི་ཉིད་དེ།།↵འཇིག
1710	line-end	14		ཞེས་གསུངས་ཏེ། དེ་ཡང་འདི་ཉིད་དེ་བཞིན་གཤེགས་པ་མཉེས་བྱེད་ཡིན་ཏེ།
1711	verse-stanza	13		སེམས་ཅན་མགུ་བྱ་མ་གཏོགས་པ།།↵གཞན་གང་ཞིག་གིས་ལན་ལོན་འགྱུར།།
1712	line-end	78		ཞེས་བཤད་ཟིན་པའི་ཕྱིར། རང་དོན་ཡང་དག་སྒྲུབ་པའང་འདི་ཉིད་དེ། བྱིས་པས་རང་དོན་བྱས་པ་དང
1713	verse-stanza	41		ཉི་མའི་དཀྱིལ་འཁོར་གང་ཚེ་འོད་ཀྱི་དྲ་བ་འགྱེད།།↵དེ་ཚེ་སེམས་ཅན་ལས་བྱེད་བརྩོན་པ་དེ་བཞ
1714	verse-stanza	20		དཔེར་ན་མ་དྲོས་གནས་པའི་ཀླུ་བདག་མེད་གྱུར་ན།།↵ཛམྦུའི་གླིང་འདིར་ཆུ་ཀླུང་འབབ་པར་ག་ལ་འ
1715	terminal-particle	37		ཞེས་སོགས་དཔེ་དང་བཅས་ཏེ་རྒྱས་པར་བསྟན་པའི་ཕྱིར། དེས་ན། དེ་ལྟར་རྟག་ཏུ་བདག་གིས་དེ་ཉི
1716	ordinal-open	14		གཉིས་པ་དཔེས་རྒྱས་པར་བཤད་པ་ནི། དཔེར་ན་རྒྱལ་པོའི་མི་འགའ་ཞིག།
1717	verse-stanza	25		སྐྱེ་བོ་མང་ལ་གནོད་བྱེད་ཀྱང༌།།↵སྐྱེ་བོ་མིག་རྒྱང་རིང་པོ་དག།↵ནུས་ཀྱང་ཕྱིར་གནོད་མི་བ
1718	line-end	67		རྒྱལ་པོའི་མཐུ་སྟོབས་དེ་ཡི་དཔུང༌།། ཞེས་གསུངས་ཏེ། དེ་རིགས་ཏེ་དཔེར་ན་རྒྱལ་པོས་མངགས་
1719	verse-stanza	25		དེ་བཞིན་གནོད་བྱེད་ཉམ་ཆུང་བ།།↵འགའ་ཡང་ཁྱད་དུ་བསད་མི་བྱ།།↵འདི་ལྟར་དམྱལ་བའི་སྲུང་མ་ད
1720	line-end	110		ཞེས་གསུངས་ཏེ། དེ་བཞིན་དུ་སྐྱེ་བ་ཕྱི་མ་ནས་ཕྱི་མ་དཔག་ཏུ་མེད་པར་ཕྱི་རྗེས་རིང་དུ་ལྟ་
1721	verse-stanza	13		དེ་ལྟར་དམངས་ཀྱིས་རྒྱལ་གཏུམ་བཞིན།།↵སེམས་ཅན་རྣམས་ནི་མགུ་བར་བྱ།།
1722	terminal-particle	69		ཞེས་གསུངས་ཏེ། དེའི་ཕྱིར་རྒྱལ་པོ་གཏུམ་པོ་གཟུ་ལུམས་ཅན་ནི་ཅིས་ཀྱང་མགུ་བར་དཀའ་ཞིང་རྒ
1723	ordinal-open	12		གསུམ་པ་དཔེ་ལས་ཁྱད་པར་དུ་འཕགས་ཚུལ་བཤད་པ་ནི།
1724	verse-stanza	25		རྒྱལ་པོ་ལྟ་ཞིག་ཁྲོས་ན་ཡང༌།།↵སེམས་ཅན་མི་མགུ་བྱས་པ་ཡིས།།↵མྱོང་བར་འགྱུར་བ་གང་ཡིན་པ།
1725	line-end	46		ཞེས་གསུངས་ཏེ། དེ་ལྟ་མོད་ཀྱི་རྒྱལ་པོ་ནི་ཤིན་ཏུ་ཁྲོས་ཀྱང་ནོར་དབྲོག་པ་དང་གསོད་པར་ཟད
1726	verse-stanza	25		རྒྱལ་པོ་ལྟ་ཞིག་མགུ་ན་ཡང༌།།↵སེམས་ཅན་མགུ་བར་བྱས་པ་ཡིས།།↵འཐོབ་པར་འགྱུར་བ་གང་ཡིན་པ།།
1727	terminal-particle	53		ཞེས་གསུངས་ཏེ། ཡང་རྒྱལ་པོ་ནི་ཤིན་ཏུ་མགུ་ནའང་རྒྱལ་སྲིད་ཀྱི་ཕྱེད་སྦྱིན་པར་ཟད་ཀྱི་ཕྱ
1728	ordinal-open	8		བཞི་པ་འབྲས་བུ་དངོས་བཤད་པ་ནི།
1729	verse-stanza	25		སེམས་ཅན་མགུ་ལས་བྱུང་བ་ཡིས།།↵མ་འོངས་སངས་རྒྱས་འགྲུབ་ལྟ་ཞོག།↵ཚེ་འདི་ཉིད་ལ་དཔལ་ཆེ་དང
1730	verse-stanza	25		འཁོར་ཚེ་བཟོད་པས་མཛེས་སོགས་དང༌།།↵ནད་མེད་པ་དང་གྲགས་པ་ཡིས།།↵ཤིན་ཏུ་ཡུན་རིང་འཚོ་བ་དང
1731	line-end	60		ཅེས་གསུངས་ཏེ། དེ་ཡང༌། སེམས་ཅན་མགུ་ལས་བྱུང་བ་ཡིས།། མ་འོངས་སངས་རྒྱས་འགྲུབ་་་་་་་༌།
1732	verse-stanza	13		ཚེ་འདི་ཉིད་ལ་དཔལ་ཆེ་དང༌།།↵གྲགས་དང་སྐྱིད་འགྱུར་ཅིས་མ་མཐོང༌།།
1733	terminal-particle	24		ཞེས་པས་ནི་མཐོང་ཆོས་ཀྱི་འབྲས་བུ་དང༌། འཁོར་ཚེ་བཟོད་པས་ཞེས་སོགས་ཀྱིས་མ་མཐོང་བའི་ཆོས
1734	terminal-particle	68		དེ་ཡང་སེམས་ཅན་ལ་ཕན་བདེར་བྱས་པའི་མཐར་ཐུག་གི་དངོས་འབྲས་ནི་རྫོགས་པའི་སངས་རྒྱས་ཡིན་ལ
1735	terminal-particle	50		མ་མཐོང་བའི་ཆོས་ཚེ་རབས་གཞན་དག་ལ་ཡང་གཟུགས་མཛེས་ཤིང་ལྟ་ན་སྡུག་པ་དང་ནད་མེད་ཅིང་སྙན་པ
1736	terminal-particle	23		བྱང་ཆུབ་སེམས་དཔའི་སྤྱོད་པ་ལ་འཇུག་པ་ལས། བཟོད་པ་བསྟན་པ་ཞེས་བྱ་སྟེ་ལེའུ་དྲུག་པ་རྣམ་
1737	terminal-particle	13		ch-7 ད་ནི་བརྩོན་འགྲུས་ཀྱི་ཕ་རོལ་ཏུ་ཕྱིན་པ་བཤད་པར་བྱའོ།།
1738	terminal-particle	41		དེ་ལ་ལེའུའི་འབྲེལ་ནི། དེ་ལྟར་བཟོད་པ་དང་ལྡན་ན་བརྩོན་འགྲུས་བརྩམ་པར་ནུས་ཤིང༌། དོན་ཆ
1739	ordinal-open	32		བཞི་པ་བརྩོན་འགྲུས་ཀྱི་ལེའུ་འདི་ལ་ལྔ། བརྩོན་འགྲུས་ལ་སྤྲོ་བ་སྐྱེད་པ། བརྩོན་འགྲུས་ཀ
1740	ordinal-open	3		དང་པོ་ནི།
1741	verse-stanza	25		དེ་ལྟར་བཟོད་པས་བརྩོན་འགྲུས་བརྩམ།།↵དེ་ལྟར་བརྩོན་ལ་བྱང་ཆུབ་གནས།།↵རླུང་མེད་གཡོ་བ་མེ
1742	terminal-particle	30		ཞེས་གསུངས་ཏེ། དེ་ལྟར་བཟོད་པ་དང་ལྡན་པའི་དགོས་པ་ནི་བརྩོན་འགྲུས་བརྩམ་པ་སྟེ། གལ་ཏེ་བ
1743	terminal-particle	32		དེས་ན་བྱང་ཆུབ་ལ་སོགས་པ་དགེ་བའི་ཆོས་ཐམས་ཅད་ནི་བརྩོན་འགྲུས་ཁོ་ན་ལ་རག་ལས་ཏེ། དཔེར་ན
1744	terminal-particle	34		དེས་ན་བརྩོན་འགྲུས་མེད་ན་བསོད་ནམས་ཀྱི་ལས་གང་ཡང་མི་འབྱུང་སྟེ། བློ་གྲོས་རྒྱ་མཚོའི་མ
1745	terminal-particle	11		ལེ་ལོ་ཅན་ལ་ནི་གཞན་དོན་བྱ་བ་མེད་དོ།།
1746	quote-close	16		ལེ་ལོ་ཅན་ལ་ནི་བྱང་ཆུབ་ཤིན་ཏུ་རིང་ཞིང་རྣམ་པར་རིང་ངོ༌།། ཞེས་སོ།།
1747	terminal-particle	26		བརྩོན་འགྲུས་དང་ལྡན་ན་ཡོན་ཏན་ཐམས་ཅད་འཐོབ་སྟེ། བློ་གྲོས་རྒྱ་མཚོ་གང་ན་བརྩོན་འགྲུས་ཡ
1748	quote-close	2		ཞེས་སོ།།
1749	ordinal-open	10		གཉིས་པ་ངོ་བོ་ནི། བརྩོན་གང་དགེ་ལ་སྤྲོ་བའོ།།
1750	terminal-particle	37		ཞེས་གསུངས་ཏེ། མི་དགེ་བ་དང་ལུང་དུ་མ་བསྟན་པའི་ཚོང་སོ་ནམ་སོགས་ལ་འབད་པ་ནི་བརྩོན་འགྲུ
1751	terminal-particle	24		དེས་ན་དགེ་བ་ལ་སྤྲོ་བས་འཇུག་པ་ནི་བརྩོན་འགྲུས་ཡིན་ཏེ། མདོ་ལས། བརྩོན་འགྲུས་གང་ཞེ་ན་
1752	quote-close	20		ཞེས་དང༌། རྒྱན་གྱི་འགྲེལ་པར། དགེ་ལ་ཡང་དག་སྤྲོ་བ་དང་ཞེས་བྱ་བ་ནི་ངོ་བོ་ཉིད་དེ། ཞེས་
1753	terminal-particle	41		འགྲེལ་ཆེན་ལས་ཀྱང༌། བརྩོན་འགྲུས་གང་ཞེ་ན། དགེ་བའི་ལས་སྦྱིན་པ་ལ་སོགས་པ་དང་ཐོས་པ་ལ་ས
1754	quote-close	2		ཞེས་སོ།།
1755	ordinal-open	39		གསུམ་པ་མི་མཐུན་ཕྱོགས་སྤང་བ་ལ་ལྔ། མདོར་བསྟན་པ། ལེ་ལོ་སྐྱེ་བའི་རྒྱུ་བཤད་པ། སྙོམས་ལ
1756	ordinal-open	3		དང་པོ་ནི།
1757	verse-stanza	18		དེ་ཡི་མི་མཐུན་ཕྱོགས་བཤད་བྱ།།↵ལེ་ལོ་ངན་ལ་ཞེན་པ་དང༌།།↵སྒྱིད་ལུག་བདག་ལ་བརྙས་པའོ།།
1758	terminal-particle	70		ཞེས་གསུངས་ཏེ། འདི་ལྟར་བརྩོན་འགྲུས་ཀྱི་མི་མཐུན་ཕྱོགས་ནི་བྱ་བར་འོས་པ་དུས་ལས་ཡོལ་བར
1759	ordinal-open	10		གཉིས་པ་ལེ་ལོ་སྐྱེ་བའི་རྒྱུ་བཤད་པ་ནི།
1760	verse-stanza	25		སྙོམས་ལས་བདེ་བའི་རོ་མྱང་དང༌།།↵གཉིད་ལ་བསྟེན་པའི་སྲེད་པ་ཡིས།།↵འཁོར་བའི་སྡུག་བསྔལ་མ
1761	terminal-particle	100		ཞེས་གསུངས་ཏེ། སོས་དལ་དུ་སྡོད་པ་ཙམ་ལ་དགའ་བའི་སྙོམས་ལས་ལ་བདེ་བར་འདུ་ཤེས་པས་དེའི་རོ
1762	quote-close	2		ཞེས་སོ།།
1763	ordinal-open	28		གསུམ་པ་སྙོམས་ལས་ཀྱི་ལེ་ལོ་སྤང་བ་ལ་གཉིས། འཆི་བའི་འཇིགས་པ་བསམས་ཏེ་རྒྱུད་བསྐུལ་བ་དང
1764	ordinal-open	43		དང་པོ་ལ་དྲུག སྐྱེས་པའི་ཕྱིར་འཆི་ངེས་པར་བསྟན། རང་གཞན་ཀུན་ཀྱང་རིམ་གྱིས་འཆི་བར་བསྟན
1765	ordinal-open	3		དང་པོ་ནི།
1766	verse-stanza	25		ཉོན་མོངས་ཉ་པས་བཤོར་ནས་ནི།།↵སྐྱེ་བའི་རྒྱར་ནི་ཆུད་གྱུར་ནས།།↵འཆི་བདག་ཁར་ནི་སོང་གྱུར
1767	terminal-particle	62		ཞེས་གསུངས་ཏེ། དེ་ཡང་ཉོན་མོངས་པ་ཉ་པ་ལྟ་བུས་འདུས་བྱས་པའི་སྐྱེ་གནས་རྣམ་པ་བཞིའི་རྒྱར
1768	ordinal-open	13		གཉིས་པ་རང་གཞན་ཀུན་ཀྱང་རིམ་གྱིས་འཆི་བར་བསྟན་པ་ནི།
1769	verse-stanza	25		རང་སྡེ་རིམ་གྱིས་གསོད་པ་ཡང༌།།↵ཁྱོད་ཀྱིས་མཐོང་བར་མ་གྱུར་ཏམ།།↵འོན་ཀྱང་གཉིད་ལ་བསྟེན་
1770	terminal-particle	116		ཞེས་གསུངས་ཏེ། འོན་ཏེ་ཡིད་མི་ཆེས་ན་རང་དང་སྐྱེ་གནས་གཅིག་པའི་སྡེ་ཚན་ཡུལ་མི་ལ་སོགས་པ
1771	ordinal-open	11		གསུམ་པ་འཆི་བ་ལས་མི་ཐར་བར་བསྟན་པ་ནི།
1772	verse-stanza	25		ལམ་ནི་ཀུན་ནས་བཀག་ནས་སུ།།↵འཆི་བདག་གིས་ནི་བལྟས་བཞིན་དུ།།↵ཇི་ལྟར་ཁྱོད་ནི་ཟ་དགའ་ཞིང༌
1773	line-end	4		ཞེས་གསུངས་ཏེ། དེས་ན།
1774	verse-stanza	33		གང་དུ་ཕྱིན་ཡང་འཆི་བས་མི་ཚུགས་པའི།།↵ས་ཕྱོགས་དེ་ནི་གང་ནའང་ཡོད་མ་ཡིན།།↵ནམ་མཁའ་ལ་མེད
1775	terminal-particle	66		ཅེས་དང༌། རྒྱལ་པོ་གཟུགས་ཅན་སྙིང་པོ་ལ་གདམས་པའི་མདོ་ལས། རྒྱལ་པོ་ཆེན་པོ། དཔེར་ན། ཕྱོ
1776	terminal-particle	56		དེ་བཞིན་དུ་འཇིགས་པ་ཆེན་པོ་འདི་དག་འབྱུང་སྟེ། བཞི་གང་ཞེ་ན། རྒ་བས་ནི་དར་ལ་བབ་པ་འཇོམ
1777	terminal-particle	41		ཞེས་པ་ལྟར་བདག་ལ་འབྲོས་པའི་ལམ་ནི་མེད་ལ། འཆི་བདག་གིས་ནི་བདག་ལ་སྐད་ཅིག་ཀྱང་མི་གཡེལ་
1778	ordinal-open	9		བཞི་པ་མྱུར་དུ་འཆི་བར་བསྟན་པ་ནི།
1779	verse-stanza	25		མྱུར་བ་ཉིད་དུ་འཆི་འགྱུར་བས།།↵དེ་སྲིད་དུ་ནི་ཚོགས་སོག་བྱ།།↵དེ་ཚེ་ལེ་ལོ་སྤངས་ཀྱང་ནི
1780	terminal-particle	57		ཞེས་གསུངས་ཏེ། དེ་ལྟ་མོད་ཀྱི་ཚེ་ལ་ལོང་མེད་པའི་ཕྱིར། མྱུར་དུ་འཆི་ཞིང༌། དེའི་ཚེ་ལེ་
1781	ordinal-open	10		ལྔ་པ་གློ་བུར་དུ་འཆི་བར་བསྟན་པ་ནི།
1782	verse-stanza	25		འདི་ནི་མ་བྱས་བརྩམས་པ་དང༌།།↵འདི་ཕྱེད་བྱས་པར་གནས་པ་ལ།།↵བློ་བུར་འཆི་བདག་འོངས་ནས་ནི།
1783	terminal-particle	51		ཞེས་གསུངས་ཏེ། བྱ་བ་ཁ་ཅིག་ནི་མགོ་བརྩམས། ཁ་ཅིག་ནི་ཕྱེད་ཟིན་པ་སོགས་བདག་གི་བྱ་བ་ཚར་མ
1784	ordinal-open	12		དྲུག་པ་དེའི་ཚེ་ཅིས་ཀྱང་མི་ཕན་པར་བསྟན་པ་ནི།
1785	verse-stanza	25		མྱ་ངན་ཤུགས་ཀྱིས་སྐྲངས་པ་ཡི།།↵མིག་དམར་གདོང་ལ་མཆི་མ་འཛག།↵ཉེ་དུ་རེ་ཐག་ཆད་པ་དང༌།།↵གཤ
1786	verse-stanza	25		རང་སྡིག་དྲན་པས་གདུངས་པ་དང༌།།↵དམྱལ་བའི་སྒྲ་ནི་ཐོས་པ་ཡིས།།↵སྐྲག་པས་མི་གཙང་ལུས་གོས་
1787	quote-close	135		ཞེས་གསུངས་ཏེ། དེའི་ཚེ་མཛའ་བཤེས་དང་འབྲལ་བར་ཤེས་ཏེ། རེ་ཐག་ཆད་པས་མྱ་ངན་གྱིས་ཅི་བྱ་ཏ
1788	ordinal-open	45		གཉིས་པ་ཕྱི་མར་ངན་སོང་ལ་འཇིགས་པས་བསྐུལ་བ་ལ་བཞི། དམྱལ་བའི་སྡུག་བསྔལ་ཚད་མེད་པར་བསྟན
1789	ordinal-open	3		དང་པོ་ནི།
1790	verse-stanza	25		ཁྱོད་ནི་ཉ་གསོན་འགྲེ་བ་ལྟའི།།↵ཚེ་འདིར་འཇིགས་དང་ལྡན་གྱུར་ན།།↵སྡིག་བྱས་དམྱལ་བ་མི་བཟ
1791	line-end	195		ཞེས་གསུངས་ཏེ། དེ་ཡང་ཁྱོད་ནི་འཆི་བ་ན་ཡང་གནད་གཅོད་ཀྱི་སྡུག་བསྔལ་ཉ་གསོན་པོར་བྱེ་ཚན་
1792	verse-stanza	33		དམྱལ་བ་བྲིས་པ་མཐོང་དང་ཐོས་པ་དང༌།།↵དྲན་དང་བཀླགས་དང་གཟུགས་སུ་བགྱིས་རྣམས་ཀྱང༌།།↵འཇི
1793	quote-close	2		ཞེས་སོ།།
1794	ordinal-open	14		གཉིས་པ་ད་ལྟ་བཏང་སྙོམས་སུ་སྡོད་མི་རིགས་པར་བསྟན་པ་ནི།
1795	verse-stanza	25		ཆུ་ཚན་གྱིས་ནི་རེག་པ་ན།།↵གཞོན་ཤ་ཅན་ལ་རབ་ཚ་བའི།།↵དམྱལ་བ་ཡི་ནི་ལས་བྱས་ནས།།↵ཅི་ཕྱིར་
1796	terminal-particle	34		ཞེས་གསུངས་ཏེ། མཐོ་རིས་སུ་བསོད་ནམས་ཀྱི་ལས་ཀྱིས་ལུས་གཞོན་ཤ་ཅན་དུ་འགྱུར་ལ། དེ་ནི་འཇ
1797	line-end	183		ངན་སོང་དུ་ནི་སྡིག་པའི་ལས་ཀྱིས་ལུས་གཞོན་ཤ་ཅན་ཤིན་ཏུ་རྙི་བར་འགྱུར་ཡང་མི་དགེ་བའི་ལས
1798	ordinal-open	13		གསུམ་པ་བདག་གི་སྤྱོད་པ་ལ་ཡི་ཆད་པར་བསྟན་པ་ནི།
1799	verse-stanza	25		བརྩོན་མེད་འབྲས་བུ་འདོད་པ་དང༌།།↵གཟེ་རེག་ཅན་ལ་གནོད་མང་ཞིང༌།།↵འཆི་བས་བཟུང་བཞིན་ལྷ་ལ
1800	terminal-particle	27		ཞེས་གསུངས་ཏེ། རང་ལ་ཁྲེལ་གདའ་བ་སྟེ། འདི་ལྟར་འབྲས་བུ་འདོད་ལ་བརྩོན་འགྲུས་མི་རྩོམ་པ་
1801	ordinal-open	12		བཞི་པ་ད་ལྟ་འབད་དེ་སྒྲུབ་དགོས་པར་བསྟན་པ་ནི།
1802	verse-stanza	19		མི་ཡི་གྲུ་ལ་བསྟེན་ནས་ནི།།↵སྡུག་བསྔལ་ཆུ་བོ་ཆེ་ལས་སྒྲོལ།།↵གྲུ་འདི་ཕྱི་ནས་རྙེད་དཀའ་
1803	terminal-particle	69		རྨོངས་པ་དུས་སུ་གཉིད་མ་ལྡོག། ཅེས་གསུངས་ཏེ། དེས་ན་དལ་འབྱོར་གྱི་གྲུ་དང༌། དགེ་བའི་བཤ
1804	ordinal-open	10		བཞི་པ་ངན་ཞེན་གྱི་ལེ་ལོ་སྤང་བ་ནི།
1805	verse-stanza	25		དགའ་བའི་རྒྱུ་ནི་མཐའ་ཡས་པའི།།↵དམ་ཆོས་དགའ་བའི་མཆོག་སྤངས་ནས།།↵སྡུག་བསྔལ་རྒྱུ་ཡི་གཡེ
1806	terminal-particle	128		ཞེས་གསུངས་ཏེ། དུས་སྟོན་དང༌། གླུ་གར་དང༌། མགྲོན་དུ་བོད་པ་སོགས་ནི་དགའ་བའི་གནས་ཡིན་པ
1807	terminal-particle	36		དེས་ན་རྒྱལ་བུ་ལྕགས་ཁྱིམ་སྐྱེས་ཀྱིས་ཀུ་མུ་དའི་དུས་སྟོན་མཐོང་བ་ན་འདི་ལྟ་བུ་ཡང་རིང་
1808	terminal-particle	13		ཞེས་སྐྱོ་བར་གྱུར་པ་དེ་ལྟ་བུའི་འདུ་ཤེས་གོམས་པར་བྱའོ།།
1809	ordinal-open	32		ལྔ་པ་སྒྱིད་ལུག་གི་ལེ་ལོ་སྤང་བ་ལ་གསུམ། བསྒྲུབ་བྱ་མཐའ་དག་མདོར་བསྟན་པ། འབྲས་བུ་བྱང་
1810	ordinal-open	3		དང་པོ་ནི།
1811	verse-stanza	25		སྒྱིད་ལུག་མེད་དང་དཔུང་ཚོགས་དང༌།།↵ལྷུར་བླང་བདག་ཉིད་དབང་བྱ་དང༌།།↵བདག་དང་གཞན་དུ་མཉམ
1812	terminal-particle	16		ཞེས་གསུངས་ཏེ། སྒྱིད་ལུག་མེད་དང་ཞེས་པས་སྒྱིད་ལུག་པའི་གཉེན་པོ་དངོས་བསྟན་ཏོ།།
1813	terminal-particle	38		དཔུང་ཚོགས་དང་ཞེས་པས་མོས་པ་དང༌། བརྟན་པ་དང༌། དགའ་བ་དང༌། དོར་བའི་དཔུང་ཚོགས་བཞི་འཆད་
1814	terminal-particle	37		བདག་གཞན་མཉམ་པ་དང༌། བདག་གཞན་རྗེ་བར་གྱིས་ཤིག་པས་ནི་བྱང་ཆུབ་སེམས་དཔའི་སྤྱོད་པ་མཐའ་ད
1815	terminal-particle	34		འདིར་བི་བྷུ་ཏིས། ཚིགས་བཅད་འདི་གཞན་གྱིས་བཅུག་པ་ཡིན་གྱི་སློབ་དཔོན་གྱི་མ་ཡིན་པར་གསུ
1816	ordinal-open	12		གཉིས་པ་འབྲས་བུ་བྱང་ཆུབ་ལ་སྒྱིད་ལུག་སྤང་བ་ནི།
1817	verse-stanza	25		བདག་གིས་བྱང་ཆུབ་ག་ལ་ཞེས།།↵སྒྱིད་ལུག་པར་ནི་མི་བྱ་སྟེ།།↵འདི་ལྟར་དེ་བཞིན་གཤེགས་པ་ནི
1818	line-end	119		ཞེས་གསུངས་ཏེ། བྱང་ཆུབ་ནི་བསོད་ནམས་ཅན་རྣམས་ཀྱིས་འཐོབ་ཀྱི་བདག་འདྲ་བས་མི་འཐོབ་བོ་སྙ
1819	verse-stanza	25		གང་ཕྱིར་སེམས་ཅན་མིར་གྱུར་པ།།↵ཚད་མེད་སྐད་ཅིག་རེ་རེ་ལ།།↵རྫོགས་པའི་བྱང་ཆུབ་ཐོབ་དེའི
1820	line-end	5		ཞེས་སོགས་གསུངས་པའི་ཕྱིར།
1821	verse-stanza	25		སྦྲང་བུ་ཤ་སྦྲང་བུང་བ་དང༌།།↵དེ་བཞིན་སྲིན་བུར་གང་གྱུར་པ།།↵དེས་ཀྱང་བརྩོན་པའི་སྟོབས་
1822	line-end	55		ཅེས་གསུངས་ཏེ། དེས་ན་སྦྲང་བུ་སོགས་ཀྱིས་ཀྱང་སེམས་སྐྱེད་པ་ཡོད་ན་ངེས་པར་འགྲུབ་ལ། འདས
1823	verse-stanza	25		བདག་ལྟ་རིགས་ཀྱི་མིར་སྐྱེས་ལ།།↵ཕན་དང་གནོད་པ་ངོ་ཤེས་ནས།།↵བྱང་ཆུབ་སྤྱོད་པ་མ་བཏང་ན།།
1824	terminal-particle	66		ཅེས་གསུངས་ཏེ། དེས་ན་བདག་ད་ལྟ་དལ་འབྱོར་གྱི་ལུས་ཐོབ་ལ། ཕན་གནོད་ཀྱི་གནས་ཆོས་དང་ཆོས་
1825	ordinal-open	36		གསུམ་པ་རྒྱུ་སྦྱིན་སོགས་ལ་སྒྱིད་ལུག་སྤང་བ་ལ་གསུམ། སྦྱིན་སོགས་ཀྱི་སྡུག་བསྔལ་ནི་སྡུ
1826	ordinal-open	28		དང་པོ་ལ་བཞི། མཚམས་སྦྱར། སྡུག་བསྔལ་ཆུང་ངུ་འདི་མ་སྐྱེད་ན་སྡུག་བསྔལ་གཞན་ཚད་མེད་མྱོང
1827	ordinal-open	3		དང་པོ་ནི།
1828	verse-stanza	25		འོན་ཏེ་རྐང་ལག་ལ་སོགས་པ།།↵བཏང་དགོས་བདག་ནི་འཇིགས་ཞེ་ན།།↵ལྕི་དང་ཡང་བ་མ་དཔྱད་པར།།↵རྨ
1829	line-end	169		ཅེས་གསུངས་ཏེ། དེ་ཡང་བྱང་ཆུབ་སྒྲུབ་པ་ནི་མགོ་དང་རྐང་ལག་ལ་སོགས་ཀྱང་གཏོང་དགོས་སྐད་ན་
1830	ordinal-open	21		གཉིས་པ་སྡུག་བསྔལ་ཆུང་ངུ་འདི་མ་སྐྱེད་ན་སྡུག་བསྔལ་གཞན་ཚད་མེད་མྱོང་དགོས་པར་བསྟན་པ་ན
1831	verse-stanza	25		བསྐལ་པ་བྱེ་བ་གྲངས་མེད་དུ།།↵ལན་གྲངས་དུ་མར་གཅོད་པ་དང༌།།↵དབུག་དང་སྲེག་དང་གཤེག་འགྱུར
1832	terminal-particle	67		ཞེས་གསུངས་ཏེ། འདི་ལྟར་མ་སྤྱད་ན་འཁོར་བ་མཐའ་མེད་དུ་འཁྱམ་ཞིང་དེར་མི་འདོད་མི་བཟོད་བཞ
1833	ordinal-open	7		གསུམ་པ་དེའི་དཔེ་བཤད་པ་ནི།
1834	verse-stanza	25		བདག་གིས་བྱང་ཆུབ་སྒྲུབ་པ་ཡི།།↵སྡུག་བསྔལ་འདི་ནི་ཚོད་ཡོད་དེ།།↵ཟུག་རྔུ་ཁོང་བརླག་གནོད
1835	verse-stanza	25		སྨན་པ་ཀུན་ཡང་གསོ་དཔྱད་ཀྱི།།↵མི་བདེ་བ་ཡིས་ནད་མེད་བྱེད།།↵དེ་བས་སྡུག་བསྔལ་མང་པོ་དག།
1836	line-end	107		ཞེས་གསུངས་ཏེ། དེ་ལྟར་ལྕི་ཡང་ལ་དཔྱད་ན་བྱང་ཆུབ་སྒྲུབ་པའི་སྡུག་བསྔལ་འདི་ནི་ཤིན་ཏུ་ས
1837	ordinal-open	9		བཞི་པ་དཔེ་ལས་ལྷག་པར་བསྟན་པ་ནི།
1838	verse-stanza	25		གསོ་དཔྱད་ཕལ་པ་འདི་འདྲ་བའང༌།།↵སྨན་པའི་མཆོག་གིས་མ་མཛད་དེ།།↵ཆོ་ག་ཤིན་ཏུ་འཇམ་པོ་ཡིས།
1839	terminal-particle	68		ཅེས་གསུངས་ཏེ། དེ་ལྟ་མོད་ཀྱིས་རྫོགས་པའི་སངས་རྒྱས་ཀྱིས་ནི་གཏར་སྲེག་ཙམ་གྱི་དཔྱད་རྩུ
1840	ordinal-open	20		གཉིས་པ་གོམས་ན་མི་དཀའ་བར་བསྟན་པ་ལ་གཉིས། གོམས་སུ་གཞུག་ཚུལ་དང༌། གོམས་ན་སླ་བར་བསྟན་པ
1841	ordinal-open	3		དང་པོ་ནི།
1842	verse-stanza	25		ཚོད་མ་ལ་སོགས་སྦྱིན་པ་ལའང༌།།↵འདྲེན་པས་ཐོག་མར་སྦྱོར་བར་མཛད།།↵དེ་ལ་གོམས་ནས་ཕྱིས་ནས་
1843	terminal-particle	79		ཞེས་གསུངས་ཏེ། ངེས་པར་མགོ་ལ་སོགས་པ་གཏོང་དགོས་སོ་ཞེས་ཁྱབ་འཇུག་གི་ཚིག་ལྟ་བུས་ཁྲིམས་
1844	ordinal-open	9		གཉིས་པ་གོམས་ན་སླ་བར་བསྟན་པ་ནི།
1845	verse-stanza	25		གང་ཚེ་རང་གི་ལུས་ལ་ནི།།↵ཚོད་སོགས་ལྟ་བུའི་བློ་སྐྱེས་པ།།↵དེ་ཚེ་ཤ་ལ་སོགས་གཏོང་བ།།↵དེ
1846	line-end	69		ཅེས་གསུངས་ཏེ། མཐར་ལུས་དང་ཚོད་མའང་མཉམ་པར་མཐོང་སྟེ། གཉི་ག་ལ་སེམས་པ་མེད་པ་དང༌། སུའི
1847	verse-stanza	41		སྡུག་དང་མི་སྡུག་ཀུན་ལ་ལྟ་བ་མེད་པ་ཡིན།།↵མགོ་དང་རྐང་ལག་གཏོང་ཞིང་ཞུམ་པའི་སེམས་ཀྱང་མ
1848	verse-stanza	21		བདག་གི་ཤ་ཡང་གཏོང་ལ་ཞུམ་པའི་སེམས་མེད་ན།།↵དེ་ཚེ་ཕྱི་རོལ་དངོས་པོ་གཏོང་ལ་སྨོས་ཅི་དགོ
1849	terminal-particle	67		ཞེས་གསུངས་པ་ཡིན་གྱི་དུས་མིན་དུ་ལྕེབ་དགོས་པར་བསྟན་པ་མིན་ལ། དེས་ན་ཁྱིམ་བདག་ཤིན་ཏུ་
1850	ordinal-open	36		གསུམ་པ་དེ་ཉིད་བདེ་བའི་མཆོག་ཏུ་བསྟན་པ་ལ་བཞི། འཁོར་བའི་རང་བཞིན་ཤེས་པས་འཇིགས་པ་མེད་
1851	ordinal-open	3		དང་པོ་ནི།
1852	verse-stanza	25		སྡིག་པ་སྤངས་ཕྱིར་སྡུག་བསྔལ་མེད།།↵མཁས་པའི་ཕྱིར་ན་མི་དགའ་མེད།།↵འདི་ལྟར་ལོག་པར་རྟོག
1853	terminal-particle	380		ཅེས་གསུངས་ཏེ། ཁ་ཅིག་བྱང་ཆུབ་སེམས་དཔའ་ནི་འཁོར་བར་བསྐལ་པ་མཐའ་ཡས་པར་གནས་དགོས་སོ་ཞེས
1854	ordinal-open	10		གཉིས་པ་འཁོར་བས་མི་སྐྱོ་བར་བསྟན་པ་ནི།
1855	verse-stanza	25		བསོད་ནམས་ཀྱིས་ནི་ལུས་བདེ་ལ།།↵མཁས་པ་ཡིས་ནི་སེམས་བདེ་ན།།↵གཞན་དོན་འཁོར་བར་གནས་ཀྱང་ན
1856	terminal-particle	126		ཞེས་གསུངས་ཏེ། དེས་ན་བསོད་ནམས་གཞལ་དུ་མེད་པ་སྐད་ཅིག་རེ་རེ་ལ་ཡང་གོང་ནས་གོང་དུ་འཕེལ་
1857	ordinal-open	12		གསུམ་པ་དེའི་ཕྱིར་ཉན་རང་ལས་ལྷག་པར་བསྟན་པ་ནི།
1858	verse-stanza	25		འདི་ནི་བྱང་ཆུབ་སེམས་སྟོབས་ཀྱིས།།↵སྔོན་གྱི་སྡིག་པ་ཟད་བྱེད་ཅིང༌།།↵བསོད་ནམས་རྒྱ་མཚོ
1859	terminal-particle	438		ཅེས་གསུངས་ཏེ། འདི་ལྟར་བྱང་ཆུབ་སེམས་དཔའ་གཅིག་ཁོ་ནས་ཆོས་ཐམས་ཅད་གཟོད་ནས་དག་པར་མཐོང་
1860	terminal-particle	21		དེས་ན་མྱུར་དུ་འཁོར་བ་ལས་ཐར་བར་འདོད་པས་ཀྱང་རྫོགས་པའི་བྱང་ཆུབ་ཏུ་སེམས་བསྐྱེད་པར་བྱ
1861	terminal-particle	5		ཞེས་གསུངས་པ་ཡིན་ནོ།།
1862	ordinal-open	6		བཞི་པ་དོན་བསྡུས་བ་ནི།
1863	verse-stanza	25		དེ་བས་སྐྱོ་ངལ་ཀུན་སེལ་བའི།།↵བྱང་ཆུབ་སེམས་ཀྱི་རྟ་ཞོན་ནས།།↵བདེ་ནས་བདེ་བར་འགྲོ་བ་ལ།
1864	terminal-particle	92		ཞེས་གསུངས་ཏེ། དེས་ན་སྐྱོ་འཇིགས་ཐམས་ཅད་ལས་རྣམ་པར་རྒྱལ་བའི་བྱང་ཆུབ་ཀྱི་སེམས་ཀྱི་ཐེ
1865	line-end	10		དེ་ལྟར་མི་མཐུན་པའི་ཕྱོགས་ལེ་ལོ་བཤད་ནས།
1866	ordinal-open	15		བཞི་པ་བརྩོན་འགྲུས་བརྩམ་ཚུལ་དངོས་ལ་གཉིས། མདོར་བསྟན་པ་དང༌། རྒྱས་པར་བཤད་པའོ།།
1867	ordinal-open	3		དང་པོ་ནི།
1868	verse-stanza	25		སེམས་ཅན་དོན་གྲུབ་བྱ་ཕྱིར་དཔུང༌།།↵མོས་བརྟན་དགའ་དང་དོར་བ་ཡིན།།↵མོས་པ་སྡུག་བསྔལ་འཇི
1869	verse-stanza	25		དེ་ལྟར་མི་མཐུན་ཕྱོགས་སྤངས་ཏེ།།↵མོས་དང་ང་རྒྱལ་དགའ་དང་དོར།།↵ལྷུར་བླང་དབང་བསྒྱུར་སྟ
1870	terminal-particle	140		ཞེས་གསུངས་ཏེ། རྒྱལ་པོ་ཆེན་པོ་རྣམས་དཔུང་ཚོགས་ཡན་ལག་བཞིས་ཕས་རྒོལ་འཇོམས་ཤིང་བཀར་བཏག
1871	terminal-particle	95		དེ་དག་གི་རྒྱུ་ཡང་སྡུག་བསྔལ་ལ་འཇིགས་པ་དང་བརྩོན་འགྲུས་ཀྱི་ཕན་ཡོན་བསམས་པས་ནི་མོས་འད
1872	ordinal-open	18		གཉིས་པ་རྒྱས་བཤད་ལ་བཞི། མོས་པ། བརྟན་པ། དགའ་བ། དོར་བ་སྟེ་བཞི་པོ་རེ་རེ་ཞིང་བཤད་པའོ།
1873	ordinal-open	17		དང་པོ་ལ་བཞི། གང་ལ་མོས་པའི་ཡུལ། མོས་པའི་འབྲས་བུ། མོས་པ་སྐྱེ་བའི་རྒྱུ། མཇུག་བསྡུ་བ
1874	ordinal-open	17		དང་པོ་ལ་གསུམ། ཉེས་པ་འདོར་བ་དང༌། ཡོན་ཏན་སྒྲུབ་པ་དང༌། བྱ་བའི་རྣམ་གྲངས་བསྟན་པའོ།།
1875	ordinal-open	3		དང་པོ་ནི།
1876	verse-stanza	25		བདག་དང་གཞན་གྱི་ཉེས་པ་ནི།།↵དཔག་མེད་བདག་གིས་གཞོམ་བྱ་སྟེ།།↵གང་དུ་ཉེས་པ་རེ་རེ་ལའང༌།།
1877	verse-stanza	25		ཉེས་ཟད་རྩོམ་པ་དེ་ཡི་ནི།།↵ཆ་ཡང་བདག་ལ་མ་མཐོང་ན།།↵སྡུག་བསྔལ་དཔག་ཏུ་མེད་པའི་སྣོད།།↵བ
1878	line-end	2		ཞེས་གསུངས།
1879	ordinal-open	7		གཉིས་པ་ཡོན་ཏན་སྒྲུབ་པ་ནི།
1880	verse-stanza	25		བདག་དང་གཞན་གྱི་ཡོན་ཏན་ནི།།↵མང་པོ་བདག་གིས་བསྒྲུབ་བྱ་སྟེ།།↵དེ་ལ་ཡོན་ཏན་རེ་རེ་ལའང༌།
1881	verse-stanza	25		བདག་ནི་ཡོན་ཏན་ཆ་ལ་ཡང༌།།↵གོམས་པ་ནམ་ཡང་མ་སྐྱེས་ཏེ།།↵ཅི་ཞིག་ལྟར་རྙེད་སྐྱེ་བ་ནི།།↵བད
1882	line-end	154		ཞེས་གསུངས་ཏེ། དེ་ཡང་ཉེས་པ་དོར་བ་དང་ཡོན་ཏན་སྒྲུབ་པ་དེ་གཉིས་ཀྱི་དོན་ནི། གང་ལ་ཡིད་མ
1883	ordinal-open	9		གསུམ་པ་བྱ་བའི་རྣམ་གྲངས་བསྟན་པ་ནི།
1884	verse-stanza	25		བདག་གིས་བཅོམ་ལྡན་མ་མཆོད་ཅིང༌།།↵དགའ་སྟོན་ཆེན་པོའི་བདེ་མ་བྱིན།།↵བསྟན་ལ་བྱ་བ་མ་བྱས་
1885	verse-stanza	25		འཇིགས་ལ་མི་འཇིགས་མ་བྱིན་དང༌།།↵ཉམ་ཐག་བདེ་མ་བྱིན་ན་བདག།↵མ་ཡི་མངལ་གྱི་ཟུག་རྔུ་དང༌།།
1886	terminal-particle	92		ཅེས་གསུངས་ཏེ། གལ་ཏེ་རང་རྒྱུད་ལ་ཉོན་མོངས་པ་བཅོམ་པ་སོགས་ཀྱི་ཡོན་ཏན་འགའ་ཡང་མ་སྐྱེས་
1887	ordinal-open	20		གཉིས་པ་མོས་པའི་འབྲས་བུ་ལ་གཉིས། མོས་པ་དང་བྲལ་བའི་ཉེས་དམིགས་དང༌། མོས་པའི་ཕན་ཡོན་བས
1888	ordinal-open	3		དང་པོ་ནི།
1889	verse-stanza	19		བདག་ནི་སྔོན་དང་ད་ལྟར་ཡང༌།།↵ཆོས་ལ་མོས་དང་བྲལ་བ་ཡིས།།↵ཕོངས་པ་འདི་འདྲ་བྱུང་གྱུར་ན།།
1890	line-end	2		ཞེས་གསུངས།
1891	ordinal-open	9		གཉིས་པ་མོས་པའི་ཕན་ཡོན་བསྟན་པ་ནི།
1892	verse-stanza	19		སུ་ཞིག་ཆོས་ལ་མོས་པ་གཏོང༌།།↵དགེ་བའི་ཕྱོགས་ནི་ཐམས་ཅད་ཀྱི།།↵རྩ་བ་མོས་པར་ཐུབ་པས་གསུང
1893	line-end	24		ཞེས་གསུངས་ཏེ། དགེ་བའི་ཕྱོགས་ཐམས་ཅད་ཀྱི་རྩ་བ་ནི་མོས་པ་ཁོ་ན་སྟེ། འཇམ་དཔལ་གྱི་ཞིང་ག
1894	verse-stanza	13		ཆོས་རྣམས་ཐམས་ཅད་རྐྱེན་བཞིན་ཏེ།།↵འདུན་པའི་རྩེ་ལ་རབ་ཏུ་གནས།།
1895	terminal-particle	39		ཞེས་གསུངས་ཤིང༌། མོས་པ་ནི་དད་པ་ཉིད་ཡིན་ལ། དད་པ་ནི་ཐར་པའི་རྒྱུ་གཅིག་པོ་སྟེ། ཀུན་དག
1896	terminal-particle	5		ཞེས་གསུངས་པའི་ཕྱིར་རོ།།
1897	ordinal-open	42		གསུམ་པ་མོས་པ་སྐྱེ་བའི་རྒྱུ་ལ་བཞི། ལས་རྒྱུ་འབྲས་བསམ་པ་མོས་པའི་རྒྱུའི་གཙོ་བོར་བསྟན
1898	ordinal-open	3		དང་པོ་ནི།
1899	verse-stanza	13		དེ་ཡི་རྩ་བ་རྟག་ཏུ་ནི།།↵རྣམ་སྨིན་འབྲས་བུ་བསྒོམས་པས་སོ།།
1900	terminal-particle	75		ཞེས་གསུངས་ཏེ། དད་པའི་རྒྱུ་ནི་དཀར་ནག་གི་ལས་འབྲས་བསམ་པ་ཁོ་ན་ཡིན་ཏེ། དེས་ལས་འབྲས་ལ་
1901	line-end	38		དེས་ན་མི་འདོད་པ་མྱོང་བ་ཐམས་ཅད་ནི་རང་བྱས་ཀྱི་སྡིག་པའི་འབྲས་བུ་སྨིན་པ་ཡིན་ལ། བདེ་བ
1902	verse-stanza	25		ས་བོན་ཚ་བ་རྣམས་ལས་ནི།།↵མྱུ་གུ་ཚ་བ་སྐྱེ་བར་འགྱུར།།↵ས་བོན་མངར་བ་རྣམས་ལས་ནི།།↵འབྲས་
1903	verse-stanza	13		དཀར་པོའི་རྣམ་སྨིན་མངར་བ་དང༌།།↵སྡིག་པའི་རྣམ་སྨིན་ཚ་བ་ཉིད།།
1904	quote-close	2		ཅེས་སོ།།
1905	ordinal-open	11		གཉིས་པ་དཀར་ནག་གི་ལས་འབྲས་སྤྱིར་བསྟན་པ་ནི།
1906	verse-stanza	25		སྡུག་བསྔལ་ཡིད་མི་བདེ་བ་དང༌།།↵འཇིགས་པ་རྣམ་པ་སྣ་ཚོགས་དང༌།།↵འདོད་པ་རྣམས་དང་བྲལ་བ་ནི
1907	verse-stanza	25		ཡིད་ལ་བསམས་པའི་དགེ་བྱས་པས།།↵གང་དང་གང་དུ་འགྲོ་འགྱུར་པ།།↵དེ་དང་དེར་ནི་བསོད་ནམས་དེས
1908	verse-stanza	25		སྡིག་པ་བྱེད་པ་བདེ་འདོད་ཀྱང༌།།↵གང་དང་གང་དུ་འགྲོ་འགྱུར་བ།།↵དེ་དང་དེར་ནི་སྡིག་པ་དེས
1909	terminal-particle	87		ཞེས་གསུངས་ཏེ། དེས་ན་དགེ་བ་བྱེད་པ་ནི་གང་དུ་ཕྱིན་ཡང་བདེ་བ་འཐོབ་པ་སྔོན་རྒྱལ་བུ་གཟུག
1910	terminal-particle	259		གང་སྡིག་པ་མི་བཟད་པ་བྱས་པ་ནི་གང་དུ་ཕྱིན་ཡང་སྡུག་བསྔལ་བ་ཉིད་མྱོང་བ་སྟེ། རྒྱལ་པོ་སྒ
1911	terminal-particle	51		དེ་ལྟར་བསོད་ནམས་ཀྱི་ལས་ཀྱི་འབྲས་བུ་ཤིན་ཏུ་དཀར་བ་དང་བསོད་ནམས་མ་ཡིན་པ་ལས་འབྲས་བུ་ཤ
1912	ordinal-open	13		གསུམ་པ་གཅིག་ཏུ་དཀར་བའི་ལས་ཀྱི་འབྲས་བུ་བསྟན་པ་ནི།
1913	verse-stanza	39		རྒྱ་ཆེ་དྲི་བཟང་བསིལ་བའི་པདྨའི་སྙིང་པོར་གནས།།↵རྒྱལ་བའི་གསུང་སྙན་ཟས་ཀྱིས་གཟི་བརྗིད
1914	line-end	81		ཞེས་གསུངས་ཏེ། བསོད་ནམས་ཀྱི་ལས་ཀྱིས་བདེ་བ་ཅན་ལ་སོགས་པ་དག་པའི་ཞིང་དུ་རིན་པོ་ཆེའི་པ
1915	ordinal-open	120		བཞི་པ་གཅིག་ཏུ་གནག་པའི་ལས་ཀྱི་འབྲས་བུ་བསྟན་པ་ནི། གཤིན་རྗེའི་སྐྱེས་བུས་པགས་པ་མ་ལུས
1916	ordinal-open	6		བཞི་པ་མཇུག་བསྡུ་བ་ནི།
1917	verse-stanza	13		དེ་བས་དགེ་ལ་མོས་བྱ་ཞིང༌།།↵གུས་པ་ཉིད་དུ་བསྒོམ་པར་བྱ།།
1918	terminal-particle	63		ཞེས་གསུངས་ཏེ། དེས་ན་ལུས་སྲོག་ཙམ་ནི་འཁོར་བ་གང་དུ་སྐྱེས་ཀྱང་རྟག་པར་བརྙེད་ལ་དགེ་བའི
1919	ordinal-open	19		གཉིས་པ་བརྟན་པའི་དཔུང་ཚོགས་རྒྱས་བཤད་ལ་གཉིས། རྩོམ་པ་ལ་བརྟན་པ་དང༌། ཞུགས་པ་ལ་བརྟན་པའ
1920	ordinal-open	18		དང་པོ་ལ་གཉིས། དངོས་དང༌། རྩོམ་པ་བརྟན་པའི་ཕན་ཡོན་དང་མི་བརྟན་པའི་ཉེས་དམིགས་བཤད་པའོ།
1921	ordinal-open	3		དང་པོ་ནི།
1922	verse-stanza	25		རྡོ་རྗེ་རྒྱལ་མཚན་ཆོ་ག་ཡིས།།↵བརྩམས་ནས་ང་རྒྱལ་བསྒོམ་པར་བྱ།།↵དང་པོར་འབྱོར་པ་བརྟགས་ན
1923	verse-stanza	12		མ་བརྩམ་པ་ནི་མཆོག་ཡིན་གྱི།།↵བརྩམས་ནས་ལྡོག་པར་མི་བྱའོ།།
1924	terminal-particle	113		ཞེས་གསུངས་ཏེ། དེ་ཡང་སངས་རྒྱས་ཕལ་པོ་ཆེའི་རྡོ་རྗེ་རྒྱལ་མཚན་གྱི་བསྔོ་བ་རྣམ་པ་བཅུ་ལས
1925	terminal-particle	26		སེམས་ཅན་གྱི་ཐ་བའི་རྙོག་པ་ཐམས་ཅད་ཀྱིས་འགྲོ་བ་ཐམས་ཅད་ཡོངས་སུ་སྐྱོབ་པའི་སྨོན་ལམ་རྒྱ
1926	terminal-particle	20		བྱིས་པའི་སྐྱེ་བོ་དང་འགྲོགས་པ་དང༌། སེམས་ཅན་གཞན་གྱིས་ཉེས་པ་རྣམས་ཀྱིས་སྐྱོ་བར་མི་བྱ
1927	terminal-particle	19		ཞེས་སོགས་དང༌། སེམས་ཅན་གྱི་དོན་དུ་བདག་གིས་སྡུག་བསྔལ་གྱི་ཕུང་པོ་ཆེན་པོ་བླང་བར་བྱའོ
1928	terminal-particle	3		བརྩོན་པར་བྱའོ།།
1929	terminal-particle	12		སྤྲོ་བ་དང༌། མི་ལྡོག་པ་དང༌། མི་སྐྲག་པ་དང༌། མི་འཇིགས་པར་བྱའོ།།
1930	terminal-particle	30		ཞེས་གསུངས་པ་རྣམས་ཀྱིས་གོ་ཆ་ཆེན་པོ་བསྒོས་ཏེ། གང་བརྩམས་པ་དེ་ཉིད་རྐྱེན་ཅིས་ཀྱང་ལྡོག
1931	line-end	80		དེ་ལ་ཡང་བྱ་བ་གང་རྩོམ་ཡང་རུང་སྟེ། ཡུལ་དུས་དང་བདག་ཉིད་ཀྱི་འབྱོར་བ་སོགས་ལ་ཞིབ་མོར་བ
1932	verse-stanza	13		དང་པོར་འབྱོར་བ་བརྟགས་ནས་ནི།།↵རྩོམ་མམ་ཡང་ན་མི་རྩོམ་བྱ།།
1933	quote-close	2		ཞེས་སོ།།
1934	terminal-particle	34		དེས་ན་དཔའ་བྱིན་གྱི་མདོ་ལས་ཀྱང༌། གལ་ཏེ་བསླབ་པའི་གཞི་ལྔ་ལ་བསླབ་པར་མི་ནུས་ན་བཞི་འམ་
1935	terminal-particle	17		ཞེས་དགེ་བ་རང་གི་ཉམ་དང་སྦྱར་ཏེ་བསྒྲུབ་པར་བྱ་བར་གསུངས་པ་ཡིན་ནོ།།
1936	terminal-particle	60		དེ་ལ་བྱ་བ་གང་ཡང་མ་བརྩམས་པ་ནི་མཆོག་ཡིན་མོད་ཀྱང༌། གང་ཞིག་ཕན་ཡོན་ཁྱད་པར་ཅན་མཐོང་ནས་
1937	ordinal-open	17		གཉིས་པ་རྩོམ་པ་བརྟན་པའི་ཕན་ཡོན་དང་མི་བརྟན་པའི་ཉེས་དམིགས་བཤད་པ་ནི།
1938	verse-stanza	25		སྐྱེ་བ་གཞན་དུའང་དེ་གོམས་ནས།།↵སྡིག་དང་སྡུག་བསྔལ་འཕེལ་འགྱུར་ཏེ།།↵གཞན་དུ་འབྲས་བུའི་
1939	terminal-particle	81		ཞེས་གསུངས་ཏེ། གལ་ཏེ་ཐོག་མར་བྱ་བར་བརྩམས་ལ། དེ་ནས་མ་སྒྲུབས་པར་དོར་ན་ནི་སྐྱེ་བ་ཕྱི་
1940	ordinal-open	15		གཉིས་པ་ཞུགས་པ་ལ་བརྟན་པ་ལ་གཉིས། མདོར་བསྟན་པ་དང༌། རྒྱས་པར་བཤད་པའོ།།
1941	ordinal-open	3		དང་པོ་ནི།
1942	verse-stanza	13		ལས་དང་ཉོན་མོངས་ནུས་པ་སྟེ།།↵གསུམ་པོ་དག་ལ་ང་རྒྱལ་བྱ།།
1943	terminal-particle	34		ཞེས་གསུངས་ཏེ། དེ་ལྟར་ལེགས་པར་བརྟགས་ཏེ་འཇུག་པ་ནི་རྩོམ་པ་ལ་བརྟན་པ་ཡིན་ལ། དེ་ནས་སྲོ
1944	terminal-particle	42		ཞུགས་པ་ལ་བརྟན་པ་དེ་ཡང་གཉེན་པོའི་ང་རྒྱལ་གསུམ་གྱིས་སྒྲུབ་སྟེ། ལས་འདི་ཐམས་ཅད་གཞན་དྲ
1945	terminal-particle	38		བདུད་ཀྱི་སྡེ་འཇོམས་པ་དང༌། ཕོངས་པ་ཐམས་ཅད་སེལ་བ་དང༌། བླ་ན་མེད་པའི་བྱང་ཆུབ་ཀྱི་ཡོན་
1946	terminal-particle	17		ཉོན་མོངས་རྣམས་ཀྱིས་བདག་མི་ཐུབ་ལ་བདག་གིས་ཉོན་མོངས་ཐམས་ཅད་འཇོམས་པར་བྱའོ།།
1947	terminal-particle	19		ཞེས་སྲན་ཚུགས་པ་ཉོན་མོངས་འཇོམས་པའི་ང་རྒྱལ་ལམ་ཉོན་མོངས་ལྟར་སྣང་བའི་ང་རྒྱལ་ལོ།།
1948	ordinal-open	23		གཉིས་པ་རྒྱས་བཤད་ལ་གསུམ། ལས་ཀྱི་ང་རྒྱལ་དང༌། ནུས་པའི་ང་རྒྱལ་དང༌། ཉོན་མོངས་འཇོམས་པའ
1949	ordinal-open	3		དང་པོ་ནི།
1950	verse-stanza	24		བདག་ཉིད་གཅིག་པུས་བྱའོ་ཞེས།།↵འདི་ནི་ལས་ཀྱི་ང་རྒྱལ་ཉིད།།↵ཉོན་མོངས་དབང་མེད་འཇིག་རྟེ
1951	verse-stanza	12		འགྲོ་བས་བདག་ལྟར་མི་ནུས་ཏེ།།↵དེ་བས་བདག་གིས་འདི་བྱའོ།།
1952	line-end	144		ཞེས་གསུངས་ཏེ། དེ་ཡང་ཉོན་མོངས་པས་བྲན་དུ་བཀོལ་བའི་སེམས་ཅན་འདི་རྣམས་ཀྱིས་ནི་རང་རང་ག
1953	verse-stanza	19		གཞན་ཡང་དམན་པའི་ལས་བྱེད་ན།།↵བདག་ཉིད་ཀྱང་ནི་ཇི་ལྟར་འདུག།↵ང་རྒྱལ་གྱིས་འདི་མི་བྱེད་ད
1954	terminal-particle	164		བདག་ལ་ང་རྒྱལ་མེད་པ་མཆོག། ཅེས་གསུངས་ཏེ། སེམས་ཅན་ཉོན་མོངས་པའི་ང་རྒྱལ་ཅན་འདི་དག་ཡང་
1955	ordinal-open	9		གཉིས་པ་ནུས་པའི་ང་རྒྱལ་བཤད་པ་ནི།
1956	verse-stanza	25		ཤི་བའི་སྦྲུལ་དང་ཕྲད་གྱུར་ན།།↵ཁྭ་ཡང་མཁའ་ལྡིང་ལྟ་བུར་སྤྱོད།།↵གལ་ཏེ་བདག་ཉིད་ཉམ་ཆུང་
1957	line-end	85		ཅེས་གསུངས་ཏེ། ནུས་པའི་ང་རྒྱལ་སྒོམ་ཚུལ་ཡང༌། དཔེར་ན། བྱ་ཁྭ་རྣམས་སྦྲུལ་མཐོང་ན་སྒྲ་འ
1958	verse-stanza	25		ཞུམ་བཅས་རྩོལ་བ་དོར་བ་ལ།།↵ཕོངས་ལས་ཐར་པ་ཡོད་དམ་ཅི།།↵ང་རྒྱལ་རྩོལ་བ་བསྐྱེད་པས་ནི།།↵ཆ
1959	line-end	61		ཞེས་གསུངས་ཏེ། དེས་ན་བདག་འདྲ་བས་མི་ནུས་སོ་ཞེས་ཞུམ་ཞིང་སྒྱིད་ལུག་པས་གནས་པས་ནི་ཅི་ཡ
1960	verse-stanza	25		དེ་བས་སེམས་ནི་བརྟན་པ་ཡིས།།↵ལྟུང་བ་རྣམས་ནི་གཞོམ་བྱ་སྟེ།།↵བདག་ནི་ལྟུང་བས་ཕམ་བྱས་ན།
1961	line-end	58		ཞེས་གསུངས་ཏེ། དེས་ན་སེམས་བརྟན་ཞིང་མི་གཡོ་བས་རང་རྒྱུད་ཀྱི་ཉེས་པ་བྱུང་ངོ་ཅོག་དང་པོ
1962	verse-stanza	25		བདག་གིས་ཀུན་ལས་རྒྱལ་བྱ་སྟེ།།↵བདག་ལས་སུ་ཡང་རྒྱལ་མི་བྱ།།↵རྒྱལ་བ་སེང་གེའི་སྲས་དག་གི
1963	line-end	88		ཞེས་གསུངས་ཏེ། ཆོས་ཐམས་ཅད་ནི་རང་གི་རྣམ་རྟོག་ཙམ་དུ་ཟད་པས་རྣམ་རྟོག་དེ་ཐམས་ཅད་རང་གི་
1964	verse-stanza	25		འགྲོ་གང་ང་རྒྱལ་གྱིས་བཅོམ་སྟེ།།↵ཉོན་མོངས་ང་རྒྱལ་ཅན་མ་ཡིན།།↵ང་རྒྱལ་ཅན་དགྲའི་དབང་མི
1965	line-end	89		ཞེས་གསུངས་ཏེ། མི་གཙང་བ་ལ་གཙང་བར་འཁྲུལ་བ་ལྟ་བུའི་ཉོན་མོངས་པའི་ང་རྒྱལ་དེ་ནི། རྨོངས
1966	verse-stanza	25		ཉོན་མོངས་ང་རྒྱལ་གྱིས་ཁེངས་ན།།↵ངན་འགྲོར་ང་རྒྱལ་གྱིས་འཁྲིད་ཅིང༌།།↵མི་ཡི་དགའ་སྟོན་བ
1967	verse-stanza	13		གླེན་པ་མི་སྡུག་ཉམ་ཆུང་དང༌།།↵ཐམས་ཅད་དུ་ནི་བརྙས་པར་འགྱུར།།
1968	line-end	68		ཞེས་གསུངས་ཏེ། སྤང་བྱའི་ང་རྒྱལ་ནི་གཞོམ་པར་བྱ་དགོས་ཏེ། སེམས་ཅན་ཐམས་ཅད་ཀྱང་ང་རྒྱལ་ག
1969	verse-stanza	33		རྨོངས་པ་དེ་དག་ང་རྒྱལ་དབང་གིས་ནི།།↵ངན་སོང་ས་དང་མི་ཁོམ་སྐྱེ་བ་དང༌།།↵དབུལ་དང་དམན་པའ
1970	quote-close	2		ཞེས་སོ།།
1971	line-end	97		ཉོན་མོངས་ཀྱི་ང་རྒྱལ་དེ་གང་ཞེ་ན། བདག་ཏུ་ཞེན་པ་ལས་སླར་བདག་ཉིད་མཆོག་ཏུ་འཛིན་པ་ཕྱིན་
1972	verse-stanza	19		ང་རྒྱལ་གྱིས་ཁེངས་དཀའ་ཐུབ་ཅན།།↵དེ་ཡང་ང་རྒྱལ་ཅན་གཏོགས་ན།།↵དམན་པ་ཅི་འདྲ་ཡིན་པ་སྨྲོས
1973	line-end	24		ཞེས་གསུངས་ཏེ། དེས་ན་དགྲ་ཆུང་ངུས་ཀྱང་བྲན་དུ་བྱེད་ནུས་པ་དེ་ང་རྒྱལ་ཅན་ཡིན་ན་སུ་ཞིག་
1974	verse-stanza	41		གང་ཞིག་ང་རྒྱལ་དགྲ་ལས་རྒྱལ་ཕྱིར་ང་རྒྱལ་འཆང༌།།↵དེ་ནི་ང་རྒྱལ་ཅན་དང་རྣམ་རྒྱལ་དཔའ་དེ་
1975	terminal-particle	66		ཅེས་གསུངས་ཏེ། དེས་ན་ལས་ཉོན་གྱིས་མི་ཚུགས་ཤིང་ལས་ཉོན་ལས་ཀུན་ཏུ་རྒྱལ་བ་དེ་ནི་ཡང་དག་
1976	ordinal-open	13		གསུམ་པ་ཉོན་མོངས་འཇོམས་པའི་ང་རྒྱལ་རྒྱས་པར་བཤད་པ་ནི།
1977	verse-stanza	25		ཉོན་མོངས་ཚོགས་ཀྱི་ཁྲོད་གནས་ན།།↵རྣམ་པ་སྟོང་དུ་སྲན་གཟུགས་ཏེ།།↵ཝ་ལ་སོགས་པས་སེང་གེ་བ
1978	terminal-particle	56		ཞེས་གསུངས་ཏེ། འོ་ན་ཉོན་མོངས་པ་འཇོམས་པའི་ང་རྒྱལ་ཇི་ལྟར་སྐྱེད་ཅེ་ན། བདག་གི་རྒྱུད་འ
1979	terminal-particle	71		ཇི་ལྟར་ས་བོན་ཐམས་ཅད་ཀྱི་རྩ་བའང་ས་ཆེན་པོ་འདིའི་གཏིང་ཇི་སྲིད་པར་སོན་ལ་དབྱེར་མི་ནུས
1980	terminal-particle	89		དེས་ན་ས་གཞི་ལ་ས་བོན་མེད་ན་ཆུ་ལུད་ཁོ་ནས་ཅི་ཡང་སྐྱེད་མི་ནུས་པ་ལྟར་བདག་རྒྱུད་ལ་ཉོན་
1981	line-end	72		འདིའི་རིང་ནི་བདག་ཉིད་ཀྱིས་རྣམ་པ་སྟོང་དང་འབུམ་དང་བྱེ་བར་ཡང་དེའི་དབང་དུ་མི་འགྲོ་བར
1982	verse-stanza	25		ཉམ་ང་ཆེ་ཐང་བྱུང་གྱུར་ཀྱང༌།།↵མི་ཡིས་མིག་ནི་སྲུང་བ་ལྟར།།↵དེ་བཞིན་ཉམ་ང་བྱུང་གྱུར་ཀྱ
1983	verse-stanza	24		བདག་ནི་བསྲེགས་ཏེ་གསོད་པ་འམ།།↵མགོ་བོ་ལྷུང་བར་བྱས་རུང་གི།↵ཉོན་མོངས་དགྲ་ལ་ཐམས་ཅད་དུ
1984	line-end	84		ཞེས་གསུངས་ཏེ། དང་པོར་གོ་ཆའི་བརྩོན་འགྲུས་ཀྱིས་མི་རྣམས་ཉམ་ང་བ་ཅི་བྱུང་ཡང་ཐོག་མར་རང
1985	verse-stanza	13		དེ་བཞིན་གནས་སྐབས་ཐམས་ཅད་ཏུ།།↵རིགས་པ་ལས་ནི་གཞན་མི་སྤྱད།།
1986	terminal-particle	62		ཅེས་གསུངས་ཏེ། ཞེ་སྡང་ལ་བཤད་པ་དེ་བཞིན་དུ་འདོད་ཆགས་དང༌། ང་རྒྱལ་དང༌། ཕྲག་དོག་སྐྱེ་བ
1987	ordinal-open	6		གསུམ་པ་དགའ་བའི་དཔུང་ནི།
1988	verse-stanza	25		རྩེད་མོའི་བདེ་འབྲས་འདོད་པ་ལྟར།།↵འདི་ཡིས་བྱ་བའི་ལས་གང་ཡིན།།↵ལས་དེ་ལ་ནི་ཞེན་བྱ་ཞིང
1989	line-end	73		ཞེས་གསུངས་ཏེ། ཇི་ལྟར་ལྷ་རྣམས་ཀྱང་སྐྱེད་མོས་ཚལ་དུ་འཇུག་ཅིང་འདོད་ཡོན་སྣ་ཚོགས་ཀྱིས་
1990	verse-stanza	25		བདེ་བའི་དོན་དུ་ལས་བྱས་ཀྱང༌།།↵བདེ་འགྱུར་མི་འགྱུར་གཏོལ་མེད་ཀྱི།།↵གང་གི་ལས་ཉིད་བདེར
1991	line-end	133		ཞེས་གསུངས་ཏེ། མི་རྣམས་ཀྱི་གླུ་གར་གྱི་ཁྲོམ་དུ་འཇུག་པ་སོགས་ནི་བདེ་བར་འདུ་ཤེས་ཤིང་བ
1992	verse-stanza	25		སྤུ་གྲིའི་སོར་ཆགས་སྦྲང་རྩི་ལྟའི།།↵འདོད་པ་རྣམས་ཀྱིས་མི་ངོམས་ན།།↵རྣམ་སྨིན་བདེ་ལ་ཞི
1993	line-end	87		ཞེས་གསུངས་ཏེ། སྒྲུབ་པ་ཙམ་ལྟ་སྨོས་ཀྱང་ཅི་དགོས་དགེ་བའི་ལས་དེས་ངོམས་ཤིང་ཆོག་པར་ཡང་མ
1994	verse-stanza	25		དེ་ལྟས་ལས་ཚར་ཕྱིན་བྱའི་ཕྱིར།།↵ཉི་མ་ཕྱེད་དུས་གདུངས་པ་ཡི།།↵གླང་ཆེན་མཚོ་ཕྲད་མཚོར་འཇ
1995	terminal-particle	144		ཞེས་གསུངས་ཏེ། དེ་ལྟ་བས་ན་བརྩམས་པའི་ལས་གང་ཡིན་པ་དེ་ཚར་ཕྱིན་པར་བདེ་བླག་ཏུ་བྱ་བའི་ཕ
1996	ordinal-open	6		བཞི་པ་འདོར་བའི་དཔུང་ནི།
1997	verse-stanza	25		སྟོབས་ཉམས་པ་དང་རྗེས་འབྲེལ་ན།།↵སླར་བྱའི་དོན་དུ་དོར་བར་བྱ།།↵ལེགས་པར་ཟིན་ནས་ཕྱི་མ་ད
1998	line-end	204		ཞེས་གསུངས་ཏེ། གལ་ཏེ་ཧ་ཅང་ནན་ཏན་གྱིས་འབད་པས་ལུས་སེམས་ཀྱི་སྟོབས་ཉམས་ཏེ་དུབ་ཆེས་པ་ན
1999	verse-stanza	13		ལེགས་པར་ཟིན་ནས་ཕྱི་མ་དང༌།།↵ཕྱི་མ་འདོད་པས་དེ་སྤང་བྱ།།
2000	terminal-particle	109		ཞེས་པ་ལ་འབྲུ་གཉིས་སུ་འགྱུར་ཏེ་དོར་བའི་དཔུང་ཉིད་དུ་བཤད་ན་ངལ་གསོ་བའི་ཕྱིར། རེ་ཞིག་
2001	ordinal-open	16		ལྔ་པ་བརྩོན་འགྲུས་སྤེལ་བ་ལ་གཉིས། ལྷུར་བླང་བ་དང༌། བདག་ཉིད་དབང་དུ་བྱ་བའོ།།
2002	ordinal-open	39		དང་པོ་ལ་ལྔ། བག་ཡོད་ལྷུར་བྱ་བ་དང༌། དྲན་ཤེས་ལྷུར་བྱ་བ་དང༌། རྒྱུད་ལ་ཉེས་པའི་སྐབས་མི
2003	ordinal-open	3		དང་པོ་ནི།
2004	verse-stanza	25		འཐབ་རྙིང་དགྲ་དང་ལྷན་ཅིག་ཏུ།།↵གཡུལ་ངོར་རལ་ཁ་ལྷགས་པ་བཞིན།།↵ཉོན་མོངས་མཚོན་ལས་གཟུར་བ
2005	terminal-particle	112		ཅེས་གསུངས་ཏེ། དེ་ཡང་དམག་གི་སྐྱེས་བུ་གཡུལ་དུ་ཤིན་ཏུ་གོམས་ཤིང་རང་སྲུང་བ་དང་གཞན་འཇོ
2006	ordinal-open	8		གཉིས་པ་དྲན་ཤེས་ལྷུར་བྱ་བ་ནི།
2007	verse-stanza	25		གཡུལ་དུ་རལ་གྲི་ལྷུང་གྱུར་ན།།↵འཇིགས་པས་མྱུར་དུ་ལེན་པ་ལྟར།།↵དེ་བཞིན་དྲན་པའི་མཚོན་ཤ
2008	terminal-particle	149		ཞེས་གསུངས་ཏེ། གཡུལ་དུ་རྩོད་པའི་ཚེ་རང་གི་རལ་གྲི་སར་བྲུལ་ན་མྱུར་དུ་ལེན་པ་ལྟར་གོ་ཆའ
2009	ordinal-open	11		གསུམ་པ་རྒྱུད་ལ་ཉེས་པའི་སྐབས་མི་དབྱེ་བ་ནི།
2010	verse-stanza	25		ཇི་ལྟར་ཁྲག་ལ་བརྟེན་བཅས་ནས།།↵དུག་ནི་ལུས་ལ་ཁྱབ་འགྱུར་བ།།↵དེ་བཞིན་གླགས་ནི་རྙེད་གྱུར
2011	verse-stanza	25		ཡུངས་མར་བཀང་བའི་སྣོད་བསྐུར་ལ།།↵རལ་གྲི་ཐོགས་པས་དྲུང་བསྡད་དེ།།↵བོ་ན་བསོད་བསྡིགས་འཇ
2012	terminal-particle	109		ཞེས་གསུངས་ཏེ། དེས་ན་དྲན་ཤེས་ཀྱིས་མ་ཟིན་པའི་གནས་སྐབས་ཁྲག་ལྟ་བུ་ལ་བརྟེན་ནས་ཉེས་པས་
2013	terminal-particle	48		འོ་ན་དེ་ལ་ཡུངས་མར་གྱིས་ཁ་ད་ཆད་དུ་བཀང་བའི་སྣོད་ལག་ཏུ་བསྐུར་ལ། དེའི་ཕྱི་བཞིན་དུ་གཤ
2014	terminal-particle	129		གལ་ཏེ་གཏན་མ་འབོ་ན་ཆད་པ་ལས་ཐར་རོ་ཞེས་གྱིས་ལ། དེའི་མདུན་དུ་གླུ་གར་བྱེད་བཞིན་པས་གྲོ
2015	ordinal-open	12		བཞི་པ་ཉེས་པ་བྱུང་ན་དེ་མ་ཐག་ཟློག་པ་ནི།
2016	verse-stanza	25		དེ་བས་པང་དུ་སྦྲུལ་འོངས་ན།།↵ཇི་ལྟར་རིངས་སུ་ལྡང་བ་ལྟར།།↵དེ་བཞིན་གཉིད་དང་སྙོམ་འོངས་
2017	verse-stanza	25		ཉེས་པ་བྱུང་བ་རེ་རེ་ཞིང༌།།↵བདག་ལ་སྨད་ནས་ཅི་ནས་ཀྱང༌།།↵བདག་ལ་ཕྱིས་འདི་མི་འབྱུང་བ།།↵
2018	line-end	146		ཞེས་གསུངས་ཏེ། དེ་ལྟར་དྲན་ཤེས་ཀྱིས་རྟག་པར་ཟིན་པ་ན་ཉོན་མོངས་པ་རྣམས་རྒྱུད་ལ་མི་འབྱུ
2019	ordinal-open	12		ལྔ་པ་མདོར་ན་བྱ་བ་སྒྲུབ་པ་ལྷུར་བླང་བ་ནི།
2020	verse-stanza	25		ཇི་ལྟར་གནས་སྐབས་འདི་དག་ལ།།↵དྲན་པ་གོམས་པ་ཉིད་འགྱུར་ཞེས།།↵རྒྱུ་འདི་ཡིས་ནི་ཕྲད་པ་འམ
2021	terminal-particle	37		ཞེས་གསུངས་ཏེ། མདོར་ན་གནས་སྐབས་དེ་ཐམས་ཅད་དུ་དགེ་བའི་དྲན་པ་གོམས་པ་ལྷུར་བྱ་ཞིང་དེ་ལ
2022	ordinal-open	19		གཉིས་པ་བདག་ཉིད་དབང་དུ་བྱ་བ་ལ་གཉིས། ལུས་དབང་དུ་བྱ་བ་དང༌། སེམས་དབང་དུ་བྱ་བའོ།།
2023	ordinal-open	3		དང་པོ་ནི།
2024	verse-stanza	25		ཅི་ནས་ལས་བྱེད་སྔོན་རོལ་ནས།།↵ཐམས་ཅད་ལ་ནི་མཐུ་ཡོད་པ།།↵དེ་ལྟར་བག་ཡོད་གཏམ་དྲན་ཏེ།།↵བ
2025	line-end	65		ཞེས་གསུངས་ཏེ། དེ་ཡང་ལས་རྣམས་ཀྱི་སྔོན་རོལ་དུ་རྩོམ་པ་ལ་བརྟན་པས་གྱ་ཚོམས་མ་ཡིན་པར་འཇ
2026	ordinal-open	8		གཉིས་པ་སེམས་དབང་དུ་བྱ་བ་ནི།
2027	verse-stanza	25		ཇི་ལྟར་རླུང་ནི་འགྲོ་བ་དང༌།།↵འོང་བས་ཤིང་བལ་དབང་བསྒྱུར་བ།།↵དེ་བཞིན་སྤྲོ་བས་དབང་བསྒ
2028	terminal-particle	78		ཞེས་གསུངས་ཏེ། ཇི་ལྟར་ཤིང་བལ་ཆུང་ངུ་ནི་རླུང་ཆུང་ངུས་ཀྱང་དབང་བསྒྱུར་ཞིང་འགྲོ་འོང་ས
2029	terminal-particle	20		བྱང་ཆུབ་སེམས་དཔའི་སྤྱོད་པ་ལ་འཇུག་པ་ལས། བརྩོན་འགྲུས་ཀྱི་ལེའུ་རྣམ་པར་ཕྱེ་བ་སྟེ་བདུ
2030	terminal-particle	40		ch-8 དེ་ལྟར་བརྩོན་འགྲུས་བརྩམས་པའི་དངོས་འབྲས་ནི། དགེ་བ་ལ་སེམས་རྩེ་གཅིག་པ་ཐོབ་པ་ཉི
2031	ordinal-open	30		ལྔ་པ་བསམ་གཏན་གྱི་ལེའུ་འཆད་པ་ལ་གསུམ། མི་མཐུན་པའི་ཕྱོགས་རྣམ་གཡེང་སྤང་བ་དང༌། ཞི་གནས
2032	ordinal-open	21		དང་པོ་ལ་གསུམ། སྤང་བའི་གནས་མདོར་བསྟན་པ། འཇིག་རྟེན་སྤོང་བ་རྒྱས་བཤད་དང༌། རྣམ་རྟོག་ས
2033	ordinal-open	3		དང་པོ་ནི།
2034	verse-stanza	25		དེ་ལྟར་བརྩོན་འགྲུས་བསྐྱེད་ནས་ནི།།↵ཡིད་ནི་ཏིང་ངེ་འཛིན་ལ་བཞག།↵སེམས་ནི་རྣམ་པར་གཡེངས
2035	verse-stanza	25		ལུས་དང་སེམས་ནི་དབེན་པ་ཡིས།།↵རྣམ་པར་གཡེང་བ་མི་འབྱུང་ངོ༌།།↵དེ་བས་འཇིག་རྟེན་སྤང་བྱ་
2036	terminal-particle	72		ཞེས་གསུངས་ཏེ། སེམས་རྣམ་པར་གཡེངས་ན་ཉོན་མོངས་པའི་དབང་དུ་འགྱུར་ལ། དེ་གྱུར་ན་སྦྱིན་ས
2037	ordinal-open	30		གཉིས་པ་འཇིག་རྟེན་སྤོང་ཚུལ་ལ་ལྔ། གང་གིས་མི་སྤོངས་པའི་རྒྱུ། གང་གིས་སྤོངས་པའི་རྒྱུ།
2038	ordinal-open	3		དང་པོ་ནི།
2039	verse-stanza	25		ཆགས་པའི་ཕྱིར་དང་རྙེད་སོགས་ལ།།↵སྲེད་པས་འཇིག་རྟེན་མི་སྤོངས་ཏེ།།↵དེ་བས་འདི་དག་ཡོངས་
2040	terminal-particle	52		ཞེས་གསུངས་ཏེ། སྐྱེས་པ་དང་བུད་མེད་ལ་སོགས་པ་ནང་སེམས་ཅན་ལ་ཆགས་པ་དང༌། ཕྱིའི་རྙེད་བཀུ
2041	terminal-particle	29		དེས་ན་ཆགས་ཡུལ་དེ་དག་ལ་སྙིང་པོ་མེད་པའི་ཚུལ་འཆད་པར་འགྱུར་པ་འདི་དག་སེམས་པས་ཞེན་པ་སྤ
2042	ordinal-open	8		གཉིས་པ་གང་གིས་སྤོངས་པའི་རྒྱུ་ནི།
2043	verse-stanza	33		ལྷག་མཐོང་རབ་ཏུ་ལྡན་པའི་ཞི་གནས་ཀྱིས།།↵ཉོན་མོངས་རྣམ་པར་འཇོམས་པར་ཤེས་བྱས་ནས།།↵ཐོག་མ
2044	terminal-particle	69		ཅེས་གསུངས་ཏེ། དེ་ཁོ་ན་ཉིད་ཤེས་པ་ནི་ལྷག་མཐོང་ངོ༌།། དེ་ལ་རྩེ་གཅིག་ཏུ་གནས་པ་ནི་སྐབས
2045	line-end	69		དེ་ཡང་དང་པོར་སྒྲུབ་སླ་བ་དང༌། ཕ་རོལ་ཏུ་ཕྱིན་པ་དྲུག་རིམ་འཇུག་གི་དབང་དུ་བྱས་ནས་ཐོག་
2046	verse-stanza	33		འཇིག་རྟེན་བྱ་བ་དག་ལ་ཕར་བལྟས་པས།།↵བྱས་པ་ཐམས་ཅད་དོན་མེད་སྡུག་བསྔལ་རྒྱུ།།↵ཅི་ལ་བསམས
2047	line-end	15		ཞེས་གསུངས་པ་ལྟར་འཇིག་རྟེན་སྤང་བ་དང༌། རྣམ་སྣང་མངོན་བྱང་གི་རྒྱུད་ལས།
2048	verse-stanza	25		རྣམ་རྟོག་མ་རིག་ཆེན་པོ་སྟེ།།↵འཁོར་བའི་རྒྱ་མཚོར་ལྟུང་བྱེད་ཡིན།།↵མི་རྟོག་ཏིང་འཛིན་ལ
2049	terminal-particle	12		ཞེས་པ་ལྟར་རྟོག་པ་སྤང་བ་སྟེ་གཉིས་ཀྱིས་འགྲུབ་བོ།།
2050	ordinal-open	23		གསུམ་པ་གཉེན་པོ་སྒྲུབ་པ་ལ་གཉིས། སེམས་ཅན་ལ་མ་ཆགས་པ་སྒྲུབ་པ་དང༌། རྙེད་སོགས་ལ་མ་ཆགས་
2051	ordinal-open	19		དང་པོ་ལ་གཉིས། ཆགས་པའི་ཉེས་པ་བསྟན་པ་དང༌། བྱིས་པ་ནི་འགྲོགས་བྱ་མ་ཡིན་པར་བསྟན་པའོ།།
2052	ordinal-open	32		དང་པོ་ལ་ལྔ། སྤྱིར་བསྟན་པ། མཐོང་ཆོས་ལ་སྡུག་བསྔལ་སྐྱེད་པ་དང༌། ཐར་པའི་གེགས་བྱེད་པ་ད
2053	ordinal-open	3		དང་པོ་ནི།
2054	verse-stanza	13		མི་རྟག་སུ་ཞིག་མི་རྟག་ལ།།↵ཡང་དག་ཆགས་པར་བྱེད་པ་ཡོད།།
2055	line-end	101		ཅེས་གསུངས་ཏེ། དེ་ཡང་ཆགས་པ་པོ་རང་ཉིད་མི་རྟག་ཅིང་མྱུར་དུ་འཆི་ལ། མི་སྡུག་པ་མི་གཙང་བ
2056	verse-stanza	13		དེས་ནི་ཚེ་རབས་སྟོང་ཕྲག་ཏུ།།↵སྡུག་པ་མཐོང་བར་ཡོང་མི་འགྱུར།།
2057	line-end	178		ཞེས་གསུངས་ཏེ། བུ་མོ་ཟླ་མཆོག་བུད་མེད་རིན་པོ་ཆེར་བཀུར་བ་མི་ལས་འདས་ཤིང་ལྷའི་ལུས་མ་ཐ
2058	verse-stanza	20		སྡུག་ཅིང་ཡིད་དུ་འོང་བའི་གྲོགས་འཐོབ་པར་འགྱུར་རོ།།↵གཉིས་པ་མཐོང་ཆོས་ལ་སྡུག་བསྔལ་སྐྱ
2059	verse-stanza	25		མ་མཐོང་ན་ནི་དགར་མི་འགྱུར།།↵ཡིད་ཀྱང་མཉམ་འཇོག་མི་འགྱུར་ལ།།↵མཐོང་ཡང་ངོམས་པར་མི་འགྱུ
2060	terminal-particle	69		ཞེས་གསུངས་ཏེ། དེ་ལྟར་མོད་ཀྱི་འདོད་པའི་ཡོན་ཏན་ལ་ཞེན་པ་ནི་ལན་ཚྭའི་ཆུ་ཇི་ཙམ་འཐུངས་པ
2061	ordinal-open	8		གསུམ་པ་ཐར་པའི་གེགས་བྱེད་པ་ནི།
2062	verse-stanza	25		སེམས་ཅན་རྣམས་ལ་ཆགས་བྱས་ན།།↵ཡང་དག་ཉིད་ལ་ཀུན་ནས་སྒྲིབ།།↵སྐྱོ་བའི་སེམས་ཀྱང་འཇིག་པར་
2063	line-end	63		ཞེས་གསུངས་ཏེ། དེས་ནི་མི་རྟག་པའི་འདུ་ཤེས་ཙམ་སྐྱེ་བ་ལ་ཡང་གེགས་བྱེད་ན་ཆོས་ཉིད་མཐོང་
2064	ordinal-open	10		བཞི་པ་ཡོན་ཏན་སྔར་མེད་མི་སྐྱེ་བ་ནི།
2065	verse-stanza	13		དེ་ལ་སེམས་པ་འབའ་ཞིག་གིས།།↵ཚེ་འདི་དོན་མེད་འདའ་བར་འགྱུར།།
2066	line-end	51		ཞེས་གསུངས་ཏེ། ཉིན་མཚན་རྟག་ཏུ་ཡང་འདོད་པའི་ཡུལ་སེམས་པ་དེས་དུས་འདའ་བས་དགེ་བའི་རྩ་བ་
2067	ordinal-open	11		ལྔ་པ་ཡོན་ཏན་སྔར་ཡོད་འགག་པར་བསྟན་པ་ནི།
2068	verse-stanza	13		རྟག་པ་མེད་པའི་མཛའ་བཤེས་ཀྱིས།།↵གཡུང་དྲུང་ཆོས་ཀྱང་འཇིག་པར་འགྱུར།།
2069	terminal-particle	80		ཞེས་གསུངས་ཏེ། འདུས་བྱས་ལ་ནི་འབྲལ་བ་ལས་གཞན་པའི་ཆོས་ཉིད་མེད་པའི་ཕྱིར། སྡུག་པའི་ཡུལ
2070	terminal-particle	75		དེས་ན་མེ་ལས་རྒྱང་རིང་དུ་བྱོལ་ན་འཚིག་པའི་སྡུག་བསྔལ་མི་འབྱུང་བ་ལྟར་འདོད་པའི་ཉེས་དམ
2071	line-end	260		དེའི་ཕྱིར། ཞི་གནས་རྒྱུ་ནི་ཚུལ་ཁྲིམས་ལས་གཞན་མེད།། ཅེས་གསུངས་པ་ཡིན་ལ། ཚུལ་ཁྲིམས་དེ
2072	ordinal-open	55		གཉིས་པ་བྱིས་པ་ནི་འགྲོགས་བྱ་མ་ཡིན་པར་བསྟན་པ་ལ་དྲུག ངན་འགྲོར་འཁྲིད་པ། བྱིས་པའི་ངང་
2073	ordinal-open	3		དང་པོ་ནི།
2074	verse-stanza	25		བྱིས་དང་སྐལ་པ་མཉམ་སྤྱོད་ན།།↵ངེས་པར་ངན་འགྲོར་འགྲོ་བར་འགྱུར།།↵སྐལ་མི་མཉམ་པར་འཁྲིད་
2075	terminal-particle	284		ཞེས་གསུངས་ཏེ། དེ་ལྟ་མོད་ཀྱི་བྱིས་པའི་གྲོགས་སམ་འཁོར་ཙམ་ཡང་ཐག་སྲིང་བར་བྱའི། བསྟེན་
2076	line-end	55		དེས་ནི་བྱིས་པ་དང་སྤྱོད་པའམ་སྐལ་བ་མཚུངས་པར་སྤྱད་ན་ནི་བྱིས་པ་གང་དུ་འགྲོ་བའི་གནས་ངན
2077	ordinal-open	9		གཉིས་པ་བྱིས་པའི་ངང་ཚུལ་བསྟན་པ་ནི།
2078	verse-stanza	25		སྐད་ཅིག་གཅིག་གིས་མཛའ་འགྱུར་ལ།།↵ཡུད་ཙམ་གཅིག་གིས་དགྲར་ཡང་འགྱུར།།↵དགའ་བའི་གནས་ལའང་ཁ
2079	terminal-particle	95		ཞེས་གསུངས་ཏེ། དེ་ལྟ་མོད་ཀྱི་བྱིས་པའི་རྣམ་པར་ཐར་པ་ནི་འདི་དག་ཡིན་ཏེ། ཕྲད་པ་ཙམ་གྱིས
2080	line-end	58		དོན་ཉམས་པར་བྱེད་པའི་བྱ་བ་མ་ཡིན་པ་ལས་ལྡོག་ཅིང་བྱ་བར་འོས་པའི་ལས་ཀྱི་གྲོས་ལེགས་པར་བ
2081	verse-stanza	13		ཕན་པ་སྨྲས་ན་ཁྲོ་བར་བྱེད།།↵བདག་ཀྱང་ཕན་ལས་ཟློག་པར་བྱེད།།
2082	line-end	76		ཅེས་གསུངས་ཏེ། ཕན་པ་ལ་སྦྱར་ན་ཁྲོ་ཞིང་མི་སྒྲུབ་པར་མ་ཟད་སྦྱོར་བ་པོ་བདག་ཉིད་ཀྱང་ཕན་པ
2083	verse-stanza	13		དེ་དག་ངག་ནི་མ་མཉན་ན།།↵ཁྲོས་པས་ངན་འགྲོར་འགྲོ་བར་འགྱུར།།
2084	line-end	203		ཞེས་གསུངས་ཏེ། དེའི་ངག་མ་མཉན་ན་ཁྲོས་པས་ཚིག་རྩུབ་མོ་སྨྲ་ཞིང་ཞེ་འཁོན་དུ་དམ་པོར་འཛིན
2085	verse-stanza	25		མཐོ་ལ་ཕྲག་དོག་མཉམ་དང་འགྲན།།↵དམའ་ལ་ང་རྒྱལ་བསྟོད་ན་དྲེགས།།↵མི་སྙན་བརྗོད་ན་ཁོང་ཁྲོ་
2086	terminal-particle	134		ཅེས་གསུངས་ཏེ། གཞན་ཡང་མཐོ་བ་དང༌། དམའ་བ་དང༌། བར་མར་རྟོག་པ་ནི་ནམ་མཁའ་ལ་མཐོ་དམན་དུ་ར
2087	terminal-particle	45		ཁ་ཅིག་བདག་དང་མཉམ་པར་ཐོས་ན་བུས་པ་ལུས་བོངས་འགྲན་པ་ན་རྐང་འོག་ཏུ་རྡེའུ་བཅུག་པ་དང་ལུས
2088	terminal-particle	67		ཆེ་གེ་ཞིག་བདག་ལས་དམན་པར་ཐོས་སམ་མཐོང་ན་དེ་ལ་བརྙས་ཤིང་ཁྱད་དུ་གསོད་པས་སྤྲེའུ་མིའི་ལ
2089	terminal-particle	70		གལ་ཏེ་ཡོན་ཏན་གྱི་ཆ་ཅུང་ཟད་ཙམ་ཡོད་པ་ལ་སྒྲོ་བཏགས་པས་བསྟོད་ཀྱང་རུང་ཡོན་ཏན་གཏན་མེད་པ
2090	terminal-particle	71		གལ་ཏེ་བདག་ལ་ཡོད་པའི་སྐྱོན་ནས་བརྗོད་པའམ་མེད་པའི་སྐྱོན་ནས་བརྗོད་ནའང་རུང་སྟེ། བདག་ཉ
2091	quote-close	27		དེ་ལྟར་ན་ཅིས་ཀྱང་མགུ་བར་མི་ནུས་ཤིང་རེས་འགའ་རྒྱུ་མེད་དང་རྒྱུ་ཕྱིན་ཅི་ལོག་གིས་ཀྱང་
2092	ordinal-open	7		གསུམ་པ་བསྟེན་པའི་ཉེས་དམིགས་ནི།
2093	verse-stanza	25		བྱིས་དང་འགྲོགས་ན་བྱིས་པ་ལས།།↵བདག་བསྟོད་གཞན་ལ་སྨོད་པ་དང༌།།↵འཁོར་བར་དགའ་བའི་གཏམ་ལ་
2094	verse-stanza	13		དེ་འདྲ་བདག་དང་གཞན་བརྟེན་པ།།↵དེ་ནི་ཕུང་བར་འགྱུར་བར་ཟད།།
2095	terminal-particle	153		ཅེས་གསུངས་ཏེ། མགུ་བ་དང་ཁྲོ་བ་གང་སྣང་ཡང་ཆུ་ཚོད་གཅིག་ཙམ་དུ་ཡང་ཡིད་བརྟན་པར་མི་ནུས་པ
2096	ordinal-open	8		བཞི་པ་སྤང་དགོས་པར་བསྟན་པ་ནི།
2097	verse-stanza	19		དེས་ཀྱང་བདག་དོན་མ་བྱས་ལ།།↵བདག་ཀྱང་དེ་དོན་མི་འགྱུར་བས།།↵བྱིས་ལས་ཐག་རིང་བྱོལ་བར་བྱ
2098	terminal-particle	160		ཞེས་གསུངས་ཏེ། བདག་ཀྱང་ད་ལྟ་ཡོན་ཏན་གྱི་མཐུ་མ་རྫོགས་ཏེ་མར་མེ་རླུང་ནང་ན་གནས་པ་ལྟར་མ
2099	ordinal-open	20		ལྔ་པ་བསྟེན་དགོས་ནའང་གཉི་ག་ལ་མི་གནོད་པ་བར་མའི་བརྟུལ་ཞུགས་ཀྱིས་གནས་དགོས་པ་ནི།
2100	verse-stanza	19		ཕྲད་ན་དགའ་བས་མགུ་བྱ་སྟེ།།↵འདྲིས་ཆེན་ཉིད་དུ་མི་འགྱུར་བར།།↵ཐ་མལ་པ་ཙམ་ལེགས་པར་བྱ།།
2101	terminal-particle	158		ཞེས་གསུངས་ཏེ། གལ་ཏེ་བྱིས་པ་འགའ་ཞིག་སྟེས་དབང་གིས་འགྲོགས་དགོས་བྱུང་བའམ། དབེན་པར་བད
2102	ordinal-open	14		དྲུག་པ་སེམས་རྩེ་གཅིག་ཏུ་བསྡུས་ཏེ་གནས་དགོས་པར་བསྟན་པ་ནི།
2103	verse-stanza	25		བུང་བས་མེ་ཏོག་སྦྲང་རྩི་བཞིན།།↵ཆོས་ཀྱི་དོན་ཙམ་བླངས་ནས་ནི།།↵ཀུན་ལ་སྔོན་ཆད་མ་མཐོང་བ
2104	terminal-particle	147		ཞེས་གསུངས་ཏེ། སོ་སྐྱེའི་སྤྱོད་པ་ཅན་གྱི་པཎྜི་ཏ་ལ་སོགས་ལས་ཆོས་ཀྱི་ཚིག་དོན་ལེན་དགོས
2105	terminal-particle	35		ཡང་དག་པར་ན་གང་མཐོང་བ་ཐམས་ཅད་ཀྱང་སྔོན་མ་མཐོང་བ་མཐོང་བ་ཁོ་ན་ཡིན་ཏེ། ལི་ཙཱ་ཝི་དྲི་མ
2106	terminal-particle	34		སྔོན་མ་མཐོང་བ་མཐོང་ངོ༌།། འཇམ་དཔལ་གྱིས་སྨྲས་པ། ཁྱིམ་བདག དེ་དེ་བཞིན་ཏེ། སྔོན་མཐོང་
2107	terminal-particle	64		ཞེས་བཤད་པ་ལྟར་ཆོས་ཐམས་ཅད་ནི་སྐད་ཅིག་མ་ཁོ་ནར་ཟད་ལ། སྔ་མ་ཡང་གཞན་ཕྱི་མ་ཡང་གཞན་ལ་སྔ་
2108	ordinal-open	49		གཉིས་པ་རྙེད་སོགས་ལ་མ་ཆགས་པ་སྒྲུབ་པ་ལ་ལྔ། རྙེད་སོགས་ཀྱིས་ཕྱི་མར་སྡུག་བསྔལ་སྐྱེད་པ
2109	ordinal-open	3		དང་པོ་ནི།
2110	verse-stanza	25		བདག་ནི་རྙེད་མང་བཀུར་སྟི་བྱས།།↵བདག་ལ་མང་པོ་དགའ་འོ་ཞེས།།↵དེ་འདྲའི་བསྙེམས་པ་འཆང་གྱུ
2111	terminal-particle	27		ཞེས་གསུངས་ཏེ། དེ་ཡང་འཇིག་རྟེན་ན་ཀུན་ནས་ཞེན་པའི་གནས་ནི་ཆོས་བརྒྱད་དེ། ཟས་ནོར་དང་ལོ
2112	terminal-particle	7		མ་ཐོབ་པ་ནི་མ་རྙེད་པའོ།།
2113	terminal-particle	65		བདག་གི་ཡོན་ཏན་གྱི་ཁྱད་པར་བདེན་པའམ་བརྫུན་པ་ཡང་རུང་སྟེ་སྐྱེ་བོ་གཞན་གྱིས་སྒྲོག་ཅིང་
2114	terminal-particle	17		ལུས་སེམས་སིམ་པ་ཉམས་སུ་མྱོང་བ་དང་འདོད་པའི་དོན་གྲུབ་པ་ནི་བདེ་བའོ།།
2115	terminal-particle	17		གདུང་བར་ཉམས་སུ་མྱོང་བ་དང་འདོད་པའི་དོན་མ་གྲུབ་པ་ནི་སྡུག་བསྔལ་ལོ།།
2116	terminal-particle	20		བདག་ཉིད་ལ་ཡོད་པའམ་མེད་པའི་ཡོན་ཏན་བདག་ལ་ལྡན་པར་གཞན་གྱིས་བརྗོད་པ་ནི་བསྟོད་པའོ།།
2117	terminal-particle	54		བདེན་པའམ་མི་བདེན་པའི་སྐྱོན་ནས་བརྗོད་པ་ནི་སྨད་པ་སྟེ། ཆོས་བརྒྱད་པོ་དེ་ལས་རྙེད་པ་དང
2118	terminal-particle	35		མ་རྙེད་པ་དང༌། གྲགས་པ་མ་ཡིན་པ་དང༌། སྡུག་བསྔལ་དང༌། སྨད་པ་སྟེ་བཞི་ནི་བདག་ཉིད་དང་བདག
2119	terminal-particle	27		དེ་ལྟར་འདོད་པའི་ཆོས་བརྒྱད་ལ་བླང་དོར་དུ་ཀུན་ནས་ཞེན་པ་འདིས་ནི་སྡུག་བསྔལ་དང་ཉེས་པ་ཐ
2120	ordinal-open	11		གཉིས་པ་རྙེད་ཀྱང་ངོམས་པ་མེད་པར་བསྟན་པ་ནི།
2121	verse-stanza	25		དེ་བས་རྣམ་པར་རྨོངས་པའི་ཡིད།།↵གང་དང་གང་ལ་ཆགས་གྱུར་པ།།↵དེ་དང་དེ་བསྡོངས་སྟོང་འགྱུར་
2122	line-end	175		ཞེས་གསུངས་ཏེ། དེའི་ཕྱིར་བདག་ཉིད་རྣམ་ཐོས་ཀྱི་བུའི་ལོངས་སྤྱོད་ལྟ་བུའི་རྙེད་པ་ཐོབ་ཅ
2123	verse-stanza	13		རི་བོ་གསེར་དུ་གྱུར་ན་ཡང༌།།↵གཅིག་གི་ནོར་དུའང་མི་ཆོག་སྟེ།།
2124	line-end	85		ཞེས་པ་ལྟར། རྙེད་བཀུར་ཇི་ཙམ་འཕེལ་བ་དེ་ཙམ་བརྒྱ་སྟོང་དུ་བསྒྱུར་བའི་སྲེད་ཞེན་དང༌། དེ
2125	ordinal-open	10		གསུམ་པ་རྙེད་སོགས་མི་རྟག་པར་བསྟན་པ་ནི།
2126	verse-stanza	25		དེ་བས་མཁས་པས་ཆགས་མི་བྱ།།↵ཆགས་པ་ལས་ནི་འཇིགས་པ་སྐྱེ།།↵འདི་དག་རང་བཞིན་འདོར་འགྱུར་བར
2127	line-end	38		ཞེས་གསུངས་ཏེ། རྙེད་བཀུར་དེ་ལྟ་བུ་ཐོབ་ཀྱང་རྟག་པ་མ་ཡིན་ཏེ། རིང་པོར་མི་ཐོགས་པར་དེ་ད
2128	ordinal-open	14		བཞི་པ་རྙེད་སོགས་བདག་གི་རྗེས་སུ་མི་འབྲང་བར་བསྟན་པ་ནི།
2129	verse-stanza	25		རྙེད་པ་དག་ནི་མང་བྱུང་ཞིང༌།།↵གྲགས་དང་སྙན་པ་བྱུང་གྱུར་ཀྱང༌།།↵རྙེད་དང་གྲགས་པའི་ཚོགས
2130	terminal-particle	64		ཞེས་གསུངས་ཏེ། དེའི་ཚེ་བདག་གི་རྙེད་བཀུར་དང༌། བསྟོད་གྲགས་དེ་དག་ནི་རྨི་ལམ་ན་ནོར་བུ་
2131	ordinal-open	12		ལྔ་པ་བསྟོད་སྨད་ལ་སྙིང་པོ་མེད་པར་བསྟན་པ་ནི།
2132	verse-stanza	25		བདག་ལ་སྨོད་པ་གཞན་ཡོད་ན།།↵བསྟོད་པས་བདག་དགར་ཅི་ཞིག་ཡོད།།↵བདག་ལ་བསྟོད་པ་གཞན་ཡོད་ན།།
2133	terminal-particle	292		ཅེས་གསུངས་ཏེ། ཁྱད་པར་བསྟོད་སྨད་ནི། སྒྲ་ཙམ་དང༌། མིང་ཚིག་དང༌། ཡི་གེའི་ཚོགས་པ་ཙམ་ཡི
2134	ordinal-open	22		བཞི་པ་འདུ་འཛིའི་ཉེས་པ་ལ་གསུམ། སེམས་ཅན་མགུ་མི་ནུས་པར་བསྟན་པ། དེའི་རྒྱུ་མཚན་བརྗོད་
2135	ordinal-open	3		དང་པོ་ནི།
2136	verse-stanza	25		སེམས་ཅན་མོས་པ་སྣ་ཚོགས་པ།།↵རྒྱལ་བས་ཀྱང་ནི་མ་མགུ་ན།།↵བདག་འདྲ་ངན་པས་སྨོས་ཅི་དགོས།།↵
2137	terminal-particle	217		ཞེས་གསུངས་ཏེ། དེ་ཡང་སེམས་ཅན་རྣམས་ནི་བསམ་པ་སྣ་ཚོགས་པས་མོས་པ་ཐ་དད་པ་བསམ་གྱིས་མི་ལང
2138	terminal-particle	12		ཞེས་དང༌། འདི་ནི་སྒྱུ་མ་སྟེ་བདེན་པའི་དངོས་པོ་མེད་དོ།།
2139	line-end	65		ཞེས་དང༌། འདིའི་སྒྱུ་མས་འཇིག་རྟེན་སླུས་སོ་ཞེས་སོགས་ཀྱང་སྒྲོག་པར་བྱེད་ན་བདག་ཅག་བྱི
2140	verse-stanza	28		ལྷའི་བུ་དང་བུ་མོའི་ཚོགས་པ་བཞིན་ནོ།།↵གཉིས་པ་དེའི་རྒྱུ་མཚན་བརྗོད་པ་ནི།↵སེམས་ཅན་རྙེ
2141	verse-stanza	13		རང་བཞིན་འགྲོགས་དཀའ་དེ་དག་གིས།།↵དགའ་བ་ཇི་ལྟར་སྐྱེ་བར་འགྱུར།།
2142	terminal-particle	25		ཞེས་གསུངས་ཏེ། ཡང་རྙེད་བཀུར་དང་མི་ལྡན་པ་ལ་ནི་སེམས་ཅན་རྣམས་བརྙས་པར་བྱེད་དེ། བསོད་ན
2143	line-end	34		ཞེས་སོགས་ཀྱིས་བརྙས་ཤིང་སྡང་བ་དང་ལྟར་མི་འདོད་པར་བྱེད་ལ། རྙེད་བཀུར་གྱིས་འབྱོར་བ་དག
2144	verse-stanza	25		ཐམས་ཅད་མགུ་བའི་སྤྱོད་པ་ངས་མ་ཤེས།།↵བདག་གི་སྤྱོད་ལམ་ཇི་ལྟར་བྱས་ན་ཡང༌།།↵ངན་པའི་སྙད་
2145	line-end	42		ཞེས་པ་ལྟ་བུ་ཁོ་ན་ཡིན་ཏེ། དཔེར་ན། ཚེར་མ་དང་ཟྭ་ཚོད་ནི་རང་བཞིན་གྱིས་འགྲོགས་པར་དཀའ་ཞ
2146	ordinal-open	7		གསུམ་པ་ལུང་དང་སྦྱར་བ་ནི།
2147	verse-stanza	25		གང་ཕྱིར་བྱིས་པ་རང་དོན་ནི།།↵མེད་པར་དགའ་བ་མི་འབྱུང་བས།།↵བྱིས་དང་བཤེས་ལ་དགའ་མེད་ཅེས
2148	line-end	251		ཞེས་གསུངས་ཏེ། བྱིས་པ་དེ་དག་གིས་བདག་ཉིད་ཀྱི་དོན་གྱི་མཆོག་ཚད་མེད་པ་ཡིན་ཡང་གནས་སྐབས
2149	verse-stanza	17		རབ་ཏུ་སྨྲ་སྟེ་འདི་ནི་བྱིས་པའི་ཆོས།།↵དོན་དེ་རྣམ་པར་རིག་ནས་ཡིད་མི་རྟོན།།
2150	line-end	2		ཞེས་དང༌།
2151	verse-stanza	33		བྱིས་པ་ཇི་ལྟར་ཡུན་རིང་ལེགས་བསྟེན་ཡང༌།།↵དེ་དག་ཕྱིར་ཞིང་མི་མཛའ་དགྲར་འགྱུར་ཞེས།།↵བྱ
2152	line-end	2		ཅེས་དང༌།
2153	verse-stanza	32		འདི་དག་བདག་ལ་གནོད་སེམས་ལྡན་པའོ་ཞེས།།↵མཁས་པ་བྱིས་པ་རྣམས་དང་རྩོད་མི་བྱེད།།↵བསྟི་བས
2154	ordinal-open	39		ལྔ་པ་དབེན་པའི་ཡོན་ཏན་ལ་ལྔ། གྲོགས་འགྲོགས་བདེ་བ་དང༌། གནས་རང་དབང་ཐོབ་པ་དང༌། ཡོ་བྱད་
2155	ordinal-open	3		དང་པོ་ནི།
2156	verse-stanza	25		ནགས་ན་རི་དྭགས་བྱ་རྣམས་དང༌།།↵ཤིང་རྣམས་མི་སྙན་བརྗོད་མི་བྱེད།།↵འགྲོགས་ན་བདེ་བ་དེ་དག
2157	terminal-particle	120		ཞེས་གསུངས་ཏེ། དེ་ཡང་གང་ན་ལྗོན་ཤིང་གི་ཚོགས་པ་ཡོད་པ་ལ་ནགས་ཚལ་ཞེས་བྱ་མོད་ཀྱང༌། རྒྱ་
2158	terminal-particle	42		དེ་དག་ན་ནི་སྐྱེ་བོའི་རྒྱུན་ལུགས་ཀྱིས་དབེན་པས་བྱ་དང་རི་དྭགས་དང་ལྗོན་ཤིང་ལ་སོགས་པ་
2159	terminal-particle	107		ཅི་དེ་དག་ན་གཅན་གཟན་གཏུམ་པོ་དག་ཡོད་པས་དེ་དག་ནི་འགྲོགས་ན་བདེ་བ་མ་ཡིན་ནོ་སྙམ་ན། དེ་
2160	ordinal-open	8		གཉིས་པ་གནས་རང་དབང་ཐོབ་པ་ནི།
2161	verse-stanza	24		ཕུག་གམ་ལྷ་ཁང་སྟོང་པའམ།།↵ལྗོན་ཤིང་དྲུང་དུ་གནས་བཅས་ཏེ།།↵ནམ་ཞིག་རྒྱབ་ཏུ་མི་ལྟ་ཞིང༌།
2162	verse-stanza	25		ས་ཕྱོགས་བདག་གིར་བཟུང་མེད་པ།།↵རང་བཞིན་གྱིས་ནི་ཡངས་རྣམས་སུ།།↵རང་དབང་སྤྱོད་ཅིང་ཆགས་
2163	terminal-particle	142		ཞེས་གསུངས་ཏེ། དེ་དག་ཏུ་བྲག་གི་ཕུག་གམ་བྱ་སྐྱིབས་སོགས་དང༌། སྔོན་ཚངས་པ་ལ་སོགས་པའི་ག
2164	ordinal-open	9		གསུམ་པ་ཡོ་བྱད་རྙེད་སྲུང་སླ་བ་ནི།
2165	verse-stanza	25		ལྷུང་བཟེད་ལ་སོགས་ཉི་ཚེ་དང༌།།↵ཀུན་ལ་མི་མཁོའི་གོས་འཆང་ཞིང༌།།↵ལུས་འདི་སྦ་བར་མ་བྱས་ཀ
2166	line-end	120		ཞེས་གསུངས་ཏེ། ནང་པའི་རབ་བྱུང་ལ་ལྷུང་བཟེད་དང༌། དཀའ་ཐུབ་པ་གཞན་ལ་སློང་ཕོར་ལ་སོགས་པར
2167	verse-stanza	25		ཆོག་ཤེས་དེས་པའི་བདག་ཉིད་ཅན།།↵འཚོ་བ་གང་ནའང་བཙལ་མི་དཀའ།།↵རྩྭ་དང་ལོ་མ་ཆུ་ནི་གནས།།↵ག
2168	terminal-particle	56		ཞེས་གསུངས་པ་ལྟར་སྤྱོད་ཅིང༌། དབེན་པའི་གནས་དེ་ལྟ་བུ་ན་ནི་རང་ཉིད་གཅིག་པུར་ཟད་པའི་ཕྱ
2169	line-end	43		དེ་ལྟར་གནས་སུའི་ཡང་མ་ཡིན་པ་རྣམས་སུ་ཟས་གོས་གང་བྱུང་གིས་ཆོག་ཤེས་པས་གཡེང་བ་མེད་པར་ག
2170	verse-stanza	13		རང་དབང་ཐམས་ཅད་བདེ་བ་སྟེ།།↵གཞན་དབང་ཐམས་ཅད་སྡུག་བསྔལ་ཡིན།།
2171	terminal-particle	33		ཞེས་བཀའ་བསྩལ་བ་ལྟར། བདག་ཀྱང་གནས་དེ་ལྟ་བུར་ནམ་ཞིག་ན་སྤྱོད་པ་དེས་གནས་པར་འགྱུར་ཞིག་
2172	ordinal-open	17		བཞི་པ་རྐྱེན་གྱིས་བརྩོན་འགྲུས་འཕྲལ་དུ་སྐྱེ་བ་ནི། དུར་ཁྲོད་སོང་ནས་གཞན་དག་གི།
2173	verse-stanza	19		རུས་གོང་དག་དང་བདག་གི་ལུས།།↵འཇིག་པའི་ཆོས་ཅན་དག་ཏུ་ནི།།↵ནམ་ཞིག་མགོ་སྙོམ་བྱེད་པར་འག
2174	line-end	74		ཞེས་གསུངས་ཏེ། དགོན་པའི་གནས་དེ་དག་ནི་དུར་ཁྲོད་དང་ཡང་མི་རིང་བ་ཡིན་ལ། གང་དུ་མི་རྣམས
2175	verse-stanza	25		བདག་གི་ལུས་ནི་འདི་ཉིད་ཀྱང༌།།↵གང་གི་དྲི་ཡིས་ཝ་དག་ཀྱང༌།།↵དྲུང་དུ་ཉེར་འགྲོ་མི་འགྱུར
2176	line-end	44		ཞེས་གསུངས་ཏེ། ལུས་མཛེས་ཤིང་བྱི་དོར་བྱས་པ་རྣམས་ཀྱང་གཅེར་བུར་ཕྱུང་བ་ན་འཇིགས་སུ་རུང
2177	verse-stanza	25		ལུས་འདི་གཅིག་པུ་བྱུང་བ་ཡང༌།།↵ལྷན་ཅིག་སྐྱེས་པའི་ཤ་རུས་དག།↵ཞིག་སྟེ་སོ་སོར་འགྱེས་འག
2178	line-end	42		ཞེས་གསུངས་ཏེ། འདི་ལྟར་ལྷན་ཅིག་ཏུ་བྱུང་བའི་ཤ་རུས་ཀྱང་འགྱེས་ཤིང་རུས་ཚིགས་རེ་ཡང་རྡུ
2179	verse-stanza	25		སྐྱེ་ནའང་གཅིག་པུ་སྐྱེ་འགྱུར་ཞིང༌།།↵འཆི་ནའང་དེ་ཉིད་གཅིག་འཆི་སྟེ།།↵སྡུག་བསྔལ་སྐལ་ག
2180	line-end	91		ཞེས་གསུངས་ཏེ། རོའི་རྗེས་སུ་འབྲང་བའི་བུ་ལ་སོགས་པ་དག་མྱ་ངན་དང་ངུད་མོ་ཆེར་བྱེད་ཀྱང་
2181	verse-stanza	25		ལམ་དག་ཏུ་ནི་ཞུགས་པ་རྣམས།།↵ཇི་ལྟར་གནས་ནི་འཛིན་བྱེད་ལྟར།།↵དེ་བཞིན་སྲིད་པའི་ལམ་ཞུགས
2182	terminal-particle	68		ཞེས་གསུངས་ཏེ། མགྲོན་པོ་རྣམས་ལམ་དུ་ཞུགས་པ་ན་ཞག་སའི་གནས་སྔ་མ་སྔ་མ་འདོར་ཞིང་ཕྱི་མ་ཕ
2183	ordinal-open	12		ལྔ་པ་མ་ཆགས་ཤིང་གཡེང་བ་མེད་པར་བསྟན་པ་ནི།
2184	verse-stanza	25		འཇིག་རྟེན་ཀུན་ནས་གདུང་བཞིན་དུ།།↵ཇི་སྲིད་སྐྱེས་བུ་བཞི་ཡིས་ནི།།↵དེ་ལས་དེ་ནི་མ་བཏེག
2185	line-end	128		ཞེས་གསུངས་ཏེ། དེས་ན་ལུས་སྙིང་པོ་མེད་པ་དང༌། ཚེ་ངེས་པ་མེད་པ་དང༌། འཆི་བའི་རྐྱེན་མང་
2186	verse-stanza	25		བཤེས་མེད་འཁོན་པའང་མེད་བྱས་ནས།།↵ལུས་འདི་གཅིག་པུ་དབེན་གནས་ཏེ།།↵སྔ་ནས་ཤི་དང་འདྲར་བར
2187	verse-stanza	25		དྲུང་ན་འཁོད་པ་སུ་དག་ཀྱང༌།།↵མྱ་ངན་གནོད་པ་བྱེད་མེད་པས།།↵འདི་ཡི་སངས་རྒྱས་རྗེས་དྲན་ས
2188	line-end	13		ཅེས་གསུངས་ཏེ། ཅི་ནགས་སུ་འཆི་བ་དེ་མི་འབྱུང་ངམ་ཞེ་ན།
2189	verse-stanza	33		གང་དུ་ཕྱིན་ཡང་འཆི་བས་མི་ཚུགས་པའི།།↵ས་ཕྱོགས་དེ་ནི་གང་ནའང་ཡོད་མིན་ཏེ།།↵ནམ་མཁའ་ལ་མེ
2190	terminal-particle	75		ཅེས་གསུངས་པ་ལྟར། འཆི་བ་ནི་གར་ཡང་འབྱུང་མོད་ཀྱང་འཆི་ཚུལ་ལ་ཁྱད་པར་ཆེ་སྟེ། གྲོང་ལ་སོ
2191	line-end	155		དབེན་པར་ཤི་བ་ནི་དེ་ལྟ་བུ་མ་ཡིན་ཏེ་དགྲ་གཉེན་སུ་ཡང་མེད་པས་ཆགས་སྡང་གི་ཡུལ་མེད། གཙུག
2192	verse-stanza	25		དེ་བས་ཤིན་ཏུ་མདངས་དགའ་བའི།།↵ནགས་ཚལ་ཚེགས་ཆུང་བདེ་སྐྱིད་ཅིང༌།།↵གཡེང་བ་ཐམས་ཅད་ཞི་བྱ
2193	line-end	96		ཞེས་གསུངས་ཏེ། དེས་ན་རྣམ་པར་གཡེང་བ་ཐམས་ཅད་དོར་ཏེ་སྐྱེ་བོའི་རྒྱུན་ལུགས་ཀྱིས་དབེན་པ
2194	verse-stanza	25		མང་དུ་ཐོས་ལ་ང་རྒྱལ་མེད།།↵དཀའ་ཐུབ་ཅན་ལ་གཏོང་བར་ལྡན།།↵དབེན་པར་གནས་ལ་ཆོག་ཤེས་པ།།↵འད
2195	line-end	4		ཞེས་དང༌། བཤེས་སྤྲིང་ལས།
2196	verse-stanza	33		ནོར་རྣམས་ཀུན་གྱི་ནང་ན་ཆོག་ཤེས་པ།།↵རབ་མཆོག་ལགས་པར་ལྷ་མིའི་སྟོན་པས་གསུངས།།↵ཀུན་ཏུ་
2197	line-end	2		ཞེས་དང༌།
2198	verse-stanza	19		ཆོག་ཤེས་བདེ་སྤྱོད་གང་ཡིན་པ།།↵དབང་པོས་ཀྱང་ནི་དེ་རྙེད་དཀའ།།↵ཞེས་འཆད་པར་འགྱུར་བའི་ཕ
2199	line-end	86		འདིར་དོགས་པའི་གནས་འདི་ཡོད་དེ། ཤེར་ཕྱིན་གྱི་མདོ་ལས། སེམས་དབེན་པ་གཙོ་བོར་གསུངས་པ་མ
2200	verse-stanza	41		གང་ཞིག་དཔག་ཚད་ལྔ་བརྒྱ་ཡོད་པའི་རི་ཡི་སུལ།།↵སྦྲུལ་གྱི་གང་བར་ལོ་མང་བྱེ་བར་གནས་བྱེད་
2201	line-end	2		ཞེས་དང༌།
2202	verse-stanza	31		གང་ཞིག་གྲོང་ངམ་འོན་ཏེ་དགོན་པར་གནས་ཀྱང་རུང༌།།↵ཐེག་པ་གཉིས་ཀྱི་སེམས་བྲལ་བྱང་ཆུབ་མཆོ
2203	line-end	2		ཞེས་དང༌།
2204	verse-stanza	41		རྟག་ཏུ་གྲོང་དང་ཡུལ་འཁོར་གྲོང་རྡལ་གནས་བྱེད་ཅིང༌།།↵སེམས་ཅན་སྨིན་བྱེད་བྱང་ཆུབ་བརྩོན
2205	line-end	69		ཞེས་བྱང་ཆུབ་ཀྱི་སེམས་དང་མ་བྲལ་བ་ལ་སེམས་ཀྱི་དབེན་པར་གསུངས་ནས་དེ་བསྔགས་པའི་སྐབས་ཡི
2206	verse-stanza	33		གྲོང་དང་གྲོང་ཁྱེར་དག་ལ་དགའ་སྤོངས་ལ།།↵རྟག་ཏུ་དབེན་པའི་ནགས་ཁྲོད་བསྟེན་པར་གྱིས།།↵བས
2207	line-end	23		ཞེས་གསུངས་ཤིང༌། ཤེར་ཕྱིན་ཉིད་ལས་ཀྱང༌། ཤེས་རབ་ཀྱི་ཕ་རོལ་ཏུ་ཕྱིན་པ་སྒོམ་པར་འདོད་པས
2208	verse-stanza	13		བས་མཐའི་གནས་ལ་བསྟེན་པར་བྱའོ།།↵ཞེས་གསུངས་པ་ལྟ་བུ་བཞིན་ནོ།།
2209	line-end	8		དེ་ལྟར་འཇིག་རྟེན་སྤོང་བ་བཤད་ནས།
2210	ordinal-open	21		གསུམ་པ་རྣམ་རྟོག་སྤོང་ཚུལ་ལ་གཉིས། འདོད་པ་ལ་སྐྱོ་བ་སྐྱེད་པ་དང༌། དབེན་པ་ལ་དགའ་བ་སྐྱ
2211	ordinal-open	28		དང་པོ་ལ་གསུམ། ནང་སེམས་ཅན་ལ་ཆགས་པ་སྤང་བ་དང༌། ཕྱི་ཡོ་བྱད་ལ་ཆགས་པ་སྤང་བ་དང༌། གཉི་གའ
2212	ordinal-open	25		དང་པོ་ལ་གསུམ། འབྲས་བུ་འཇིགས་སུ་རུང་བར་བསྟན་པ། རང་བཞིན་མི་གཙང་བར་བསྟན་པ། སྒྲུབ་པའ
2213	ordinal-open	3		དང་པོ་ནི།
2214	verse-stanza	25		བསམ་པ་གཞན་ནི་ཀུན་བཏང་སྟེ།།↵བདག་ལ་སེམས་པ་གཅིག་པུ་ཡིས།།↵སེམས་ནི་མཉམ་པར་བཞག་ཕྱིར་དང
2215	line-end	101		ཞེས་གསུངས་ཏེ། དེ་ཡང་དབེན་པའི་ཡོན་ཏན་དེ་ལྟ་བུ་རིག་ནས་འཇིག་རྟེན་པའི་བསམ་པ་ཐམས་ཅད་ལ
2216	verse-stanza	24		རྩེ་གཅིག་ཏུ་བརྩོན་པར་བྱའོ།།↵འཇིག་རྟེན་འདི་དང་ཕ་རོལ་ཏུའང༌།།↵འདོད་པ་རྣམས་ནི་ཕུང་ཁྲ
2217	terminal-particle	96		ཕ་རོལ་ཏུ་ནི་དམྱལ་སོགས་འགྲུབ།། ཅེས་གསུངས་ཏེ། ཅིའི་ཕྱིར་འདོད་པ་ལས་བློ་ལྡོག་ཅེ་ན། ན
2218	ordinal-open	30		གཉིས་པ་རང་བཞིན་མི་གཙང་བར་བསྟན་པ་ལ་ཡང་གཉིས། དུར་ཁྲོད་ཀྱི་ཆོས་ཀྱིས་མི་གཙང་བར་བསྟན་
2219	ordinal-open	20		དང་པོ་ལ་གསུམ། ཀེང་རུས་སུ་ལྟ་བ། བྱ་གཅན་གྱི་ཁ་ཟས་སུ་ལྟ་བ། རོ་ལངས་ལྟ་བུར་ལྟ་བའོ།།
2220	ordinal-open	3		དང་པོ་ནི།
2221	verse-stanza	25		ཕོ་ཉ་ཕོ་ཉ་མོ་ལས་སྔོན།།↵གང་ཕྱིར་དུ་མར་གསོལ་བཏབ་ཅིང༌།།↵སྡིག་པ་རྣམས་སམ་གྲགས་མིན་ལའང
2222	verse-stanza	25		འཇིགས་པ་ལ་ཡང་བདག་ཞུགས་ཤིང༌།།↵རྫས་ཀྱང་ཟད་པར་བྱས་གྱུར་ཏེ།།↵གང་ལ་ཡོངས་སུ་འཁྱུད་པ་ན།
2223	verse-stanza	19		ཀེང་རུས་ཉིད་ཡིན་གཞན་མིན་ན།།↵རང་དབང་དང་ནི་བདག་མིན་ལ།།↵རབ་ཏུ་འདོད་ཅིང་ཡོངས་ཞེན་ནས།
2224	terminal-particle	223		ཅི་ཕྱིར་མྱ་ངན་འདས་མི་འགྲོ། ཞེས་གསུངས་ཏེ། ཅི་འདོད་པའི་ཁམས་ཀྱི་བདེ་བའི་མཆོག་ནི་ཡུལ
2225	terminal-particle	61		སེམས་ཅན་འདི་དག་བདག་གམ་བདག་གི་བ་ལ་ཞེན་ཞིང་ཆགས་པར་ནི་མཐོང་མོད་ཀྱང་གང་ལ་ཆགས་པའི་ཡུལ
2226	ordinal-open	71		གཉིས་པ་བྱ་གཅན་གྱི་ཁ་ཟས་སུ་ལྟ་བ་ནི། གང་ཞིག་དང་པོ་འབད་དེ་བཏེག། དྲངས་ཀྱང་ངོ་ཚས་འོག་
2227	verse-stanza	13		སྔོན་ནི་མཐོང་ངམ་མ་མཐོང་ཡང༌།།↵གོས་ཀྱིས་གདོང་ནི་གཡོགས་པར་གྱུར།།
2228	line-end	70		ཞེས་གསུངས་ཏེ། རྒྱ་གར་ན་ཡུལ་བཅོམ་བརླག་པ་རྣམས་རིགས་ཀྱི་བུད་མེད་ཀྱི་གདོང་རྟག་ཏུ་སེང
2229	verse-stanza	25		ཁྱོད་ཉོན་མོངས་པའི་གདོང་དེ་ནི།།↵ད་ལྟ་མངོན་སུམ་གྱུར་པ་བཞིན།།↵བྱ་རྒོད་ཀྱིས་བསལ་བྱས་
2230	line-end	160		ཅེས་གསུངས་ཏེ། དེ་ཙམ་གྱིས་འདོད་པ་དག་ནི་ཚྭ་ཆུ་འཐུངས་པ་འདྲ་བའི་ཕྱིར། མཐོང་བར་འདོད་པ
2231	verse-stanza	25		གཞན་རྣམས་མིག་གིས་བལྟ་ན་ཡང༌།།↵གང་ཞིག་ཡོངས་སུ་བསྲུངས་གྱུར་པ།།↵ཇི་སྲིད་དེ་ནི་དེ་ཟ་ན
2232	line-end	67		ཞེས་གསུངས་ཏེ། སྔོན་ནི་སྐྱེས་པ་གཞན་གྱིས་མིག་ཟུར་ཙམ་ལྟ་བ་ལ་ཡང་མིག་སེར་གྱིས་ཁྲོ་ཞིང
2233	verse-stanza	24		ཤ་ཡི་ཕུང་པོ་འདི་མཐོང་ནས།།↵བྱ་རྒོད་དང་གཞན་ཟ་བྱེད་ན།།↵གཞན་གྱི་ཟས་ལ་མེ་ཏོག་གི།↵ཕྲེང
2234	quote-close	103		ཅེས་གསུངས་ཏེ། གལ་ཏེ་ཤི་བའི་རོ་ནི་བྱ་གཅན་གྱིས་ཟ་བ་འཇིག་རྟེན་ན་ཆོས་ཉིད་ཡིན་པས་མི་ས
2235	ordinal-open	9		གསུམ་པ་རོ་ལངས་ལྟ་བུར་ལྟ་བ་ནི།
2236	verse-stanza	25		རུས་གོང་ཉིད་དུ་མཐོང་ནས་ནི།།↵མི་འགུལ་ཡང་ནི་ཁྱོད་སྐྲག་ན།།↵རོ་ལངས་གཞན་དུ་འགའ་ཡིས་ཀྱ
2237	verse-stanza	25		གང་ལ་གཡོགས་ཀྱང་འདི་ཆགས་ན།།↵དེ་མ་གཡོགས་ཚེ་ཅིས་མི་འདོར།།↵དེ་ལ་དགོས་པ་མེད་ན་ནི།།↵གཡ
2238	terminal-particle	123		ཅེས་གསུངས་ཏེ། སྔོན་ཆགས་པའི་གནས་ཡིན་ཡང་རོའི་གནས་སྐབས་སུ་འཇིགས་པར་ལྟ་བ་འཇིག་རྟེན་ག
2239	ordinal-open	38		གཉིས་པ་གསོན་པ་ཉིད་ན་མི་གཙང་བར་བསྟན་པ་ལ་གསུམ། མི་གཙང་བ་ཐམས་ཅད་ཀྱི་འབྱུང་གནས་ལུས་ཡ
2240	ordinal-open	3		དང་པོ་ནི།
2241	verse-stanza	25		ཟས་ནི་གཅིག་པུ་ཉིད་ལས་ནི།།↵བཤང་དང་ཁ་ཆུ་འབྱུང་གྱུར་ན།།↵དེ་ལས་བཤང་ལ་མི་དགའ་ཞིང༌།།↵ཁ
2242	line-end	81		ཞེས་གསུངས་ཏེ། དེ་ལྟ་མོད་ཀྱི་ཆགས་པས་ཤིན་ཏུ་རྨོངས་པ་ཁྱོད་ནི་ཆགས་ཡུལ་སྐྱེས་པའམ། བུད
2243	verse-stanza	25		ཤིང་བལ་རེག་ན་འཇམ་པ་ཡི།།↵སྔས་ལའང་དགའ་བར་མི་བྱེད་པར།།↵དྲི་ང་འཛག་པ་མ་ཡིན་ཞེས།།↵འདོད
2244	verse-stanza	25		འདོད་ལྡན་ངན་པ་རྨོངས་པ་རྣམས།།↵ཤིང་བལ་རེག་ན་འཇམ་པ་ལའང༌།།↵ཉལ་པོ་བྱ་བར་མི་ནུས་ཞེས།།↵
2245	line-end	74		ཅེས་གསུངས་ཏེ། གལ་ཏེ་རེག་བྱ་འཇམ་པ་དང་རྙི་བ་ཙམ་འདི་ལ་དགའ་འོ་ཞེ་ན། འོ་ན་ཨརྫྷུན་ལར་ས
2246	verse-stanza	25		གལ་ཏེ་མི་གཙང་ཆགས་མེད་ན།།↵རུས་གཟེབ་རྒྱུས་པས་སྦྲེལ་བ་ལ།།↵ཤ་ཡི་འདམ་གྱིས་ཞལ་ཞལ་བྱས།།
2247	line-end	321		ཅེས་གསུངས་ཏེ། གལ་ཏེ་བཤང་གཅི་ནི་མི་གཙང་ཞིང་དྲི་ང་བས་མི་འདོད་དོ་ཞེ་ན། སོ་ཡང་བཙོག་པ
2248	verse-stanza	25		ཁྱོད་ཉིད་མི་གཙང་མང་ཡོད་པ།།↵དེ་ཉིད་ལ་ཁྱོད་བརྟན་སྤྱོད་ཅིང༌།།↵མི་གཙང་རྐྱལ་བ་གཞན་དག་
2249	line-end	58		ཅེས་གསུངས་ཏེ། ཁྱོད་ཉིད་ཀྱི་ལུས་ཀྱང་འདི་ཁོ་ན་སྟེ་མི་གཙང་བ་ཐམས་ཅད་ཀྱི་འབྱུང་གནས་སུ
2250	verse-stanza	25		བདག་ནི་ཤ་འདི་ལ་དགའ་ཞེས།།↵རེག་དང་ལྟ་བར་འདོད་ན་ཀོ།↵སེམས་མེད་པ་ཡི་རང་བཞིན་གྱི།།↵ཤ་ན
2251	line-end	67		ཅེས་གསུངས་ཏེ། ཡང་ཤའི་རེག་བྱ་འཇམ་པ་འདོད་ཀྱི་ཤིང་བལ་གྱི་འཇམ་པོ་མི་འདོད་དོ་ཞེ་ན། དེ
2252	verse-stanza	25		འདོད་པའི་སེམས་གང་ཡིན་པ་དེ།།↵རེག་དང་བལྟ་བར་མི་ནུས་ལ།།↵གང་ཞིག་ནུས་དེ་ཤེས་པ་མིན།།↵ད
2253	line-end	81		ཞེས་གསུངས་ཏེ། ཡང་སེམས་དང་བཅས་པའི་ཤ་ལ་རེག་པར་འདོད་ཀྱི་སེམས་མེད་པའི་ཤ་ལ་མ་ཡིན་ནོ་ཞ
2254	verse-stanza	25		མི་གཙང་རང་བཞིན་གཞན་གྱི་ལུས།།↵མི་རྟོགས་ངོ་མཚར་མི་ཆེ་ཡི།།↵རང་ཉིད་མི་གཙང་ཉིད་ཡིན་པར
2255	terminal-particle	93		ཞེས་གསུངས་ཏེ། དེ་ལྟ་མོད་ཀྱི་གཞན་གྱི་ལུས་ཀྱི་མི་གཙང་བ་མི་ཤེས་པ་སྲིད་མོད་ཀྱང་རང་གི
2256	ordinal-open	8		གཉིས་པ་དེ་རིགས་པས་སྒྲུབ་པ་ནི།
2257	verse-stanza	24		སྤྲིན་བྲལ་ཉི་ཟེར་གྱིས་ཕྱེ་བའི།།↵པདྨ་གཞོན་ནུ་སྤངས་ནས་ནི།།↵མི་གཙང་ཞེན་པའི་སེམས་ཀྱི
2258	line-end	34		ཞེས་གསུངས་ཏེ། དེས་ན་ཉི་ཟེར་དྭངས་པས་ཕྱེ་བའི་པདྨ་གཞོན་ནུ་ཁ་དོག་རྒྱས་ཤིང་དྲི་བཟང་བ་
2259	verse-stanza	25		ས་ཕྱོགས་མི་གཙང་གིས་གོས་པ།།↵གལ་ཏེ་རེག་པར་མི་འདོད་ན།།↵གང་ལས་དེ་ནི་བྱུང་བ་ཡི།།↵ལུས་
2260	line-end	54		ཅེས་གསུངས་ཏེ། བཤང་གཅི་དང་ངར་སྣབས་སོགས་ཅུང་ཟད་ལྷུང་བའི་ས་ཕྱོགས་ཀྱང་བཙོག་གོ་ཞེས་སྐ
2261	verse-stanza	25		གཞན་ཁྱོད་ཅི་ཕྱིར་པང་དུ་འཁྱུད།།↵མི་གཙང་ལས་བྱུང་མི་གཙང་སྲིན།།↵ཆུང་ངུའང་ཁྱོད་འདོད་མ
2262	verse-stanza	19		དེ་ཡི་ས་བོན་དེས་བསྐྱེད་པ།།↵མི་གཙང་མང་གི་རང་བཞིན་ལུས།།↵མི་གཙང་སྐྱེས་པའང་འདོད་པར་བ
2263	line-end	101		ཅེས་གསུངས་ཏེ། ས་ཕྱོགས་མི་གཙང་བས་ཅུང་ཟད་གོས་པ་འདོར་བ་འདི་དང་མི་གཙང་བའི་ཁྲོད་ཀྱི་ས
2264	verse-stanza	25		ཁྱོད་ནི་རང་ཉིད་མི་གཙང་ལ།།↵སྨོད་མི་བྱེད་པར་མ་ཟད་ཀྱི།།↵མི་གཙང་རྐྱལ་པ་མི་གཙང་ལ།།↵བར
2265	line-end	2		ཅེས་དང༌།
2266	verse-stanza	25		ག་པུར་ལ་སོགས་ཡིད་འོང་དང༌།།↵འབྲས་ཆན་དག་གམ་ཚོད་མའང་རུང༌།།↵ཁར་བཅུག་ཕྱིར་ཕྱུང་བོར་བ་
2267	line-end	50		ཞེས་གསུངས་ཏེ། རིགས་པ་གཞན་ཡང་ག་པུར་དང་ཙནྡན་ལ་སོགས་པ་དྲི་ཞིམ་པ་དང་འབྲས་ཆན་སོགས་རོ་
2268	verse-stanza	25		གལ་ཏེ་མི་གཙང་འདི་འདྲ་བ།།↵མངོན་སུམ་གྱུར་ཀྱང་ཐེ་ཚོམ་ན།།↵དུར་ཁྲོད་དག་ཏུ་བོར་བའི་ལུས
2269	line-end	29		ཞེས་གསུངས་ཏེ། འོན་ཏེ་ད་དུང་ཡིད་མི་ཆེས་ན་དུར་ཁྲོད་དུ་སོང་ལ་སྐྱེས་པ་དང་བུད་མེད་ཀྱི
2270	verse-stanza	25		གང་ཞིག་པགས་པའི་ཁ་ཕྱེ་ན།།↵འཇིགས་པ་ཆེན་པོ་སྐྱེ་འགྱུར་བ།།↵ཤེས་ཀྱང་ཇི་ལྟར་དེ་ཉིད་ལ།།
2271	terminal-particle	50		ཞེས་གསུངས་ཏེ། དང་པོར་པགས་པའི་ཁ་ཕྱེ་སྟེ་དབྲལ་བ་ཙམ་གྱིས་ཀྱང་དམར་བ་དང་ཁྲག་དང་ཆུ་སེར
2272	ordinal-open	13		གསུམ་པ་གཞན་གྱི་རྒྱུས་གཞན་ལ་ཆགས་པར་མི་རིགས་པ་ནི།
2273	verse-stanza	24		ལུས་ལ་བསྐུས་པའི་དྲི་དེ་ཡང༌།།↵ཙནྡན་སོགས་ཡིན་གཞན་མིན་ན།།↵གཞན་གྱི་དྲི་དེས་གཞན་དག་ལ།
2274	line-end	106		ཅེས་གསུངས་ཏེ། གལ་ཏེ་དྲི་བྱུགས་ཤིང་རྒྱན་གྱིས་བརྒྱན་པ་ལ་ཆགས་སོ་ཞེ་ན། དྲི་དེ་ནི་ཙནྡ
2275	verse-stanza	25		གལ་ཏེ་རང་བཞིན་དྲི་ང་བས།།↵འདི་ལ་མ་ཆགས་ལེགས་མིན་ནམ།།↵འཇིག་རྟེན་དོན་མེད་སྲེད་པ་དག།↵
2276	line-end	39		ཅེས་གསུངས་ཏེ། དེས་ན་ནང་བཤང་གཅིའི་གོང་བུ་ལ་ཕྱི་དྲི་ཞིམ་པོས་བསྐུས་ཀྱང་དྲི་ཆུད་ཟོས་
2277	verse-stanza	24		འོན་ཏེ་དྲི་ཞིམ་ཙནྡན་ན།།↵ལུས་ལས་འདིར་ནི་ཅི་ཞིག་བྱུང༌།།↵གཞན་གྱི་དྲི་ཡིས་གཞན་དག་ལ།།
2278	line-end	4		ཅེས་གསུངས། དེ་བཞིན་དུ།
2279	verse-stanza	25		ལུས་ལ་བརྒྱན་པའི་རྒྱན་དེ་ཡང༌།།↵རིན་ཆེན་སོགས་ཡིན་གཞན་མིན་ན།།↵གཞན་གྱིས་མདོག་གིས་གཞན
2280	line-end	93		ཅེས་ཀྱང་དགོངས་པ་སྟེ། གསེར་དང༌། བཻཌཱུརྱ་དང༌། མུ་ཏིག་ལ་སོགས་པའི་རིན་པོ་ཆེའི་རྒྱན་ད
2281	verse-stanza	25		གལ་ཏེ་སྐྲ་སེན་རིང་བ་དང༌།།↵སོ་སྐྱ་དྲི་མར་བཅས་པ་དང༌།།↵འདམ་གྱི་དྲིས་བསྒོས་གཅེར་བུ་ས
2282	verse-stanza	13		རང་ལ་གནོད་པའི་མཚོན་འདྲ་བ།།↵དེ་འབད་ཅི་ཕྱིར་བྱི་དོར་བྱེད།།
2283	line-end	146		ཅེས་གསུངས་ཏེ། དེ་ལྟར་ཁྲུས་དང་གོས་དང་དྲི་དང་རྒྱན་དང་བཅས་པའི་ཚེ་ཡང་དེ་ཙམ་དུ་ཟད་ལ། 
2284	verse-stanza	25		བདག་ལ་རྨོངས་པའི་འབད་པ་ཡིས།།↵སྨྱོས་པས་ས་འདི་ཀུན་ཏུ་འཁྲུགས།།↵རུས་གོང་འབའ་ཞིག་མཐོང་
2285	verse-stanza	13		གཡོ་བའི་རུས་གོང་གིས་ཁྱབ་པའི།།↵གྲོང་གི་དུར་ཁྲོད་ལ་དགའ་འམ།།
2286	terminal-particle	86		ཞེས་གསུངས་ཏེ། དེ་ལྟར་དུར་ཁྲོད་དུ་ཕྱིན་པས་རུས་གོང་གི་ཚོགས་ཀྱིས་སྐྱོ་ཞིང་ཡིད་མི་འཆ
2287	ordinal-open	12		གསུམ་པ་སྒྲུབ་པའི་རྒྱུ་སྡུག་བསྔལ་ཆེ་བར་བསྟན་པ་ནི།
2288	verse-stanza	25		དེ་ལྟར་མི་གཙང་གྱུར་པ་དེའང༌།།↵རིན་མེད་པར་ནི་མི་རྙེད་དོ།།↵དེ་དོན་བསྒྲུབས་པས་ཤ་ཐང་ད
2289	terminal-particle	113		ཞེས་གསུངས་ཏེ། དེ་ལྟར་བརྟགས་ན་འཇིགས་སུ་རུང་བ་དང་མི་གཙང་བའི་བུད་མེད་དེ་ཡང་འཇིག་རྟེ
2290	ordinal-open	25		གཉིས་པ་ཕྱིའི་ཡོ་བྱད་ལ་ཆགས་པ་སྤང་བ་ལ་གཉིས། ཚེགས་ཆེན་པོས་སྒྲུབ་དགོས་པ་དང༌། སྡུག་བས
2291	ordinal-open	3		དང་པོ་ནི།
2292	verse-stanza	25		བྱིས་པ་ནོར་སྤེལ་མི་ནུས་པས།།↵དར་ལ་བབ་ན་འདི་ཅིས་བདེ།།↵ནོར་གསོག་པ་ཡིས་ཚེ་གཏུགས་ནས།།
2293	terminal-particle	36		ཞེས་གསུངས་ཏེ། དེ་བཞིན་དུ་ལོངས་སྤྱོད་ཀྱང་དེ་འདྲ་སྟེ་ལོངས་སྤྱོད་མེད་ན་དབུལ་པོ་ཞེས་
2294	line-end	430		ལོངས་སྤྱོད་ཡོད་ཀྱང་བྱིས་པའི་ཚེ་ན་ནི་ཤེད་མ་བྱེ་བས་གསོག་པ་དང་སྲུང་བ་སོགས་ལྟ་ཅི་སྨོ
2295	verse-stanza	25		འདོད་ལྡན་ངན་པ་ཁ་ཅིག་ནི།།↵ཉིན་རངས་ལས་ཀྱིས་ཡོངས་དུབ་སྟེ།།↵ཁྱིམ་དུ་འོངས་ནས་ཆད་པའི་ལ
2296	line-end	36		ཅེས་གསུངས་ཏེ། དེ་བཞིན་དུ་མེད་པ་ཚོལ་བའི་ཕྱིར་གཞན་གྱི་གླ་མི་བྱས་ཏེ་དུབ་པར་ལས་བྱེད་
2297	verse-stanza	25		ཁ་ཅིག་བྱེས་བགྲོད་ཉོན་མོངས་དང༌།།↵རིང་དུ་སོང་བའི་སྡུག་བསྔལ་ཅན།།↵བུ་སྨད་འདོད་བཞིན་བ
2298	line-end	150		ཞེས་གསུངས་ཏེ། ཁ་ཅིག་ཚོང་དང་ནོར་བུ་ལེན་པའི་ཕྱིར་རྒྱ་མཚོར་འཇུག་པ་སོགས་ཀྱིས་ཤི་བ་དང
2299	verse-stanza	25		བདག་ལ་ཕན་འདོད་རྣམ་རྨོངས་པས།།↵རང་དོན་ཉིད་དུ་བཙོངས་པ་ཡང༌།།↵དེ་མ་ཐོབ་པར་དོན་མེད་པའི
2300	line-end	66		ཞེས་གསུངས་ཏེ། བྲན་ཁ་ཅིག་རང་གི་ལུས་བཙོངས་པས་འཚོ་བར་བྱེད་ཅིང་དེས་བདེ་བར་རེ་ཡང་སླར་
2301	verse-stanza	25		ལ་ལ་རང་གི་ལུས་བཙོངས་ཤིང༌།།↵དབང་མེད་གཞན་གྱིས་བཀོལ་གྱུར་ཏེ།།↵ཆུང་མ་དག་ཀྱང་བུ་བྱུང་
2302	verse-stanza	24		འདོད་པས་བསླུས་པའི་གླེན་པ་དག།↵འཚོ་འདོད་འཚོ་བར་བྱའོ་ཞེས།།↵སྲོག་སྟོར་དོགས་བཞིན་གཡུལ
2303	line-end	38		ཅེས་གསུངས་ཏེ། ཁ་ཅིག་གིས་རྒྱལ་པོའི་ངོ་སྲུང་ཞིང་དེས་འཚོ་བ་ཐོབ་པར་འདོད་པས་ཤི་བར་དོག
2304	verse-stanza	25		འདོད་ལྡན་ལ་ལ་ལུས་ཀྱང་བཅད།།↵ཁ་ཅིག་གསལ་ཤིང་རྩེ་ལ་བཙུགས།།↵ཁ་ཅིག་མདུང་ཐུང་དག་གིས་བསྣ
2305	line-end	31		ཞེས་གསུངས་ཏེ། དེ་བཞིན་དུ་ནོར་གྱི་ཕྱིར་ཆོམ་རྐུན་སོགས་བྱས་པས་ཆད་པས་བཅད་དེ་ལུས་གཅོད
2306	verse-stanza	37		ཆུར་འཕེན་པ་སོགས་སྣ་ཚོགས་པ་མྱོང་བ་ཡོད་དོ།།↵གཉིས་པ་སྡུག་བསྔལ་གྱི་འབྱུང་གནས་སུ་བསྟན
2307	verse-stanza	17		ནོར་ལ་ཆགས་པས་གཡེངས་པར་གྱུར་པ་རྣམས།།↵སྲིད་པའི་སྡུག་བསྔལ་ལས་གྲོལ་སྐབས་མེད་དོ།།
2308	line-end	83		ཞེས་གསུངས་ཏེ། མདོར་ན་ལོངས་སྤྱོད་རྣམས་ནི་མཐོང་བའི་ཆོས་འདི་ལ་ཡང་དང་པོར་བསགས་པས་སྡུ
2309	ordinal-open	10		གསུམ་པ་ཐུན་མོང་གི་ཉེས་དམིགས་བསྟན་པ་ནི།
2310	verse-stanza	25		འདོད་ལྡན་རྣམས་ལ་དེ་ལ་སོགས།།↵ཉེས་དམིགས་མང་ལ་མནོག་ཆུང་སྟེ།།↵ཤིང་རྟ་འདྲེན་པའི་ཕྱུགས
2311	line-end	191		ཞེས་གསུངས་ཏེ། དེས་ན་ཕྱི་ནང་གི་འདོད་པ་རྣམས་ལ་ནི་དེ་དག་ལ་སོགས་པའི་ཉེས་དམིགས་མང་བས་
2312	verse-stanza	25		ཕྱུགས་ཀྱིས་བསྒྲུབས་ནའང་མི་དཀོན་པའི།།↵མནོག་ཆུང་གང་ཡིན་དེའི་དོན་དུ།།↵དལ་འབྱོར་ཕུན་
2313	verse-stanza	25		འདོད་པས་ངེས་པར་འཇིག་འགྱུར་ཞིང༌།།↵དམྱལ་ལ་སོགས་པར་ལྟུང་བྱེད་པ།།↵ཆེན་པོ་མིན་ཕྱིར་དུ
2314	line-end	312		ཞེས་གསུངས་ཏེ། རྙེད་པ་དང་བཀུར་སྟི་དང་ཟས་གོས་གནས་མལ་འཁྲིག་པ་སོགས་ནི་ངན་འགྲོ་པ་རྣམས
2315	verse-stanza	25		དེ་ཡི་བྱེ་བའི་ཆ་ཙམ་གྱི།།↵ཚེགས་ཀྱིས་སངས་རྒྱས་ཉིད་འགྲུབ་ན།།↵འདོད་ལྡན་བྱང་ཆུབ་སྤྱོད
2316	line-end	48		ཅེས་གསུངས་ཏེ། དེས་ན་མིའི་རྟེན་ལ་སྒྲུབ་པར་ནུས་ཤིང་ལྷ་དང་ཀླུ་དང་གནོད་སྦྱིན་དང་ཡི་ད
2317	verse-stanza	30		སེམས་ཀྱི་སྟོབས་ཆེན་མི་ཡིས་རྙེད་པ་གང་ཡིན་པའི།།↵ལམ་འདི་ལྷ་དང་ཀླུ་ཡིས་མི་རྙེད་ལྷ་མི
2318	line-end	3		ཞེས་གསུངས་ཤིང༌།
2319	verse-stanza	13		ལྷ་བས་ལྷག་པའི་ལུས་ཐོབ་ནས།།↵ཞེས་འཆད་པར་འགྱུར་པའི་ཕྱིར་རོ།།
2320	line-end	79		དེ་ལྟར་གནས་སྐབས་སུ་སྡུག་བསྔལ་ཞིང་འབྲས་བུ་འཇིགས་སུ་རུང་བའི་ནོར་དང་བུད་མེད་སོགས་འད
2321	verse-stanza	25		དམྱལ་སོགས་སྡུག་བསྔལ་བསམས་བྱས་ན།།↵འདོད་པ་རྣམས་ལ་མཚོན་དང་ནི།།↵དུག་དང་མེ་དང་གཡང་ས་ད
2322	terminal-particle	161		ཅེས་གསུངས་ཏེ། འཆི་བ་དང་ལུས་འཇིགས་པའི་སྡུག་བསྔལ་སྐྱེས་པ་ལ་བསམས་ན་འཕྲལ་དུ་དུག་ཆུང་
2323	terminal-particle	13		ཞེས་ལན་གཉིས་གསོལ་བ་ན། སྟོན་པས་འདི་ནི་སྦྲུལ་གདུག་དྲག་པོའོ།།
2324	terminal-particle	235		ཞེས་ལན་གཉིས་སུ་བཀའ་བསྩལ་པ། མི་ཞིག་གིས་ཐོས་ནས་སྦྲུལ་གདུག་དྲག་པོ་ནི་སྔོན་མ་མཐོང་མ་
2325	ordinal-open	16		གཉིས་པ་དབེན་པ་ལ་དགའ་བ་སྐྱེད་པ་ལ་གཉིས། མདོར་བསྟན་པ། རྒྱས་པར་བཤད་པའོ།།
2326	ordinal-open	3		དང་པོ་ནི།
2327	verse-stanza	13		དེ་ལྟར་འདོད་ལ་སྐྱོ་བྱས་ཏེ།།↵དབེན་པ་ལ་ནི་དགའ་བ་སྐྱེད།།
2328	line-end	46		ཅེས་གསུངས་ཏེ། དེས་ན་འདོད་པ་ལ་སྐྱོ་ཞིང་ཞེན་པ་ལོག་པ་ཁོ་ནས་ཀྱང་བསམ་གཏན་ཁྱད་པར་ཅན་སྐ
2329	verse-stanza	25		སེར་སྐྱ་མོ་དང་ཆུ་སྐྱར་སྦྲུལ།།↵ནགས་ན་རི་དྭགས་ཚོལ་བ་དང༌།།↵མདའ་མཁན་དང་ནི་གཞོན་ནུ་མ།
2330	verse-stanza	25		རེ་བ་ཟང་ཟིང་ཁྱིམ་སྤོང་དང༌།།↵དབེན་པའི་ནགས་སུ་གོམས་པ་དང༌།།↵དམིགས་པ་བརྟན་དང་གཅིག་པུ
2331	terminal-particle	59		ཅེས་བུད་མེད་སེར་སྐྱ་མོ་ཞེས་བྱ་བ་ཞིག་ནམ་སྟོད་ལ་སྐྱེས་པ་འོང་དུ་རེ་བས་སྡུག་བསྔལ་ལ། 
2332	terminal-particle	300		ཆུ་སྐྱར་ཞིག་གིས་ཉ་ཆེན་པོ་མགུལ་བར་མི་ཆུད་པ་ཞིག་ཁྱེར་བས་ཆུ་སྐྱར་གཞན་ཐམས་ཅད་ཀྱིས་དེ
2333	line-end	15		དེས་ན་རྒྱ་ཆེ་རོལ་པ་ལས། འདོད་པའི་སྐྱོན་རྣམས་མཐའ་ཡས་བདག་གིས་རིག།
2334	verse-stanza	25		འཐབ་མོ་འཁོན་བཅས་མྱ་ངན་སྡུག་བསྔལ་རྩ།།↵འཇིགས་བྱེད་དུག་གི་ལོ་མ་འདྲ་བ་སྟེ།།↵མེ་དང་འད
2335	line-end	2		ཞེས་དང༌།
2336	verse-stanza	25		འདོད་པའི་ཁོལ་པོ་རྣམས་ནི་གཤེག་ཅིང་གཏུབ།།↵མགོ་དང་མིག་དང་རྐང་ལག་གཅོད་པར་འགྱུར།།↵འདོ
2337	terminal-particle	66		འདོད་ཆགས་ཀྱིས་ནི་ཡི་དྭགས་དུད་འགྲོར་འགྲོ། ཞེས་གསུངས་པ་ལྟར། འདོད་པའི་ཉེས་དམིགས་ཁོང
2338	ordinal-open	23		གཉིས་པ་རྒྱས་པར་བཤད་པ་ལ་གཉིས། རྒྱལ་པོ་ལས་བདེ་བ་ལྷག་པ་དང༌། བརྒྱ་བྱིན་ལས་བདེ་བ་ལྷག་
2339	ordinal-open	3		དང་པོ་ནི།
2340	verse-stanza	28		རྩོད་དང་ཉོན་མོངས་ཀྱིས་སྟོང་པ།།↵ཞི་བའི་ནགས་ཀྱི་ནང་དག་ཏུ།།↵སྐལ་ལྡན་ཟླ་འོད་ཙནྡན་གྱི
2341	verse-stanza	17		སྒྲ་མེད་ཞི་བའི་ནགས་ཀླུང་གཡོབ་པ་ཡིས།།↵གཞན་ལ་ཕན་དོན་སེམས་ཤིང་འཆག་པར་བྱེད།།
2342	line-end	418		ཅེས་གསུངས་ཏེ། འདི་ལྟར་གནས་པ་ནི་རྒྱལ་པོ་རྒྱལ་སྲིད་ལ་སྤྱོད་པའི་བདེ་བ་ལས་ཆེས་ལྷག་པ་
2343	verse-stanza	23		རྒྱལ་སྲིད་སྤྱོད་པའི་སྡུག་བསྔལ་ཡོང་མེད་པར།།↵འདི་འདྲ་ཟ་བ་གང་དེ་རྒྱལ་པོ་ཡིན།།↵ཞེས་ས
2344	ordinal-open	12		གཉིས་པ་བརྒྱ་བྱིན་ལས་བདེ་བ་ལྷག་པར་བསྟན་པ་ནི།
2345	verse-stanza	25		ཁང་སྟོང་ཤིང་དྲུང་ཕུག་དག་ཏུ།།↵གང་དུ་ཇི་སྲིད་འདོད་གནས་ཤིང༌།།↵ཡོངས་འཛིན་སྲུང་བའི་སྡ
2346	verse-stanza	25		རང་དབང་སྤྱོད་ཅིང་ཆགས་མེད་ལ།།↵གང་དང་ཡང་ནི་འབྲེལ་མེད་པའི།།↵ཆོག་ཤེས་བདེ་སྤྱོད་གང་ཡི
2347	line-end	201		ཞེས་གསུངས་ཏེ། མིའི་རྒྱལ་པོ་ལྟ་ཞོག་བརྒྱ་བྱིན་གྱི་བདེ་བ་ལས་ཀྱང་ཆེས་རྨད་དུ་བྱུང་བ་ཡ
2348	verse-stanza	24		ཁྱེད་ཅག་ཚིགས་བཅད་སྨྲ་བས་ན།།↵ཁྱེད་ཅག་རབ་ཏུ་བདེ་བ་ཡིན།།↵བདག་ནི་ཧ་ཅང་འདོད་ཆེས་པས།།↵
2349	terminal-particle	97		ཞེས་སྨྲས་པས་བརྒྱ་བྱིན་ལ་བྱིན་པ་ལྟ་བུ་ཆགས་པས་སེམས་ཆོག་མི་ཤེས་པ་དང་རང་དབང་མེད་པ་དེ
2350	line-end	12		དེ་ལྟར་མི་མཐུན་པའི་ཕྱོགས་སྤོང་བ་རྒྱས་པར་བཤད་ནས།
2351	ordinal-open	28		གཉིས་པ་བྱང་ཆུབ་ཀྱི་སེམས་སྒོམ་པར་བསྟན་པ་ལ་གསུམ། བདག་གཞན་མཉམ་པ་སྒོམ་པ། བདག་གཞན་བརྗ
2352	ordinal-open	15		དང་པོ་ལ་གསུམ། མདོར་བསྟན་པ། སྒོམ་ཚུལ་རྒྱས་བཤད། དེ་བསྒོམས་པའི་ཕན་ཡོན་བསྟན་པའོ།།
2353	ordinal-open	3		དང་པོ་ནི།
2354	verse-stanza	25		དེ་ལ་སོགས་པའི་རྣམ་པ་ཡིས།།↵དབེན་པའི་ཡོན་ཏན་བསམ་བྱས་ནས།།↵རྣམ་རྟོག་ཉེ་བར་ཞི་བ་དང༌།།
2355	line-end	110		ཞེས་གསུངས་ཏེ། དེ་ཡང་དབེན་པའི་ཕན་ཡོན་དང་གཡེང་བའི་ཉེས་དམིགས་ཇི་ལྟར་བསྟན་ཟིན་པ་དེ་ད
2356	verse-stanza	13		བདག་དང་གཞན་དུ་མཉམ་པ་ནི།།↵དང་པོ་ཉིད་དུ་འབད་དེ་བསྒོམ།།
2357	line-end	44		ཞེས་གསུངས་ཏེ། དེས་ན་བྱང་ཆུབ་ཀྱི་སེམས་ཁོ་ན་བསྒོམ་པར་བྱ་ལ་དེའི་ཡང་དང་པོར་སྐྱེ་དཀའ་
2358	verse-stanza	13		བདེ་དང་སྡུག་བསྔལ་མཉམ་པས་ན།།↵ཐམས་ཅད་བདག་བཞིན་བསྲུང་བར་བྱ།།
2359	terminal-particle	121		ཞེས་གསུངས་ཏེ། ཇི་ལྟར་སྒོམ་ན་བདག་ཉིད་བདེ་བ་འདོད་ཅིང་སྡུག་བསྔལ་མི་འདོད་པ་ལྟར་སེམས་
2360	ordinal-open	23		གཉིས་པ་སྒོམ་ཚུལ་རྒྱས་བཤད་ལ་གསུམ། བདག་གཞན་མཉམ་པར་སྒོམ་རིགས་པའི་རྒྱུ་མཚན། སྒོམ་ཚུལ
2361	ordinal-open	19		དང་པོ་ལ་གཉིས། བདག་གཞན་བདེ་འདོད་དུ་མཉམ་པར་བསྟན། སྡུག་བསྔལ་མི་བཟོད་པར་མཚུངས་པར་བསྟ
2362	ordinal-open	3		དང་པོ་ནི།
2363	verse-stanza	25		ལག་པ་ལ་སོགས་དབྱེ་བ་རྣམ་མང་ཡང༌།།↵ཡོངས་སུ་བསྲུང་བྱའི་ལུས་སུ་གཅིག་པ་ལྟར།།↵དེ་བཞིན་འ
2364	terminal-particle	154		ཐམས་ཅད་བདག་བཞིན་བདེ་བ་འདོད་མཉམ་གཅིག། ཅེས་གསུངས་ཏེ། ཅིའི་ཕྱིར་བདེ་བ་འདོད་པ་དང་སྡུ
2365	ordinal-open	12		གཉིས་པ་སྡུག་བསྔལ་མི་བཟོད་པར་མཚུངས་པར་བསྟན་པ་ནི།
2366	verse-stanza	25		གལ་ཏེ་བདག་གི་སྡུག་བསྔལ་གྱིས།།↵གཞན་གྱི་ལུས་ལ་མི་གནོད་པ།།↵དེ་ལྟའང་དེ་བདག་སྡུག་བསྔལ
2367	verse-stanza	25		དེ་བཞིན་གཞན་གྱི་སྡུག་བསྔལ་དག།↵བདག་ལ་འབབ་པར་མི་འགྱུར་ཡང༌།།↵དེ་ལྟའང་དེ་བདག་སྡུག་བས
2368	terminal-particle	137		ཞེས་གསུངས་ཏེ། གལ་ཏེ་གཞན་སྡུག་བསྔལ་ན་བསྔལ་དུ་ཟད་མོད་དེས་བདག་ལ་མི་གནོད་དོ་སྙམ་ན། བ
2369	ordinal-open	63		གཉིས་པ་སྒོམ་ཚུལ་དངོས་ལ་བརྒྱད། ཇི་ལྟར་སྒོམ་པ་བཤད་པ། དེའི་རྒྱུ་མཚན་བསྟན་པ། གཞན་གྱི
2370	ordinal-open	3		དང་པོ་ནི།
2371	verse-stanza	25		བདག་གིས་གཞན་གྱི་སྡུག་བསྔལ་བསལ།།↵སྡུག་བསྔལ་ཡིན་ཕྱིར་བདག་སྡུག་བཞིན།།↵བདག་གིས་གཞན་ལ
2372	terminal-particle	44		ཞེས་གསུངས་ཏེ། དེ་རིགས་པས་སྒྲུབ་པའི་ཕྱིར། གཞན་གྱི་ན་བའི་སྡུག་བསྔལ་ལྟ་བུ་ཆོས་ཅན། བ
2373	terminal-particle	28		ཡང་སེམས་ཅན་གཞན་ཆོས་ཅན། བདག་གིས་ཕན་བདེ་སྒྲུབ་པར་བྱ་བ་ཡིན་ཏེ། སེམས་ཅན་ཡིན་པའི་ཕྱིར
2374	line-end	13		ཞེས་སྒྲུབ་ངག་ཡང་དག་བཀོད་ནས་དེའི་ཁྱབ་པ་སྒྲུབ་པའི་ཕྱིར།
2375	ordinal-open	14		གཉིས་པ་དེའི་རྒྱུ་མཚན་བསྟན་པ་ནི། གང་ཚེ་བདག་དང་གཞན་གཉིས་ཀ།
2376	verse-stanza	25		བདེ་བ་འདོད་དུ་མཚུངས་པ་ལ།།↵བདག་དང་ཁྱད་པར་ཅི་ཡོད་ན།།↵གང་ཕྱིར་བདག་གཅིག་བདེ་བར་བརྩོན
2377	verse-stanza	19		སྡུག་བསྔལ་མི་འདོད་མཚུངས་པ་ལ།།↵བདག་དང་ཁྱད་པར་ཅི་ཡོད་ན།།↵གང་ཕྱིར་གཞན་མིན་བདག་སྲུང་
2378	terminal-particle	59		ཅེས་གསུངས་ཏེ། ཐམས་ཅད་རང་ལ་བདེ་བ་འདོད་ཅིང་སྡུག་བསྔལ་མི་འདོད་པར་མཚུངས་པར་ནི་ངེས་སླ
2379	ordinal-open	19		གསུམ་པ་གཞན་གྱི་སྡུག་བསྔལ་གྱིས་བདག་ལ་མི་གནོད་པས་སེལ་མི་དགོས་པ་བཀག་པ་ནི།
2380	verse-stanza	25		གལ་ཏེ་དེ་ལ་སྡུག་བསྔལ་བས།།↵བདག་ལ་མི་གནོད་ཕྱིར་མི་བསྲུང༌།།↵མ་འོངས་པ་ཡི་སྡུག་བསྔལ་ཡ
2381	line-end	46		ཞེས་གསུངས་ཏེ། གལ་ཏེ་གཞན་གྱི་སྡུག་བསྔལ་སེལ་མི་དགོས་ཏེ་བདག་ལ་ད་ལྟ་མི་གནོད་པའི་ཕྱིར
2382	verse-stanza	20		དེས་བདག་ལ་ད་ལྟར་མི་གནོད་པའི་ཕྱིར་རོ།།↵བཞི་པ་དེའི་ལན་གྱི་བདག་མེད་པར་བསྟན་པ་ནི།
2383	verse-stanza	25		བདག་གིས་དེ་ནི་མྱོང་སྙམ་པའི།།↵རྣམ་པར་རྟོག་དེ་ལོག་པ་སྟེ།།↵འདི་ལྟར་ཤི་བ་གཞན་ཉིད་ལ།།
2384	terminal-particle	213		ཞེས་གསུངས་ཏེ། གལ་ཏེ་མ་འོངས་པའི་སྡུག་བསྔལ་དེས་བདག་ལ་ད་ལྟར་མི་གནོད་ཀྱང་མ་འོངས་པ་ན་
2385	ordinal-open	15		ལྔ་པ་གཞན་གྱི་སྡུག་བསྔལ་གཞན་གྱིས་སེལ་མི་རིགས་པ་བཀག་པ་ནི།
2386	verse-stanza	25		གང་ཚེ་གང་གི་སྡུག་བསྔལ་གང༌།།↵དེ་ནི་དེ་ཉིད་ཀྱིས་བསྲུང་ན།།↵རྐང་པའི་སྡུག་བསྔལ་ལག་པས་
2387	terminal-particle	79		ཞེས་གསུངས་ཏེ། གཞན་ཡང་རང་གིས་རང་གི་སྡུག་བསྔལ་སེལ་རིགས་ཀྱི་གཞན་གྱི་སྡུག་བསྔལ་སེལ་མ
2388	ordinal-open	9		དྲུག་པ་བདག་འཛིན་སྤང་བྱར་བསྟན་པ་ནི།
2389	verse-stanza	25		གལ་ཏེ་རིགས་པ་མིན་ཡང་འདིར།།↵བདག་ཏུ་འཛིན་ལས་འཇུག་ཅེ་ན།།↵བདག་གཞན་མི་རིགས་གང་ཡིན་དེ།
2390	terminal-particle	56		ཅེས་གསུངས་ཏེ། གལ་ཏེ་དེ་དག་དཔྱད་ན་མི་རིགས་ཀྱང་བདག་དང་བདག་གིར་འཛིན་པ་གོམས་པ་ལས་བྱུ
2391	ordinal-open	11		བདུན་པ་རྒྱུན་དང་ཚོགས་པ་བརྫུན་པར་བསྟན་པ་ནི།
2392	verse-stanza	25		རྒྱུན་དང་ཚོགས་ཞེས་བྱ་བ་ནི།།↵ཕྲེང་བ་དམག་ལ་སོགས་བཞིན་བརྫུན།།↵སྡུག་བསྔལ་ཅན་གང་དེ་མེ
2393	terminal-particle	144		ཞེས་གསུངས་ཏེ། གལ་ཏེ་བདག་ལུས་སོ་སོ་བ་སོགས་ལ་དཔྱད་ན་མེད་ཀྱང་ལུས་ཀྱི་ཚོགས་པ་དང་རྒྱུ
2394	terminal-particle	39		ཚོགས་པ་ཡང་རྫུན་པ་ཁོ་ན་སྟེ་གོ་སྐབས་ཉེ་བ་ལས་བཏགས་པར་ཟད་ཀྱི་རེ་རེ་བཞིན་དཔྱད་ན་རྡུལ་
2395	line-end	18		དེས་ན་བདག་སུ་ཡང་མེད་ན་འདིར་སུ་ཞིག་མ་འོངས་པ་ན་སྡུག་བསྔལ་བར་འགྱུར།
2396	ordinal-open	11		བརྒྱད་པ་དེ་དག་གི་དོན་བསྡུས་ཏེ་བསྟན་པ་ནི།
2397	verse-stanza	25		སྡུག་བསྔལ་བདག་པོ་མེད་པར་ནི།།↵ཐམས་ཅད་བྱེ་བྲག་མེད་པ་ཉིད།།↵སྡུག་བསྔལ་ཡིན་ཕྱིར་དེ་བས
2398	terminal-particle	187		ཞེས་གསུངས་ཏེ། དེས་ན་ཡང་དག་པར་ན་བདག་མི་དམིགས་པས་ལྟོས་ཟླ་གཞན་ཡང་མི་དམིགས་ཤིང་སྤྲོས
2399	ordinal-open	42		གསུམ་པ་རྩོད་སྤང་ལ་གསུམ། ཐམས་ཅད་ཀྱི་སྡུག་བསྔལ་ཟློག་མི་དགོས་པའི་རྩོད་པ་སྤངས། སྙིང་
2400	ordinal-open	3		དང་པོ་ནི།
2401	verse-stanza	25		ཅི་ཕྱིར་ཀུན་གྱི་སྡུག་བསྔལ་ནི།།↵བཟློག་པར་བྱ་ཞེས་བརྩད་དུ་མེད།།↵གལ་ཏེ་བཟློག་ནའང་ཐམས
2402	terminal-particle	48		ཞེས་གསུངས་ཏེ། དེས་ན་སེམས་ཅན་ཐམས་ཅད་ཀྱི་སྡུག་བསྔལ་ཟློག་མི་རིགས་སོ་ཞེས་བརྩད་པར་བྱར
2403	ordinal-open	15		གཉིས་པ་སྙིང་རྗེ་སྡུག་བསྔལ་ཡིན་པས་སྒོམ་མི་རིགས་པའི་རྩོད་སྤངས་ནི།
2404	verse-stanza	25		སྙིང་རྗེ་སྡུག་བསྔལ་མང་གྱུར་པས།།↵ཅི་ཕྱིར་ནན་གྱིས་བསྐྱེད་ཅེ་ན།།↵འགྲོ་བའི་སྡུག་བསྔལ
2405	terminal-particle	58		ཞེས་གསུངས་ཏེ། གལ་ཏེ་བདག་གི་སྡུག་བསྔལ་ཟློག་ན་སྙིང་རྗེ་སྒོམ་མི་རིགས་ཏེ་སྙིང་རྗེ་ནི
2406	ordinal-open	17		གསུམ་པ་སྡུག་བསྔལ་ཡིན་ཀྱང་རང་གཞན་ལ་ཕན་ན་བསྟེན་རིགས་པར་བསྟན་པ་ནི།
2407	verse-stanza	25		གལ་ཏེ་སྡུག་བསྔལ་གཅིག་གིས་ནི།།↵སྡུག་བསྔལ་མང་པོ་མེད་འགྱུར་ན།།↵བརྩེ་དང་ལྡན་པས་སྡུག་
2408	line-end	90		ཅེས་གསུངས་ཏེ། སྤྱིར་སྡུག་བསྔལ་ཡིན་ཡང་རང་གི་ད་ལྟའི་སྡུག་བསྔལ་ཙམ་ཞིག་གིས་མ་འོངས་པའ
2409	verse-stanza	25		དེས་ན་མེ་ཏོག་ཟླ་མཛེས་ཀྱིས།།↵རྒྱལ་པོའི་གནོད་པ་ཤེས་ཀྱང་ནི།།↵བདག་གི་སྡུག་བསྔལ་མ་བསལ
2410	terminal-particle	74		ཞེས་གསུངས་ཏེ། དེས་ན་སྔོན་དེ་བཞིན་གཤེགས་པ་རིན་ཆེན་པད་ཟླ་མངོན་པར་འཕགས་པའི་བསྟན་པའི
2411	terminal-particle	139		དེའི་ལྷའི་མིག་གིས་བལྟས་ན་སངས་རྒྱས་ཀྱི་ཞིང་སྣ་ཚོགས་ནས་སེམས་ཅན་དགེ་རྩ་བསགས་པ་ཁྲག་ཁ
2412	terminal-particle	323		ཉིན་བདུན་པ་ལ་རྒྱལ་པོ་དེ་བུ་དང་བུ་མོ་ལྔ་བརྒྱ་རེ་དང་བཙུན་མོའི་འཁོར་དང་དཔུང་ཚོགས་སུ
2413	terminal-particle	42		དེས་ན་ཆོས་སྨྲ་བ་དེས་གཞན་མང་པོའི་སྡུག་བསྔལ་ཟད་པར་བྱ་བའི་ཕྱིར་རང་དུས་མིན་དུ་འཆི་བའ
2414	ordinal-open	41		གསུམ་པ་ཕན་ཡོན་ལ་བཞི། གཞན་གྲོལ་བར་བྱེད་པའི་ཕན་ཡོན་དངོས་བཤད། རང་དོན་འབའ་ཞིག་པའི་ཐར
2415	ordinal-open	3		དང་པོ་ནི།
2416	verse-stanza	24		དེ་ལྟར་རྒྱུད་ནི་གོམས་གྱུར་ན།།↵གཞན་གྱི་སྡུག་བསྔལ་ཞི་དགའ་བས།།↵པདྨའི་མཚོ་ལ་ངང་པ་ལྟར
2417	line-end	50		ཞེས་གསུངས་ཏེ། དེ་ལྟར་ཀུན་རྫོབ་ཏུ་བདག་གཞན་མཉམ་པ་དང་དོན་དམ་དུ་བདག་གཞན་མི་དམིགས་པ་འ
2418	ordinal-open	13		གཉིས་པ་རང་དོན་འབའ་ཞིག་པའི་ཐར་པ་ལ་སྨད་པ་ནི།
2419	verse-stanza	25		སེམས་ཅན་རྣམས་ནི་གྲོལ་བ་ན།།↵དགའ་བའི་རྒྱ་མཚོ་གང་ཡིན་པ།།↵དེ་ཉིད་ཀྱིས་ནི་ཆོག་མིན་ནམ།
2420	terminal-particle	35		ཞེས་གསུངས་ཏེ། གཞན་གྲོལ་བ་དང་བདེ་བ་དེའི་དགའ་བས་བདག་ཉིད་ཚིམ་སྟེ་དེ་ཁོ་ན་སྒྲུབ་ཀྱི་
2421	terminal-particle	42		དེ་ལྟར་ཤིན་ཏུ་ཡང་རིགས་ཏེ་སུ་ཡང་སྒྲོལ་བར་མི་བྱེད་པའི་གྲུ་ལ་སྙིང་པོ་མེད་པ་ལྟར་རང་ཉ
2422	ordinal-open	12		གསུམ་པ་རློམ་སེམས་དང་རེ་བ་མེད་པར་བསྟན་པ་ནི།
2423	verse-stanza	25		དེ་ལྟར་གཞན་གྱི་དོན་བྱས་ཀྱང༌།།↵རློམ་སེམས་དང་ནི་ངོ་མཚར་མེད།།↵གཅིག་ཏུ་གཞན་དོན་ལ་དགའ
2424	terminal-particle	79		ཅེས་གསུངས་ཏེ། དེ་ལྟར་ཉིན་རེས་ཀྱང་སེམས་ཅན་མཐའ་ཡས་པ་སྒྲོལ་བར་བྱེད་ཀྱང་གཞན་དོན་ལ་དག
2425	ordinal-open	14		བཞི་པ་དེའི་ཕྱིར་བདག་གཞན་མཉམ་པའི་སེམས་སྒོམ་པར་གདམས་པ་ནི།
2426	verse-stanza	25		དེ་བས་ཇི་ལྟར་ཆུང་ངུ་ན།།↵མི་སྙན་ལས་ཀྱང་བདག་སྲུང་བ།།↵དེ་བཞིན་གཞན་ལའང་སྲུང་སེམས་དང༌
2427	terminal-particle	35		ཞེས་གསུངས་ཏེ། དེས་ན་བདག་ཉིད་མི་སྙན་པའི་ཚིག་ཆུང་ངུ་ལས་ཀྱང་སྲུང་བ་ལྟར་སེམས་ཅན་ཐམས་
2428	ordinal-open	20		གཉིས་པ་བདག་གཞན་བརྗེ་བ་སྒོམ་པ་ལ་གསུམ། བརྗེ་ནུས་པར་བསྟན་པ། སྒོམ་ཚུལ་མདོར་བསྟན། དེ་
2429	ordinal-open	9		དང་པོ་ནི། གོམས་པ་ཡིས་ནི་གཞན་དག་གི།
2430	verse-stanza	19		ཁུ་བ་ཁྲག་གི་ཐིགས་པ་ལ།།↵དངོས་པོ་མེད་པར་གྱུར་ཡང་ནི།།↵བདག་གོ་ཞེས་ནི་ཤེས་པ་ལྟར།།
2431	line-end	147		ཞེས་གསུངས་ཏེ། དེ་ཡང་བདག་མེད་སྒོམ་པ་ནི་ཆོས་ཀྱི་མཆོག་ཡིན་ལ་བདག་གཞན་བརྗེ་བ་ནི་དེ་ལྟ
2432	verse-stanza	33		ཇི་ལྟར་གྲོང་ཁྱེར་སྐྱེ་བོའི་མི་གཙང་ལུད།།↵དེ་ནི་བུ་རམ་ཤིང་པའི་ཞིང་ལ་ཕན།།↵དེ་བཞིན་བ
2433	terminal-particle	5		ཞེས་གསུངས་པ་ཡིན་ནོ།།
2434	line-end	54		དེ་ཡང་གཞན་ཕའི་ཁུ་བ་དང་མའི་ཁྲག་གི་ཐིགས་པ་འདྲེས་པའི་གོང་བུ་སྨིན་ནས་ཡན་ལག་དང༌། ཉིང་
2435	verse-stanza	25		དེ་བཞིན་གཞན་གྱི་ལུས་ལ་ཡང༌།།↵བདག་ཅེས་ཅི་ཡི་ཕྱིར་མི་བཟུང༌།།↵བདག་གི་ལུས་ནི་གཞན་དག་ཏ
2436	terminal-particle	64		ཅེས་གསུངས་ཏེ། སེམས་ཁྱོད་ཀྱིས་སེམས་ཅན་གཞན་འདི་རྣམས་ལ་ཡང་བདག་ཏུ་ཅིས་མི་བཟུང་སྟེ། བ
2437	ordinal-open	5		གཉིས་པ་མདོར་བསྟན་ནི།
2438	verse-stanza	25		བདག་ཉིད་སྐྱོན་བཅས་གཞན་ལ་ཡང༌།།↵ཡོན་ཏན་རྒྱ་མཚོར་ཤེས་བྱས་ནས།།↵བདག་འཛིན་ཡོངས་སུ་དོར་
2439	terminal-particle	37		ཞེས་གསུངས་ཏེ། དེས་ན་བདག་འབའ་ཞིག་སྐྱོན་གྱི་ཕུང་པོ་དང་གཞན་ཡོན་ཏན་གྱི་རྒྱ་མཚོར་ཤེས་
2440	ordinal-open	36		གསུམ་པ་རྒྱས་བཤད་ལ་བཞི། བརྗེ་རིགས་པའི་འཐད་པ། བདག་དོར་ཞིང་གཞན་བླང་བའི་སྒོ་ནས་བསམ་པ
2441	ordinal-open	41		དང་པོ་ལ་དྲུག གོམས་ན་གཞན་ལ་ཡང་བདག་གི་བློ་སྐྱེ་ནུས་པར་བསྟན། དེའི་ཕན་ཡོན་བསྟན། གོམས
2442	ordinal-open	3		དང་པོ་ནི།
2443	verse-stanza	25		ཇི་ལྟར་ལག་པ་ལ་སོགས་པ།།↵ལུས་ཀྱི་ཡན་ལག་ཡིན་འདོད་ལྟར།།↵དེ་བཞིན་འགྲོ་བའི་ཡན་ལག་ཏུ།།↵
2444	terminal-particle	93		ཅེས་གསུངས་ཏེ། གལ་ཏེ་གཞན་མང་པོ་ཡིན་ན་དེ་དང་བདག་གཅིག་པུ་རྗེ་བར་ག་ལ་ནུས་སྙམ་ན་ལུས་འ
2445	line-end	38		དཔེ་འདི་གོང་དུ། ལག་པ་ལ་སོགས་དབྱེ་བ་རྣམ་མང་ཡང༌།། ཞེས་པ་དང་ཟློས་སོ་ཞེ་ན། མི་ཟློས་ཏ
2446	verse-stanza	25		ཇི་ལྟར་བདག་མེད་ལུས་འདི་ལ།།↵གོམས་པས་བདག་གི་བློ་འབྱུང་བ།།↵དེ་བཞིན་སེམས་ཅན་གཞན་ལ་ཡང
2447	terminal-particle	45		ཞེས་གསུངས་ཏེ། དེ་ལན་གཅིག་སྐྱེས་པས་ཆོག་གམ་སྙམ་ན་ཡང་ཡང་གོམས་པར་བྱ་དགོས་ཏེ་གོམས་པ་ན
2448	ordinal-open	8		གཉིས་པ་དེའི་ཕན་ཡོན་བསྟན་པ་ནི།
2449	verse-stanza	25		དེ་ལྟ་ན་ནི་གཞན་གྱི་དོན།།↵བྱས་ཀྱང་ངོ་མཚར་རློམ་མི་འབྱུང༌།།↵བདག་ཉིད་ཀྱི་ནི་ཟན་ཟོས་ན
2450	terminal-particle	82		ཞེས་གསུངས་ཏེ། དེ་ལྟར་སྔར་གཞན་དུ་བཟུང་བ་དེ་ཁོ་ན་ལ་གཅེས་པར་འཛིན་པ་སྐྱེས་ཏེ་རྣམ་པ་ས
2451	ordinal-open	9		གསུམ་པ་གོམས་སུ་གཞུག་ཚུལ་བཤད་པ་ནི།
2452	verse-stanza	25		དེ་བས་ཇི་ལྟར་ཆུང་ངུ་ན།།↵མི་སྙན་ལས་ཀྱང་བདག་སྲུང་བ།།↵དེ་བཞིན་འགྲོ་ལ་སྲུང་སེམས་དང༌།
2453	terminal-particle	91		ཞེས་གསུངས་ཏེ། གོམས་པ་དེ་ཡང་དང་པོར་མེ་ཆུང་ངུ་ནས་གསོ་བ་ལྟར་ཆུང་ངུ་ནས་གོམས་པར་བྱ་སྟ
2454	ordinal-open	7		བཞི་པ་དེའི་དཔེ་བསྟན་པ་ནི།
2455	verse-stanza	25		དེ་བས་མགོན་པོ་སྤྱན་རས་གཟིགས།།↵ཐུགས་རྗེ་ཆེན་པོས་འགྲོ་བ་ཡི།།↵འཁོར་གྱི་འཇིགས་པའང་བས
2456	terminal-particle	93		ཞེས་གསུངས་ཏེ། འགྲོ་བའི་སྡུག་བསྔལ་ཆུང་ངུ་ནས་བསལ་དགོས་ཤིང་སེལ་ནུས་ཏེ། ཇི་ལྟར་མགོན་
2457	terminal-particle	147		བདག་གི་མིང་གང་གིས་ཐོས་པ་ལ་ངན་འགྲོའི་འཇིགས་པ་མེད་པ་དང༌། མི་ཁོམ་པར་མི་ལྟུང་བ་དང༌། 
2458	terminal-particle	46		ཞེས་གསུངས་ཤིང༌། གཞན་ཡང་བརྩོན་དུ་བཅིངས་པས་དེའི་མཚན་དྲན་ན་སྒྲོག་དང་རྡོས་ལ་སོགས་པའི
2459	terminal-particle	48		དེས་ན་འཁོར་གྱིས་བག་ཚ་བའི་འཇིགས་པ་ཙམ་ལས་ཀྱང་སྐྱོབ་པར་སྨོན་ལམ་མཛད་ཅིང་དེའི་མཚན་དྲན
2460	ordinal-open	13		ལྔ་པ་གོམས་ན་སླ་བས་འཇིགས་མི་དགོས་པར་བསྟན་པ་ནི།
2461	verse-stanza	25		དཀའ་ལས་ཕྱིར་ལྡོག་མི་བྱ་སྟེ།།↵གང་གིས་མིང་ཐོས་འཇིགས་པ་ཡང༌།།↵འདི་ལྟར་གོམས་པའི་མཐུ་ཡ
2462	terminal-particle	109		ཞེས་གསུངས་ཏེ། གཞན་ལ་གཅེས་པར་འཛིན་པ་ནི་དཀའོ་སྙམ་ན་མི་དཀའ་སྟེ། སྤྱིར་ཕ་མ་དག་ཀྱང་རང
2463	terminal-particle	76		དེས་ན་རིགས་དེ་གསལ་གདབ་པར་ནུས་པའི་ཕྱིར་དང་ཆོས་ཐམས་ཅད་ནི་གོམས་པའི་རྩ་བ་ཅན་ཏེ། དཔེར
2464	ordinal-open	13		དྲུག་པ་དེས་ན་བདག་གཞན་བརྗེ་བ་སྒོམ་པར་གདམས་པ་ནི།
2465	verse-stanza	25		གང་ཞིག་བདག་དང་གཞན་རྣམས་ནི།།↵མྱུར་དུ་བསྐྱབ་པར་འདོད་པ་དེས།།↵བདག་དང་གཞན་དུ་བརྗེ་བྱ་
2466	line-end	24		ཞེས་གསུངས་ཏེ། དེས་ན་བདག་ཉིད་སྐྱོབ་པར་འདོད་པ་རྣམས་ཀྱིས་ཀྱང་བདག་དོན་དོར་ནས་གཞན་ཕན་
2467	verse-stanza	19		བྱིས་པས་རང་དོན་བྱས་པ་དང༌།།↵ཐུབ་པས་གཞན་དོན་མཛད་པ་སྟེ།།↵འདི་གཉིས་ཀྱི་ནི་ཁྱད་པར་ལྟོ
2468	terminal-particle	5		ཞེས་འཆད་པར་འགྱུར་རོ།།
2469	terminal-particle	170		སྙིང་རྗེའི་བློ་ཅན་སེམས་ཅན་ཐམས་ཅད་བསྐྱབ་པར་འདོད་པ་དེས་ཀྱང་འདི་ཁོ་ན་ལ་བསླབ་པར་བྱ་ས
2470	ordinal-open	37		གཉིས་པ་བདག་དོར་ཞིང་གཞན་བླང་བའི་སྒོ་ནས་བསམ་པས་བརྗེ་ཚུལ་ལ་གསུམ། ལུས་ཆགས་བྱ་མིན་པར་
2471	ordinal-open	3		དང་པོ་ནི།
2472	verse-stanza	25		བདག་ལུས་གང་ལ་ཆགས་པ་ཡིས།།↵འཇིགས་གནས་ཆུང་ལའང་འཇིགས་སྐྱེ་བ།།↵འཇིགས་པ་སྐྱེ་བའི་ལུས་ད
2473	line-end	193		ཅེས་གསུངས་ཏེ། བློ་ཆུང་ངུ་ཁ་ཅིག་བདག་གི་ལུས་ནི་ཤིན་ཏུ་གཅེས་པས་བརྗེ་བར་མི་ནུས་སོ་སྙ
2474	ordinal-open	11		གཉིས་པ་ལུས་ལ་ཆགས་པའི་ཉེས་པ་བསྟན་པ་ནི།
2475	verse-stanza	25		ལུས་གང་བཀྲེས་དང་སྐོམ་སོགས་ནད།།↵གསོ་བའི་ཆོ་ག་བྱེད་འདོད་པས།།↵བྱ་དང་ཉ་དང་རི་དྭགས་དག
2476	line-end	33		ལུས་གསོ་བའི་ལྟོ་གོས་ཙམ་གྱི་ཕྱིར་སྡིག་པའི་ལས་མི་བྱེད་པ་ཅི་ཡང་མེད་དེ། བྱ་པ་དང༌། རྔ
2477	verse-stanza	25		གང་ཞིག་ཁེ་དང་རིམ་གྲོའི་ཕྱིར།།↵ཕ་དང་མ་ཡང་གསོད་བྱེད་ཅིང༌།།↵དཀོན་མཆོག་གསུམ་གྱི་དཀོར
2478	line-end	53		དཀོན་མཆོག་གི་དཀོར་རྐུ་ཞིང་འཕྲོག་པ་སོགས་ལྕི་བའི་སྡིག་པ་བྱེད་ལ་གང་གི་དོན་དུ་བྱས་པའ
2479	verse-stanza	25		མཁས་པ་སུ་ཞིག་ལུས་དེ་ལ།།↵འདོད་ཅིང་སྲུང་དང་མཆོད་བྱེད་ཀྱི།།↵འདི་ལ་སུ་ཞིག་དགྲ་བཞིན་ད
2480	terminal-particle	40		ཅེས་གསུངས་ཏེ། འདི་ལྟར་ལུས་ལ་ཆགས་པ་ལྟ་བུའི་གནོད་པ་ནི་དགྲས་ཀྱང་བྱེད་པར་མི་ནུས་ཏེ་ད
2481	terminal-particle	35		དེས་ན་སྔར་བསྟན་པ་ལྟར་ལུས་འདི་ནི་ཤ་ཐང་ཆད་ཆད་དུ་དགེ་བ་ལ་བཀོལ་བར་རིགས་ཀྱི་ཞེན་ཞིང་ཆ
2482	ordinal-open	14		གསུམ་པ་སྤྱད་པ་སྐྱོན་དང་བྱིན་པ་ཡོན་ཏན་དུ་བསྟན་པ་ནི།
2483	verse-stanza	25		གལ་ཏེ་བྱིན་ན་ཅི་སྤྱད་ཅེས།།↵བདག་དོན་སེམས་པ་འདྲེ་ཡི་ཚུལ།།↵གལ་ཏེ་སྤྱད་ན་ཅི་སྦྱིན་ཞེ
2484	terminal-particle	49		ཞེས་གསུངས་ཏེ། དེའི་ཕྱིར་འདི་གཞན་ལ་བྱིན་ན་དེའི་འོག་ཏུ་བདག་ཅི་ཟ་ཞེས་དང༌། འདི་གཞན་ལ
2485	line-end	140		གལ་ཏེ་འདི་བདག་ཉིད་ཀྱིས་ལོངས་སྤྱད་ན་གཞན་ལ་ཅི་ཞིག་སྦྱིན་ཞེས་སེམས་པས་རྒྱལ་པོ་གསེར་མ
2486	ordinal-open	55		གསུམ་པ་བརྗེས་པའི་ཕན་ཡོན་དང་མ་བརྗེས་པའི་ཉེས་དམིགས་ལ་ལྔ། བདག་གཞན་མ་བརྗེས་པའི་སྐྱོན
2487	ordinal-open	3		དང་པོ་ནི།
2488	verse-stanza	25		བདག་ཕྱིར་གཞན་ལ་གནོད་བྱས་ན།།↵དམྱལ་ལ་སོགས་པར་གདུང་བར་འགྱུར།།↵གཞན་ཕྱིར་བདག་ལ་གནོད་བ
2489	line-end	120		ཅེས་གསུངས་ཏེ། མདོར་ན་བདག་ཉིད་གཅེས་པར་བཟུང་བ་ཁོ་ནས་མཐོང་བ་དང་མ་མཐོང་བའི་སྡུག་བསྔལ
2490	verse-stanza	25		བདག་ཉིད་མཐོ་བར་འདོད་པ་དེས།།↵ངན་འགྲོ་ངན་དང་གླེན་པར་འགྱུར།།↵དེ་ཉིད་གཞན་ལ་སྤོ་བྱས་ན
2491	line-end	26		ཞེས་གསུངས་ཏེ། བདག་ཉིད་ང་རྒྱལ་གྱིས་མཐོ་བར་བསྙེམས་པ་དང་བདག་ཁོ་ན་མཐོ་ལ་གཞན་ཐམས་ཅད་ད
2492	verse-stanza	25		བདག་གི་དོན་དུ་གཞན་བཀོལ་ན།།↵བྲན་ལ་སོགས་པ་མྱོང་བར་འགྱུར།།↵གཞན་གྱི་དོན་དུ་བདག་སྤྱད་
2493	terminal-particle	138		ཞེས་གསུངས་ཏེ། བདག་གི་དོན་དུ་གཞན་བྲན་དུ་བཀོལ་བ་སོགས་ནི་ད་ལྟ་མཐོ་བ་ཐོབ་པ་དེ་སྔོན་ག
2494	line-end	71		འདི་ནི་མཐོང་ཆོས་ལ་ཡང་འབྱུང་བ་ཡོད་དེ། ཞིང་དཔོན་མང་བཀུར་གྱི་རྒྱལ་པོས་རང་ཉིད་ལ་མ་བས
2495	verse-stanza	25		འཇིག་རྟེན་བདེ་བ་ཇི་སྙེད་པ།།↵དེ་ཀུན་གཞན་བདེ་འདོད་ལས་བྱུང༌།།↵འཇིག་རྟེན་སྡུག་བསྔལ་ཇ
2496	line-end	183		ཞེས་གསུངས་ཏེ། མདོར་ན་འཇིག་རྟེན་ན་བདེ་བ་ཇི་སྙེད་པ་ནི་གཞན་བདེ་བར་འདོད་པ་ལས་བྱུང་སྟ
2497	verse-stanza	25		མང་དུ་བཤད་ལྟ་ཅི་ཞིག་དགོས།།↵བྱིས་པས་རང་གི་དོན་བྱས་དང༌།།↵ཐུབ་པས་གཞན་གྱི་དོན་མཛད་པ།
2498	terminal-particle	54		ཞེས་གསུངས་ཏེ། མདོར་ན་མང་དུ་བཤད་ཅི་དགོས་ཏེ་བྱིས་པ་རྣམས་རང་དོན་ཁོ་ན་བྱས་པས་འཁོར་བར
2499	ordinal-open	19		གཉིས་པ་མ་བརྗེས་ན་སངས་རྒྱས་མི་འགྲུབ་པར་བསྟན་པ་ནི། བདག་བདེ་གཞན་གྱི་སྡུག་བསྔལ་དག།
2500	verse-stanza	19		ཡང་དག་བརྗེ་བར་མ་བྱས་ན།།↵སངས་རྒྱས་ཉིད་དུ་མི་འགྲུབ་ཅིང༌།།↵འཁོར་བ་ན་ཡང་བདེ་བ་མེད།།
2501	terminal-particle	52		ཅེས་གསུངས་ཏེ། དེས་ན་བདག་གི་བདེ་བ་གཞན་ལ་གཏོང་ཞིང་གཞན་གྱི་སྡུག་བསྔལ་བདག་ལ་ལེན་པས་བ
2502	terminal-particle	182		སངས་རྒྱས་མ་ཐོབ་ཀྱང་ཉན་རང་གི་ཐར་པ་ཡོད་དོ་སྙམ་ན། གནས་སྐབས་ཐེག་གསུམ་དུ་འཇོག་པའི་ཚེ་
2503	ordinal-open	15		གསུམ་པ་རྣམ་གསལ་གྱི་དཔེ་བཤད་པ་ནི། འཇིག་རྟེན་ཕ་རོལ་ཕར་ཞོག་གི།
2504	verse-stanza	19		བྲན་གཡོག་ལས་མི་བྱེད་པ་དང༌།།↵རྗེ་དཔོན་རྔན་པ་མི་སྟེར་པའི།།↵ཚེ་འདིར་དོན་ཡང་འགྲུབ་མི
2505	terminal-particle	60		ཞེས་གསུངས་ཏེ། དེ་ལྟ་མོད་ཀྱི་འཇིག་རྟེན་ཕ་རོལ་ལྟ་ཞོག་མཐོང་ཆོས་ལ་ཡང་ལུས་ལ་འཕངས་པས་ལ
2506	ordinal-open	11		བཞི་པ་གཞན་ལ་གནོད་པའི་འབྲས་བུ་བསྟན་པ་ནི།
2507	verse-stanza	25		མཐོང་དང་མ་མཐོང་བདེ་འགྲུབ་པའི།།↵ཕུན་སུམ་བདེ་སྐྱིད་ཡོངས་བོར་ཞིང༌།།↵གཞན་ལ་སྡུག་བསྔལ
2508	terminal-particle	34		ཞེས་གསུངས་ཏེ། དེས་ན་བདག་བདེ་ཞིང་གཞན་སྡུག་བསྔལ་བར་འདོད་པ་འདིས་ནི་འདི་ཕྱིའི་བདེ་སྐ
2509	ordinal-open	11		ལྔ་པ་རྩ་བ་བདག་འཛིན་དོར་བྱར་བསྟན་པ་ནི།
2510	verse-stanza	33		འཇིག་རྟེན་དག་ན་འཚེ་བ་གང་ཡོད་དང༌།།↵འཇིགས་དང་སྡུག་བསྔལ་ཇི་སྙེད་ཡོད་གྱུར་པ།།↵དེ་ཀུན
2511	line-end	58		ཞེས་གསུངས་ཏེ། དེས་ན་ཉེས་སྐྱོན་ཐམས་ཅད་ནི་བདག་གཅེས་འཛིན་ལས་བྱུང་ལ་དེ་ཡང་བདག་ཏུ་འཛི
2512	verse-stanza	25		བདག་ཉིད་ཡོངས་སུ་མ་བཏང་ན།།↵སྡུག་བསྔལ་སྤོང་བར་མི་ནུས་ཏེ།།↵ཇི་ལྟར་མེ་ནི་མ་བཏང་ན།།↵ས
2513	terminal-particle	37		ཞེས་གསུངས་ཏེ། བདག་བདེ་བར་འདོད་ན་ཡང་བདག་ཉིད་གཞན་ལ་བཏང་དགོས་ཏེ་དེ་མ་བཏང་ན་སྡུག་བསྔ
2514	ordinal-open	13		བཞི་པ་བརྗེ་ཚུལ་དངོས་ལ་གཉིས། མདོར་བསྟན་པ་དང༌། རྒྱས་པར་བཤད་པའོ།།
2515	ordinal-open	18		དང་པོ་ལ་གསུམ། སྤྱིར་བསྟན། བྱེ་བྲག་ཏུ་བསམ་པས་བརྗེ་ཚུལ་དང༌། སྦྱོར་བས་སྒྲུབ་ཚུལ་མདོ
2516	ordinal-open	3		དང་པོ་ནི།
2517	verse-stanza	25		དེ་ལྟས་བདག་གནོད་ཞི་བ་དང༌།།↵གཞན་གྱི་སྡུག་བསྔལ་ཞི་བྱའི་ཕྱིར།།↵བདག་ཉིད་གཞན་ལ་བཏང་བྱ
2518	terminal-particle	72		ཞེས་གསུངས་ཏེ། དེ་ལྟ་བས་ན་བདག་གཞན་ཐམས་ཅད་ཀྱི་ཉེས་པ་དང་སྡུག་བསྔལ་ཐམས་ཅད་ཞི་བར་བྱ་བ
2519	ordinal-open	7		གཉིས་པ་བསམ་པས་བརྗེ་ཚུལ་ནི།
2520	verse-stanza	25		བདག་ནི་གཞན་གྱི་དབང་གྱུར་ཞེས།།↵ཡིད་ཁྱོད་ངེས་པར་ཤེས་གྱིས་ལ།།↵སེམས་ཅན་དོན་དུ་མ་གཏོག
2521	line-end	47		ཞེས་གསུངས་ཏེ། སེམས་ཁྱོད་ད་ནི་སེམས་ཅན་ཐམས་ཅད་ལ་བྱིན་ཟིན་གྱིས་ཕྱིན་ཆད་བདག་ནི་གཞན་ད
2522	ordinal-open	10		གསུམ་པ་སྦྱོར་བས་སྒྲུབ་ཚུལ་མདོར་བསྟན་པ་ནི།
2523	verse-stanza	25		གཞན་དབང་མིག་ལ་སོགས་པ་ཡིས།།↵རང་དོན་སྒྲུབ་པ་རིགས་མ་ཡིན།།↵དེ་ཡི་མིག་ལ་སོགས་པ་ཡིས།།↵
2524	line-end	106		ཞེས་གསུངས་ཏེ། གལ་ཏེ་སྔར་གྱི་བདག་འཛིན་ངན་པ་གོམས་པས་སེམས་བདག་ཉིད་བདེ་བར་བྱའོ་སྙམ་ན
2525	verse-stanza	25		དེས་ན་སེམས་ཅན་གཙོར་བྱས་ཏེ།།↵བདག་གི་ལུས་ལ་ཅི་མཐོང་བ།།↵དེ་དང་དེ་ནི་ཕྲོགས་ནས་ཀྱང༌།།
2526	line-end	84		ཅེས་གསུངས་ཏེ། དེས་ན་སྔར་བདག་ཏུ་བཟུང་བའི་ལུས་སེམས་གང་ལ་བྱིན་པའི་སེམས་ཅན་དེ་ཉིད་ཁོ
2527	ordinal-open	54		གཉིས་པ་རྒྱས་བཤད་ལ་བཞི། སེམས་ཅན་གཞན་བདག་ཏུ་བྱས་ནས་ལུས་སེམས་ལ་ཕྲག་དོག་དང་འགྲན་སེམས
2528	ordinal-open	10		དང་པོ་ལ་གཉིས། མདོར་བསྟན་པ་དང༌། རྒྱས་པར་བཤད་པའོ།།
2529	ordinal-open	3		དང་པོ་ནི།
2530	verse-stanza	25		དམན་སོགས་བདག་ཏུ་བྱས་པ་དང༌།།↵གཞན་ཉིད་དུ་ནི་བདག་བྱས་ནས།།↵རྣམ་རྟོག་མེད་པའི་སེམས་ཀྱི
2531	terminal-particle	253		ཞེས་གསུངས་ཏེ། ད་ནི་དེ་ལག་ཏུ་བླང་བའི་ཕྱིར་སྔར་ཐོག་མེད་ནས་བདག་ཏུ་བཟུང་བ་དེ་ལ་ཕྲག་ད
2532	ordinal-open	48		གཉིས་པ་རྒྱས་བཤད་ལ་གསུམ། སེམས་ཅན་རྣམས་བདག་ཏུ་བྱས་ནས་གཞན་ལུས་སེམས་ལ་ཕྲག་དོག་སྒོམ་པ
2533	ordinal-open	51		དང་པོ་ལ་གསུམ། ལུས་སེམས་ལ་རྙེད་བཀུར་དང་གྲགས་པ་བྱུང་བ་ལ་བདག་སེམས་ཅན་གྱིས་མི་བཟོད་པ
2534	ordinal-open	3		དང་པོ་ནི།
2535	verse-stanza	25		འདི་ནི་བཀུར་བྱས་བདག་ནི་མིན།།↵འདི་བཞིན་བདག་གིས་མ་རྙེད་ཅིང༌།།↵འདི་ནི་བསྟོད་བྱས་བདག
2536	verse-stanza	25		བདག་ནི་ལས་རྣམས་བྱེད་པ་དང༌།།↵འདི་ནི་བདེ་བ་ཉིད་དུ་གནས།།↵འདི་ནི་འཇིག་རྟེན་ལ་ཆེ་དང༌།
2537	verse-stanza	13		ཡོན་ཏན་མེད་པས་ཅི་ཞིག་བྱ།།↵བདག་ཀུན་ཡོན་ཏན་ལྡན་པ་ཉིད།།
2538	terminal-particle	98		ཅེས་གསུངས་ཏེ། དེ་ཡང་ནམ་ལུས་སེམས་ཙམ་དེ་ལ་རྙེད་པ་དང་བཀུར་སྟི་སོགས་བྱུང་ཞིང་བདེ་བར་
2539	terminal-particle	13		འདིས་ལོངས་སྤྱོད་རྙེད་པ་ལྟར་བདག་སེམས་ཅན་གྱིས་མ་རྙེད་དོ།།
2540	terminal-particle	18		འདི་ནི་གཞན་གྱིས་ཡོན་ཏན་གྱིས་བསྟོད་ལ་བདག་སེམས་ཅན་ལ་ནི་དམད་པར་བྱེད་དོ།།
2541	terminal-particle	38		འདི་ནི་བདེ་ཞིང་སྐྱིད་པར་གནས་ལ་བདག་སེམས་ཅན་ནི་སྡུག་བསྔལ་ལ་ཉམ་ཆུང་ངོ༌།། འདི་ནི་སྐྱ
2542	line-end	96		འདི་ནི་འཇིག་རྟེན་ལ་ཆེ་བར་གྲགས་ཤིང་ བདག་སེམས་ཅན་ནི་ཡོན་ཏན་མེད་པར་གྲགས་ན་ཡོན་ཏན་མེ
2543	ordinal-open	17		གཉིས་པ་ལུས་སེམས་ཀྱིས་བརྙས་པ་བྱས་པ་བདག་སེམས་ཅན་གྱིས་མི་བཟོད་པ་ནི།
2544	verse-stanza	13		གང་བས་དེ་དམན་དེ་ཡོད་ཅིང༌།།↵གང་བས་བདག་མཆོག་དེ་ཡང་ཡོད།།
2545	line-end	181		ཅེས་གསུངས་ཏེ། ལུས་སེམས་ཙམ་ལ་བྱང་ཆུབ་སེམས་དཔའ་ཞེས་བྱ་བ་ལ་སོགས་པའི་མིང་གིས་བཏགས་ནས
2546	verse-stanza	13		ཚུལ་ཁྲིམས་ལྟ་བས་རྒུད་སོགས་ནི།།↵ཉོན་མོངས་སྟོབས་ཀྱིས་བདག་དབང་མིན།།
2547	line-end	100		ཞེས་གསུངས་ཏེ། འོན་ཀྱང་ད་ལྟ་ལུས་སེམས་ཙམ་ལ་བྱང་ཆུབ་སེམས་དཔར་བཏགས་པ་འདི་ལ་ཚུལ་ཁྲིམས
2548	verse-stanza	13		ཅི་ནུས་བདག་གིས་གསོ་དགོས་ཏེ།།↵གནོད་པའང་བདག་གིས་དང་དུ་བླང༌།།
2549	line-end	139		ཞེས་གསུངས་ཏེ། གལ་ཏེ་འདི་བྱང་ཆུབ་སེམས་དཔར་ཁས་འཆེ་ཞིང་བཟང་པོར་རློམ་ན་ནི་འདིས་བྱང་ཆ
2550	verse-stanza	13		འོན་ཏེ་བདག་འདིའི་གསོ་བྱ་མིན།།↵ཅི་ཕྱིར་བདག་ལ་བརྙས་པ་བྱེད།།
2551	line-end	30		ཅེས་གསུངས་ཏེ། འོན་ཏེ་བྱང་ཆུབ་སེམས་དཔར་ཁས་བླངས་པ་འདིས་སེམས་ཅན་བདག་གསོ་ཞིང་སྐྱོང་བ
2552	ordinal-open	17		གསུམ་པ་ལུས་སེམས་ཀྱིས་བསྡོ་བ་བདག་སེམས་ཅན་གྱིས་མི་བཟོད་པ་སྒོམ་པ་ནི།
2553	verse-stanza	13		བདག་ལ་དེ་ཡི་ཡོན་ཏན་གྱིས།།↵ཅི་བྱ་འདི་བདག་ཡོན་ཏན་ཅན།།
2554	line-end	39		ཞེས་གསུངས་ཏེ། འདིའི་ཡོན་ཏན་ཆུང་ངུ་འདི་ལ་བདག་སེམས་ཅན་སྨོན་པར་ཡང་མི་བྱེད་དེ། དེ་ཙམ
2555	verse-stanza	25		ངན་འགྲོ་གདུག་པའི་ཁར་གནས་པའི།།↵འགྲོ་ལ་སྙིང་རྗེ་མེད་པར་འདི།།↵ཕྱིར་ལ་ཡོན་ཏན་རློམ་པ་
2556	terminal-particle	214		ཅེས་གསུངས་ཏེ། དེས་ན་མི་དགེ་བའི་ལས་སྤྱོད་པས་ངན་འགྲོའི་གཡང་ཁར་སང་ལྷུང༌། གནངས་ལྷུང་
2557	ordinal-open	72		གཉིས་པ་སེམས་ཅན་རྣམས་བདག་ཏུ་བྱས་ནས་གཞན་ལུས་སེམས་ལ་འགྲན་སེམས་སྒོམ་པ་ལ་གསུམ། ལུས་སེ
2558	ordinal-open	3		དང་པོ་ནི།
2559	verse-stanza	25		བདག་དང་མཉམ་གཞན་ལ་བལྟས་ནས།།↵གང་གིས་རང་ནི་ལྷག་བྱའི་ཕྱིར།།↵བདག་གི་རྙེད་དང་བཀུར་སྟི་
2560	line-end	141		ཅེས་གསུངས་ཏེ། ཕྲག་དོག་ཇི་ལྟར་སྒོམ་པ་བཤད་ནས། ད་ནི་འགྲན་སེམས་སྒོམ་ཚུལ་བཤད་པར་བྱ་སྟ
2561	ordinal-open	19		གཉིས་པ་ལུས་སེམས་ནི་གྲགས་སུ་མི་གཞུག་ཅིང་བདག་སེམས་ཅན་གྱི་གྲགས་པ་སྤེལ་བ་ནི།
2562	verse-stanza	25		ཅི་ནས་བདག་གི་ཡོན་ཏན་ནི།།↵འཇིག་རྟེན་ཀུན་ལ་གྲགས་པ་དང༌།།↵གཞན་ཡང་འདི་ཡི་ཡོན་ཏན་གང༌།།
2563	terminal-particle	33		ཞེས་གསུངས་ཏེ། ཅི་ནས་བདག་སེམས་ཅན་གྱི་ཡོན་ཏན་ནི་འཇིག་རྟེན་ཀུན་ལ་གྲགས་པར་བྱ་ལ་གཞན་ལ
2564	ordinal-open	26		གསུམ་པ་ཉེས་པ་ཐམས་ཅད་གཞན་ལུས་སེམས་འདི་ལ་བསྐུར་ཞིང་ལེགས་པ་ཐམས་ཅད་བདག་སེམས་ཅན་གྱིས་
2565	verse-stanza	25		བདག་གི་སྐྱོན་ཡང་སྦ་བྱ་ཞིང༌།།↵བདག་ནི་མཆོད་འགྱུར་འདི་ལ་མིན།།↵བདག་དེང་རྙེད་པ་ལེགས་བ
2566	terminal-particle	61		ཞེས་གསུངས་ཏེ། བདག་སེམས་ཅན་གྱི་སྐྱོན་ནི་ཤིན་ཏུ་ཆེ་ན་ཡང་རུང་ཆུང་ན་ཡང་རུང་སྟེ་གསང་ཞ
2567	line-end	37		བདག་སེམས་ཅན་ནི་དེང་དུས་དང་ཕྱིས་ནས་ཀྱང་རྙེད་པ་རྙེད་ཅིང་ཐམས་ཅད་ཀྱིས་བཀུར་སྟི་བྱེད་
2568	verse-stanza	25		འདི་ནི་མ་རུངས་བྱས་པ་ལ།།↵ཡུན་རིང་བདག་ནི་དགའ་བས་ལྟ།།↵འགྲོ་བ་ཀུན་གྱིས་བཞད་གད་དང༌།།↵
2569	terminal-particle	86		ཞེས་གསུངས་ཏེ། ལུས་སེམས་ཙམ་ལ་ཐོག་མ་མེད་པ་ནས་ངར་གཅེས་པས་ཞེན་པ་འདི་ནི་ཤིན་ཏུ་མི་རུང
2570	ordinal-open	35		གསུམ་པ་སེམས་ཅན་རྣམས་བདག་ཏུ་བྱས་ནས་གཞན་ལུས་སེམས་ལ་ང་རྒྱལ་སྒོམ་པ་ལ་གཉིས། ལུས་སེམས་
2571	ordinal-open	3		དང་པོ་ནི།
2572	verse-stanza	25		ཉོན་མོངས་འདི་ཡང་བདག་དང་ནི།།↵ལྷན་ཅིག་ཏུ་ནི་འགྲན་ཞེས་གྲག།↵འདི་བདག་ཐོས་དང་ཤེས་རབ་བམ
2573	line-end	111		ཞེས་གསུངས་ཏེ། ང་རྒྱལ་སྒོམ་པ་ནི་དེ་ཙམ་དུ་འཁོན་དུ་འཛིན་པའི་རྒྱུ་མཚན་ཅི་ཞེ་ན། ལུས་ས
2574	verse-stanza	25		དེ་ལྟར་ཀུན་ལ་གྲགས་པ་ཡི།།↵བདག་གི་ཡོན་ཏན་ཐོས་ནས་ནི།།↵སྤུ་ལྡང་དགའ་བ་སྐྱེ་འགྱུར་བའི།
2575	terminal-particle	58		ཅེས་གསུངས་ཏེ། དེ་ལྟར་བདག་སེམས་ཅན་གྱིས་ཡོན་ཏན་ཆེན་པོ་འདི་ནི་འཇིག་རྟེན་ཀུན་ལ་ཡོངས་
2576	ordinal-open	12		གཉིས་པ་དེ་བདག་གི་བྲན་དུ་བཀོལ་བར་བསྟན་པ་ནི།
2577	verse-stanza	25		ཅི་སྟེ་འདི་ལ་རྙེད་ཡོད་ཀྱང༌།།↵གལ་ཏེ་ང་ཡི་ལས་བྱེད་ན།།↵འདི་ལ་འཚོ་བ་ཙམ་བྱིན་ནས།།↵བདག
2578	verse-stanza	13		འདི་ནི་བདེ་ལས་ཉམས་བྱ་ཞིང༌།།↵བདག་གི་སྣོད་དང་རྟག་སྦྱར་བྱ།།
2579	terminal-particle	205		ཞེས་གསུངས་ཏེ། དེ་བས་ན་ཅི་སྟེ་ལུས་སེམས་ཁྱོད་ལ་རྙེད་པ་དང་ལོངས་སྤྱོད་མང་དུ་ཡོད་ཀྱང་
2580	line-end	16		དེ་ལྟར་སེམས་ཅན་ལ་བདག་ཏུ་བཟུང་ནས་བདག་གཞན་བརྗེ་བ་བསྟན་ཟིན་ནས།
2581	ordinal-open	44		གཉིས་པ་བདག་འཛིན་རང་སར་བཞག་ནས་བདག་གཞན་བརྗེ་བ་ལ་གསུམ། སྔར་རང་དོན་འབའ་ཞིག་བསམས་པས་བ
2582	ordinal-open	3		དང་པོ་ནི།
2583	verse-stanza	25		འདི་ཡིས་བརྒྱ་ཕྲག་ཐམས་ཅད་དུ།།↵འཁོར་བར་བདག་ལ་གནོད་པ་བྱས།།↵ཡིད་ཁྱོད་རང་དོན་བྱེད་འདོ
2584	verse-stanza	13		ངལ་བ་ཆེན་པོ་དེ་ལྟ་བུས།།↵ཁྱོད་ཀྱི་སྡུག་བསྔལ་འབའ་ཞིག་བསྒྲུབས།།
2585	terminal-particle	57		ཞེས་གསུངས་ཏེ། དེས་ན་བདག་འཛིན་འདི་ཡིས་འཁོར་བ་ཐོག་མ་མེད་པ་ནས་བདག་ཏུ་བཟུང་ཡུལ་གྱི་ས
2586	ordinal-open	17		གཉིས་པ་ཕྱིན་ཆད་དེ་ལས་ལྡོག་པར་གདམས་པ་ནི། དེ་ལྟར་ངེས་པར་གཞན་དག་གི།
2587	verse-stanza	19		དོན་ལ་རབ་ཏུ་འཇུག་གྱིས་དང༌།།↵ཐུབ་པའི་བཀའ་ནི་མི་སླུ་བས།།↵དེ་ཡི་ཡོན་ཏན་ཕྱིས་མཐོང་འག
2588	line-end	48		ཞེས་གསུངས་ཏེ། ད་ནི་བདག་གཅེས་འཛིན་དེ་ཐོངས་ལ་གཞན་དོན་ལ་རབ་ཏུ་འཇུག་པར་གྱིས་དང༌། རང་
2589	verse-stanza	25		གལ་ཏེ་ཁྱོད་ཀྱིས་སྔ་དུས་སུ།།↵ལས་འདི་བྱས་པར་གྱུར་ན་ནི།།↵སངས་རྒྱས་ཕུན་སུམ་བདེ་མིན་པ
2590	line-end	62		ཞེས་གསུངས་ཏེ། སྔོན་ནས་སེམས་ཁྱོད་ཀྱིས་འདི་ལྟར་བྱས་ན་སངས་རྒྱས་ཀྱི་བདེ་བ་འཐོབ་ཀྱི་འ
2591	ordinal-open	25		གསུམ་པ་བདེ་དགེ་རྣམས་གཞན་ལ་བྱིན་ལ་སྡུག་བསྔལ་བདག་གིས་ལོང་ཞིག་པར་གདམས་པ་ནི། དེ་བས་འ
2592	verse-stanza	19		ཁུ་བ་ཁྲག་གི་ཐིགས་པ་ལ།།↵ཁྱོད་ཀྱིས་བདག་འཛིན་བྱས་པ་ལྟར།།↵དེ་བཞིན་གཞན་ལའང་གོམས་པར་གྱ
2593	line-end	27		ཞེས་གསུངས་ཏེ། ད་ནི་སྔར་ཁུ་ཁྲག་ལ་བདག་ཏུ་བཟུང་བ་དེ་ལྟར་ཁྱོད་ཀྱིས་གཞན་སེམས་ཅན་ལ་ཡང་
2594	verse-stanza	25		གཞན་གྱི་རྟོག་ཆེན་བྱས་ནས་ནི།།↵བདག་གི་ལུས་ལ་ཅི་སྣང་བ།།↵དེ་དང་དེ་ཉིད་ཕྲོགས་བྱས་ནས།།
2595	line-end	48		ཞེས་གསུངས་ཏེ། དེ་བཞིན་དུ་ད་ནི་གཞན་ཁོ་ན་གཅེས་པར་བཟུང་ནས་གཞན་གྱི་རྟོག་ཆེན་པ་སྟེ་མཚ
2596	verse-stanza	25		བདག་སྐྱིད་གཞན་ནི་མི་སྐྱིད་ལ།།↵བདག་མཐོ་གཞན་ནི་དམའ་བ་དང༌།།↵དག་ནི་ཕན་བྱེད་གཞན་མིན་ཞ
2597	line-end	37		ཅེས་གསུངས་ཏེ། འཁོར་བ་ཐོག་མེད་ནས་བདག་འཛིན་འདིས་གནོད་པ་བྱས་པས་ད་ནི་བདག་ཉིད་བདེ་བ་ས
2598	verse-stanza	13		བདག་ནི་བདེ་དང་བྲལ་གྱིས་ཏེ།།↵གཞན་གྱི་སྡུག་བསྔལ་བདག་ལ་སྦྱོར།།
2599	line-end	25		ཞེས་གསུངས་ཏེ། དེའི་ཕྱིར་བདག་གི་བདེ་དགེ་གཞན་སེམས་ཅན་ལ་ཐོངས་ལ་གཞན་སེམས་ཅན་གྱི་སྡིག
2600	verse-stanza	13		གང་ཚེ་འདི་ན་ཅི་བྱེད་ཅེས།།↵བདག་གི་སྐྱོན་ལ་བརྟག་པར་གྱིས།།
2601	line-end	25		ཞེས་གསུངས་ཏེ། ད་ནི་གཞན་སྐྱོན་ལ་བརྟག་པའི་དུས་མ་ཡིན་གྱི་རྣམ་པ་ཀུན་ཏུ་བདག་ཉིད་ཀྱི་ས
2602	verse-stanza	25		གཞན་གྱིས་ཉེས་པ་བྱས་པ་ཡང༌།།↵རང་གི་སྐྱོན་དུ་བསྒྱུར་བྱོས་ལ།།↵བདག་གིས་ཉེས་པ་ཆུང་བྱས་
2603	line-end	108		ཅེས་གསུངས་ཏེ། བཟོད་སྨྲའི་སྐྱེས་རབས་སུ་རྒྱལ་པོས་ཉེས་མེད་དུ་ཡན་ལག་བཏུབས་ཀྱང་ཀྱེ་མ་
2604	verse-stanza	25		གཞན་གྱི་གྲགས་པ་ལྷག་བརྗོད་པས།།↵རང་གི་གྲགས་པ་ཟིལ་གྱིས་གནོན།།↵བདག་ནི་བྲན་གྱི་ཐ་མ་ལྟ
2605	line-end	41		ཞེས་གསུངས་ཏེ། དེ་བཞིན་དུ་བདག་གི་ཡོན་ཏན་སུས་ཀྱང་མི་ཤེས་པར་སྦ་ཞིང་གཞན་གྱི་ཡོན་ཏན་ད
2606	verse-stanza	25		འདི་ནི་སྐྱོན་ཅན་རང་བཞིན་ཏེ།།↵གློ་བུར་ཡོན་ཏན་ཆས་མི་བསྟོད།།↵འདི་ཡི་ཡོན་ཏན་ཅི་ནས་ཀྱ
2607	line-end	55		ཞེས་གསུངས་ཏེ། བྱིས་པ་སྐྱོན་གྱི་རང་བཞིན་ཡིན་པའི་ཕྱིར་རང་ཉིད་སྐྱོན་གྱི་འབྱུང་གནས་ས
2608	verse-stanza	25		མདོར་ན་བདག་གི་དོན་གྱི་ཕྱིར།།↵ཁྱོད་ཀྱིས་གཞན་ལ་གནོད་བྱས་གང༌།།↵གནོད་དེ་སེམས་ཅན་དོན་
2609	line-end	40		ཞེས་གསུངས་ཏེ། མདོར་ན་སྔོན་ཆད་བདག་དོན་དུ་བསམས་ནས་གཞན་ལ་གནོད་པ་བྱས་པ་དེ་ཐམས་ཅད་ད་ན
2610	verse-stanza	19		འདི་ནི་གཉའ་དྲག་འགྱུར་ཚུལ་དུ།།↵ཤེད་སྐྱེད་པར་ནི་མི་བྱ་སྟེ།།↵བག་མ་གསར་པའི་ཚུལ་བཞིན་
2611	terminal-particle	84		ངོ་ཚས་འཇིགས་དང་བསྡམས་ཏེ་བཞག། ཅེས་གསུངས་ཏེ། དེ་ལྟར་རྣམ་པ་དུ་མར་བརྟགས་ཏེ་བདག་འཛིན་
2612	ordinal-open	37		གསུམ་པ་གཉེན་པོ་ལ་བདག་ཏུ་བྱས་ནས་སེམས་ཚར་བཅད་པ་ལ་གསུམ། སེམས་ཚར་བཅད་བྱར་བསྟན། ཕྱིན་
2613	ordinal-open	3		དང་པོ་ནི།
2614	verse-stanza	25		དེ་བྱ་དེ་ལྟར་གནས་བྱ་ཞིང༌།།↵དེ་ལྟར་ཁྱོད་ཀྱིས་མི་བྱ་བ།།↵དེ་ལྟར་འདི་ནི་དབང་བྱ་སྟེ།།
2615	terminal-particle	133		ཞེས་གསུངས་ཏེ། ད་ནི་གཉེན་པོའི་ཤེས་པ་ལ་བདག་ཏུ་བཟུང་སྟེ་ལེགས་པར་འདོམས་པ་འཆད་དེ། དེ་
2616	line-end	6		ཞེས་ཅུང་ཟད་བསྡིགས་པ་དང༌།
2617	verse-stanza	25		འོན་ཏེ་དེ་ལྟར་གདམས་ཀྱང་ནི།།↵སེམས་ཁྱོད་དེ་ལྟར་མི་བྱེད་ན།།↵ཁྱོད་ལ་ཉེས་ཀུན་བརྟེན་པས
2618	line-end	105		ཅེས་གསུངས་ཏེ། དེ་ལྟར་གདམས་པས་ཀྱང་སེམས་ཁྱོད་མ་དུལ་བའི་ངན་ལང་བྱེད་ན་ནི་འཁོར་བ་ཐོག་
2619	ordinal-open	14		གཉིས་པ་ཕྱིན་ཆད་སེམས་ཀྱི་དབང་དུ་མི་གཏོང་བར་བསྟན་པ་ནི།
2620	verse-stanza	25		ཁྱོད་ཀྱིས་ཁོ་བོ་གར་བརླག་པའི།།↵སྔོན་གྱི་དུས་དེ་གཞན་ཡིན་ཏེ།།↵ངས་མཐོང་ཁྱོད་ད་གང་དུ་
2621	line-end	109		ཞེས་གསུངས་ཏེ། འཁོར་བ་ཐོག་མེད་ནས་ཕུང་པོ་ལ་བདག་འཛིན་ཁྱོད་ཀྱིས་སེམས་རྒྱུན་ཙམ་ཁོ་བོ་
2622	verse-stanza	25		ད་དུང་བདག་ལ་རང་གི་དོན།།↵ཡོད་སྙམ་སེམས་པ་དེ་དོར་ཞིག།↵བདག་གིས་གཞན་ལ་ཁྱོད་བཙོངས་ཀྱིས
2623	line-end	95		ཞེས་གསུངས་ཏེ། ད་ཕྱིན་ཆད་ཕུང་པོ་ལ་བདག་དང་གཅེས་པར་བཟུང་ནས་བདག་བདེ་བར་བྱའོ་སྙམ་པའི་
2624	ordinal-open	13		གསུམ་པ་སེམས་ཀྱི་དབང་དུ་གཏོང་མི་རིགས་པར་བསྟན་པ་ནི།
2625	verse-stanza	25		གལ་ཏེ་བག་མེད་གྱུར་ནས་ཁྱོད།།↵སེམས་ཅན་རྣམས་ལ་མ་བྱིན་ན།།↵ཁྱོད་ཀྱིས་ཁོ་བོ་དམྱལ་བ་ཡི།
2626	terminal-particle	59		ཞེས་གསུངས་ཏེ། རྣམ་པ་ཀུན་ཏུ་བག་མེད་པར་གྱུར་པ་གདོལ་བ་ལྟ་བུའི་སེམས་བདག་འཛིན་ཅན་ཁྱོད
2627	line-end	13		དེ་ལྟར་ཁྱོད་ཀྱིས་རེ་ལྟ་ཞིག། ཁོ་བོ་བྱིན་པས་ཡུན་རིང་སྡུག།
2628	verse-stanza	13		ད་ནི་འཁོན་རྣམས་དྲན་བྱས་ཏེ།།↵ཁྱོད་ཀྱི་རང་དོན་སེམས་པ་གཞོམ།།
2629	terminal-particle	137		ཞེས་གསུངས་ཏེ། སྔར་ཡང་ཐོག་མ་མེད་པ་ནས་ཕུང་པོ་ལ་བདག་འཛིན་ཁྱོད་ལ་གཅེས་སྤྲས་སུ་བྱས་པས
2630	ordinal-open	66		བཞི་པ་ལུས་ལ་ཆགས་པ་ཉེས་པའི་འབྱུང་གནས་སུ་བསྟན་པ་ལ་དྲུག ། མདོར་བསྟན། བསྐྱངས་ན་གཟེ་ར
2631	ordinal-open	3		དང་པོ་ནི།
2632	verse-stanza	25		དེས་ཏེ་བདག་ནི་དགའ་འདོད་ན།།↵རང་ལ་བདག་གིས་དགར་མི་བྱ།།↵དེས་ཏེ་བདག་ནི་སྲུང་འདོད་ན།།↵
2633	terminal-particle	111		ཞེས་གསུངས་ཏེ། དེ་ལྟར་གཉེན་པོའི་ཤེས་པ་ལ་བདག་ཏུ་བྱས་ཤིང་ཕུང་པོ་ངར་འཛིན་ལ་གཞན་དུ་བཞ
2634	terminal-particle	45		བདག་ཉིད་སྲུང་བར་འདོད་པ་དེས་ཀྱང་གཞན་ཐམས་ཅད་སྲུང་བར་བྱ་སྟེ་ཐམས་ཅད་ཀྱི་ནང་དུ་བདག་ཉི
2635	ordinal-open	9		གཉིས་པ་བསྐྱངས་ན་གཟེ་རེག་འཕེལ་བ་ནི།
2636	verse-stanza	25		ཇི་ལྟ་ཇི་ལྟར་ལུས་འདི་ནི།།↵ཡོངས་སུ་སྐྱོང་བར་བྱེད་འགྱུར་བ།།↵དེ་ལྟ་དེ་ལྟར་ཤིན་ཏུ་ནི
2637	line-end	90		ཞེས་གསུངས་ཏེ། དེས་ན་བདག་ལ་ཆགས་པར་མི་བྱ་སྟེ་སེམས་ནི་ངོ་བོ་ཉིད་ཀྱིས་སྟོང་ཞིང་རང་བཞ
2638	verse-stanza	25		དེ་ལྟར་ལྟུང་བ་དེ་ཡི་ཡང༌།།↵འདོད་པ་ས་འདི་ཐམས་ཅད་ཀྱིས།།↵རྫོགས་པར་ནུས་པ་ཡོད་མིན་ན།།↵
2639	line-end	65		ཞེས་གསུངས་ཏེ། སེམས་ཅན་གཅིག་གི་འདོད་པ་ལ་བརྣབ་སེམས་པ་དེའི་བསམ་པ་ནི་ས་འདི་ཐམས་ཅད་གས
2640	verse-stanza	13		ནུས་མེད་འདོད་ལས་ཉོན་མོངས་དང༌།།↵བསམ་པ་ཉམས་པའང་སྐྱེ་བར་འགྱུར།།
2641	line-end	83		ཞེས་གསུངས་ཏེ། ལོངས་སྤྱོད་དང་བདེ་བ་ཅི་ཐོབ་ཀྱང་ཚིམ་པ་མེད་ཀྱི་སྟེང་དུ་སླར་ཡང་ཆོག་མི
2642	verse-stanza	13		གང་ཞིག་ཀུན་ལ་ལྟོས་མེད་པ།།↵དེ་ཡི་ཕུན་ཚོགས་ཟད་མི་ཤེས།།
2643	terminal-particle	69		ཞེས་གསུངས་ཏེ། དེས་ན་སུ་ཞིག་གང་ལ་ཡང་བལྟོས་པ་དང་རེ་བ་དང་ཆགས་པ་མེད་པ་དེ་ལ་ནི་གནས་སྐ
2644	ordinal-open	10		གསུམ་པ་བདག་ཏུ་བཟུང་བྱ་མ་ཡིན་པ་ནི།
2645	verse-stanza	25		དེ་བས་ལུས་ཀྱི་འདོད་པ་ནི།།↵འཕེལ་ཕྱིར་སྐབས་དབྱེ་མི་བྱ་སྟེ།།↵གང་ཞིག་ཡིད་འོང་མི་འཛིན
2646	line-end	60		ཞེས་གསུངས་ཏེ། དེ་བས་ན་ལུས་ལ་ཆགས་ཤིང་ཞེན་པའི་སེམས་སྐྱེ་བའི་སྐབས་དབྱེ་བར་མི་བྱ་ལ་ག
2647	verse-stanza	25		ཐ་མར་ཐལ་བའི་མཐར་གཏུགས་ཤིང༌།།↵མི་གཡོ་གཞན་གྱིས་བསྐྱོད་བྱ་བ།།↵མི་གཙང་གཟུགས་ནི་མི་བཟ
2648	line-end	161		ཞེས་གསུངས་ཏེ། དེས་ན་ཤི་བའི་མཐར་ཤ་རུས་སོ་སོར་འབྲལ་ཞིང་རུས་ཚིགས་སུམ་བརྒྱ་དྲུག་ཅུ་པ
2649	ordinal-open	9		བཞི་པ་ལུས་ལ་སྙིང་པོ་མེད་པ་ནི།
2650	verse-stanza	25		གསོན་ནམ་ཡང་ན་ཤི་ཡང་སླའི།།↵བདག་ལ་འཁྲུལ་འཁོར་འདིས་ཅི་བྱ།།↵བོང་སོགས་འདི་ཁྱད་ཅི་ཡོད་
2651	line-end	150		ཅེས་གསུངས་ཏེ། དེས་ན་གསོན་པའམ་ཤི་བ་གང་གི་ཚེ་ཡང་སེམས་སྟོང་པ་ཁྱོད་ལ་ལུས་གདོས་བཅས་རོ
2652	verse-stanza	26		འདི་ལུས་རྩ་དང་རྩིག་པ་འདྲ།།↵སེམས་ནི་བསྟན་ཏུ་མ་མཆིས་ཏེ།།↵ཞེས་སོགས་ཀྱིས་ལན་བཏབ་པ་བཞ
2653	verse-stanza	19		དོན་མེད་སྡུག་བསྔལ་ཉེར་བསགས་ནས།།↵རྗེས་སུ་ཆགས་དང་ཁོང་ཁྲོ་བ།།↵ཤིང་མཚུངས་འདི་ལ་ཅི་ཞི
2654	line-end	113		ཞེས་གསུངས་ཏེ། དེས་ན་སྔོན་ཆད་ལུས་འདིའི་འཚོ་ཚིས་ཀྱི་ཁ་ཏ་ཁོ་ན་བྱས་ཏེ་ཟས་གོས་སོགས་ཀྱ
2655	verse-stanza	25		བདག་གིས་འདི་ལྟར་བསྐྱངས་པ་འམ།།↵བྱ་རྒོད་སོགས་ཀྱིས་ཟོས་ཀྱང་རུང༌།།↵ཆགས་མེད་ཞེ་སྡང་ཡོ
2656	line-end	41		ཅེས་གསུངས་ཏེ། སེམས་བདག་གིས་བསྐྱངས་པ་དང་ཕྱིས་བྱ་རྒོད་ཀྱིས་ཟོས་པ་གཉི་གའི་ཚེ་ཡང་སྐྱ
2657	ordinal-open	16		ལྔ་པ་ལུས་ལ་བསྟོད་དམད་བྱས་པ་ལ་ཆགས་སྡང་སྐྱེད་མི་རིགས་པ་ནི།
2658	verse-stanza	25		གང་ཞིག་སྨོད་པས་ཁྲོ་བ་དང༌།།↵གང་ཞིག་བསྟོད་པས་མགུ་གྱུར་བ།།↵གལ་ཏེ་དེ་ཉིད་ཤེས་མེད་ན།།
2659	line-end	61		ཞེས་གསུངས་ཏེ། བསྟོད་དམ་དམད་ཀྱང་བདག་ལ་བསྟོད་དོ་ཞེའམ་དམད་དོ་ཞེས་ཁོ་རང་གིས་དེ་ཉིད་ཤ
2660	verse-stanza	25		གང་ཞིག་ལུས་འདི་འདོད་གྱུར་པ།།↵དེ་དང་བདག་བཤེས་ཡིན་ཞེ་ན།།↵ཐམས་ཅད་རང་གི་ལུས་འདོད་པས།
2661	line-end	43		ཞེས་གསུངས་ཏེ། ཡང་ལུས་འདི་ལ་ཕན་པར་འདོད་པ་དེ་སེམས་བདག་གི་བཤེས་སམ་མཛའ་བོ་ཡིན་ནོ་ཞེ་
2662	ordinal-open	22		དྲུག་པ་ལུས་སྙིང་པོ་མེད་ཀྱང་དུས་མིན་དུ་མི་དོར་ཞིང་དུས་སུ་ཕྱིན་ན་བཏང་བྱར་བསྟན་པ་ནི
2663	verse-stanza	13		དེ་བས་བདག་གིས་ཆགས་མེད་པར།།↵འགྲོ་ལ་ཕན་ཕྱིར་ལུས་བཏང་བྱ།།
2664	line-end	111		ཞེས་གསུངས་ཏེ། དེ་རྣམས་ལ་སོགས་པའི་རྒྱུ་མཚན་མཐའ་ཡས་པས་ན་སེམས་བདག་གིས་ལུས་འདི་ལ་ཆགས
2665	verse-stanza	13		དེས་ན་འདི་ལ་ཉེས་མང་ཡང༌།།↵ལས་ཀྱི་སྤྱད་བཞིན་བཟུང་བར་བྱ།།
2666	terminal-particle	74		ཞེས་གསུངས་ཏེ། འོ་ན་ཉན་ཐོས་མི་སྡུག་པ་གོམས་པ་དག་ལྕེབ་པ་དང་གསོད་དུ་འཇུག་པར་བརྩོན་པ་
2667	terminal-particle	31		དེས་ན་ལུས་ལ་ཆགས་པའི་བློ་སྤང་བར་བསྟན་གྱི་ལུས་ཉིད་སྤང་བར་བསྟན་པ་མ་ཡིན་པས་ལུས་སྲུང་
2668	ordinal-open	26		གསུམ་པ་བསམ་གཏན་གྱི་སྒྲིབ་པ་བསལ་བ་ལ་གཉིས། བསམ་གཏན་གྱི་སྒྲིབ་པ་ལྔ་སེལ་བ་བསྟན། རྩེ་
2669	ordinal-open	9		དང་པོ་ནི། དེ་བས་བྱིས་པའི་སྤྱོད་པས་ཆོག།
2670	verse-stanza	19		བདག་གིས་མཁས་པའི་རྗེས་སྙེག་སྟེ།།↵བག་ཡོད་གཏམ་ནི་དྲན་བྱས་ནས།།↵གཉིད་དང་རྨུགས་པ་བཟློག
2671	terminal-particle	137		ཞེས་གསུངས་ཏེ། དེ་ཡང་འདུ་འཛི་ལ་དགའ་བ་དང༌། ཕྱི་ཡོ་བྱད་དང་ནང་སེམས་ཅན་ལ་ཆགས་པ་སོགས་འ
2672	terminal-particle	33		ཞེས་རང་གིས་དམ་བཅས་ཏེ་བག་ཡོད་ཀྱི་ལེའུར་བཤད་པའི་གཏམ་རྣམས་དྲན་པར་བྱས་ལ་བསམ་གཏན་གྱི་
2673	line-end	9		དེ་ལ་སྒྲིབ་པ་ནི་ལྔ་སྟེ། བཤེས་སྤྲིང་ལས།
2674	verse-stanza	33		རྒོད་ཅིང་འགྱོད་དང་གནོད་སེམས་རྨུགས་པ་དང༌།།↵གཉིད་དང་འདོད་ལ་འདུན་དང་ཐེ་ཚོམ་སྟེ།།↵ལྔ
2675	terminal-particle	15		ཞེས་པ་ལྟར་རྒོད་འགྱོད་དང༌། གནོད་སེམས་དང༌། གཉིད་རྨུགས་དང༌། འདོད་འདུན་དང༌། ཐེ་ཚོམ་ས
2676	ordinal-open	11		གཉིས་པ་རྩེ་གཅིག་ཏུ་འབད་དགོས་པར་བསྟན་པ་ནི།
2677	verse-stanza	25		རྒྱལ་སྲས་ཐུགས་རྗེ་ཆེ་རྣམས་ལྟར།།↵རིགས་པའི་སྲན་ནི་གཟུགས་བྱས་ཏེ།།↵ཉིན་མཚན་ཕྱད་པར་མ་
2678	terminal-particle	79		ཞེས་གསུངས་ཏེ། དེས་ན་མཁས་པ་རྒྱལ་བའི་སྲས་ཐུགས་རྗེའི་དབང་ཕྱུག་ཆེན་པོ་དེ་རྣམས་ལུས་སྲ
2679	ordinal-open	6		གསུམ་པ་དོན་བསྡུ་བ་ནི།
2680	verse-stanza	25		དེ་བས་སྒྲིབ་པ་བསལ་བའི་ཕྱིར།།↵ལོག་པའི་ལམ་ལས་སེམས་བསླན་ཏེ།།↵ཡང་དག་དམིགས་ལ་རྟག་པར་ཡ
2681	terminal-particle	328		ཞེས་གསུངས་ཏེ། དེ་ལྟར་རྒྱས་པར་བཤད་ནས་ད་ནི་ལེའུ་འདི་མཐའ་དག་གི་དོན་བསྡུ་བར་བྱ་སྟེ། 
2682	line-end	2		དེས་ན།
2683	verse-stanza	13		དེ་བས་སྒྲིབ་པ་བསལ་བའི་ཕྱིར།།↵ལོག་པའི་ལམ་ལས་སེམས་བསླན་ཏེ།།
2684	terminal-particle	53		ཞེས་པས་མི་མཐུན་ཕྱོགས་སྤོང་བ་ཐམས་ཅད་བསྡུས་ཤིང༌། ཡང་དག་དམིགས་ལ། ཞེས་པས་ཡུལ་ལྷག་མཐོ
2685	terminal-particle	25		བྱང་ཆུབ་སེམས་དཔའི་སྤྱོད་པ་ལ་འཇུག་པ་ལས། བསམ་གཏན་བསྟན་པ་ཞེས་བྱ་བ་སྟེ་ལེའུ་བརྒྱད་པ་
2686	terminal-particle	45		ch-9 དེ་ལྟར་ཡང་དག་པའི་བསམ་གཏན་ལ་འབད་པས་ཟད་པ་དང་མི་སྐྱེ་བ་ཤེས་པའི་བར་གྱི་ཤེས་རབ་མ
2687	ordinal-open	31		དྲུག་པ་ཤེས་རབ་ཀྱི་ལེའུ་འཆད་པ་ལ་ལྔ། ཤེས་རབ་ཀྱི་ཕན་ཡོན། ཤེས་རབ་ངོས་བཟུང་བ། སྟོང་ཉི
2688	ordinal-open	3		དང་པོ་ནི།
2689	verse-stanza	25		ཡན་ལག་འདི་དག་ཐམས་ཅད་ནི།།↵ཐུབ་པས་ཤེས་རབ་དོན་དུ་གསུངས།།↵དེ་ཡི་ཕྱིར་ན་སྡུག་བསྔལ་དག།
2690	terminal-particle	80		ཅེས་གསུངས་ཏེ། སྦྱིན་པ་ལ་སོགས་པ་ཡན་ལག་ལྔ་པོ་འདི་དག་ཐམས་ཅད་ནི་ཐུབ་པ་བཅོམ་ལྡན་འདས་ཀ
2691	quote-close	2		ཞེས་སོ།།
2692	terminal-particle	42		དེ་ཡི་ཕྱིར་ན་སྦྱིན་སོགས་ལྔ་པོ་ཙམ་གྱིས་ཆོག་ཤེས་པར་མི་བྱ་བར་སླར་རང་གཞན་གྱི་སྡུག་བས
2693	line-end	2		གལ་ཏེ།
2694	verse-stanza	21		སྦྱིན་པ་སྦྱིན་པའི་སྔོན་དུ་འགྲོ་བ་ཤེས་རབ་སྟེ།།↵ཚུལ་ཁྲིམས་བཟོད་དང་བརྩོན་འགྲུས་བསམ་
2695	line-end	89		ཞེས་སྦྱིན་སོགས་ལྔའི་སྔོན་དུ་ཤེས་རབ་དགོས་པར་བཤད་པ་དང་འགལ་ལོ་ཞེ་ན། དེ་ནི་སྦྱིན་སོག
2696	verse-stanza	25		བསོད་ནམས་ཆུང་བས་ཆོས་འདི་ལ།།↵ཐེ་ཚོམ་ཙམ་ཡང་མི་སྐྱེ་སྟེ།།↵འདི་ལ་ཐེ་ཚོམ་སྐྱེས་པས་ཀྱང
2697	terminal-particle	5		ཞེས་གསུངས་པ་བཞིན་ནོ།།
2698	ordinal-open	25		གཉིས་པ་ཤེས་རབ་ངོས་བཟུང་བ་ལ་གཉིས། ཤེས་བྱ་བདེན་པ་གཉིས་སྟོང་ཉིད་དུ་སྒྲུབ་པ་དང༌། དེ་
2699	ordinal-open	16		དང་པོ་ལ་བཞི། བདེན་གཉིས་ཀྱི་དབྱེ་བ། མཚན་ཉིད། དེ་སྒྲུབ་པ། དེ་ལ་རྩོད་པ་སྤང་བའོ།།
2700	ordinal-open	3		དང་པོ་ནི།
2701	verse-stanza	13		ཀུན་རྫོབ་དང་ནི་དོན་དམ་སྟེ།།↵འདི་ནི་བདེན་པ་གཉིས་སུ་འདོད།།
2702	terminal-particle	44		ཅེས་གསུངས་ཏེ། འདིར་ནི་མདོར་བསྡུ་ན་གང་ཤེས་པར་བྱ་བ་ནི། ཀུན་རྫོབ་ཀྱི་བདེན་པ་དང༌། དོ
2703	terminal-particle	5		ཞེས་ཞལ་གྱིས་འཆེས་པའོ།།
2704	terminal-particle	17		དེ་ལ་ཀུན་ནི་མང་པོའི་སྒྲ་སྟེ་རྣམ་པ་སྣ་ཚོགས་པར་སྣང་བའི་དོན་ཏོ།།
2705	terminal-particle	27		རྫོབ་ནི་བརྫུན་པའི་དོན་ཏེ་ཇི་ལྟར་སྣང་བ་དེར་མི་བདེན་པས་གསོབ་དང་གསོག་དང་ཡ་མ་རླ་ཙམ་ད
2706	terminal-particle	92		འོ་ན་ཅིའི་ཕྱིར་ཀུན་རྫོབ་དེ་བདེན་པར་བཞག་ཅེ་ན། རེ་ཞིག་འཇིག་རྟེན་གཞུག་པའི་ཐ་སྙད་ཀྱི
2707	terminal-particle	47		ཀུན་རྫོབ་ལ་བལྟོས་ན་དངོས་པོའི་གནས་ཚུལ་དུ་ཞུགས་པའི་ཕྱིར་དང་དོན་དུ་གཉེར་བྱ་ཡིན་པའི་
2708	terminal-particle	22		འདིས་ནི་དོན་དམ་པར་བདེན་པ་ཞེས་ཁྱད་གཞི་དང་ཁྱད་ཆོས་ཀྱི་སྒྲར་འདོད་པ་ཡང་བསལ་བ་ཡིན་ནོ།
2709	terminal-particle	62		འདི་ནི་ཆོས་ཐམས་ཅད་ཀྱི་རང་བཞིན་གཉུག་མར་གནས་པ་ཡིན་ཞིང་འཕགས་པ་རྣམས་ཀྱི་མཉམ་བཞག་ཟབ་མ
2710	terminal-particle	34		དང་ཡིག་ནི་ཀུན་རྫོབ་དང་དེ་ལས་གཞན་པའི་དོན་དམ་ཞེས་འབྱེད་པའི་སྒྲ་ཡང་ཡིན་ལ། འདི་གཉི་ག
2711	ordinal-open	5		གཉིས་པ་མཚན་ཉིད་ནི།
2712	verse-stanza	13		དོན་དམ་བློ་ཡི་སྤྱོད་ཡུལ་མིན།།↵བློ་ནི་ཀུན་རྫོབ་ཡིན་པར་བརྗོད།།
2713	terminal-particle	55		ཅེས་གསུངས་ཏེ། འོ་ན་འདིར་བདེན་གཉིས་ཀྱི་ཟླས་ཕྱེ་བའི་དོན་དམ་པའི་བདེན་པ་དེ་གང༌། ཀུན་
2714	terminal-particle	57		ཞེས་སྟོན་པ་ཆོས་ཐམས་ཅད་ཀྱི་རང་བཞིན་རྣལ་མ་རྟོག་བཅས། རྟོག་མེད། མངོན་སུམ། རྗེས་དཔག་ས
2715	terminal-particle	15		དེ་ལྟ་བུའི་དོན་དམ་དེ་ནི་བློ་ཡི་སྤྱོད་ཡུལ་མིན་པ་ཉིད་དོ།།
2716	terminal-particle	90		འོ་ན་ཀུན་རྫོབ་ཀྱང་དེ་ལྟར་ཟད་པས་བློའི་སྤྱོད་ཡུལ་མ་ཡིན་ནོ་ཞེ་ན། ཤིན་ཏུ་བདེན་ཏེ་དེའ
2717	terminal-particle	34		ཅིའི་ཕྱིར་དོན་དམ་བློ་ཡི་སྤྱོད་ཡུལ་མིན་ཞེ་ན། བློ་འམ་ཤེས་པ་ནི་ཀུན་རྫོབ་ཉིད་ཡིན་པར་
2718	terminal-particle	93		དོན་དམ་བློ་ཡི་ཡུལ་མིན་པར་གང་གིས་ངེས་ན་འདི་ནི་བསམ་གྱིས་མི་ཁྱབ་པ་ཆོས་ཉིད་ཀྱི་རིགས་
2719	terminal-particle	166		དེ་ལྟར་ཆོས་ཀྱི་དབྱིངས་སྨྲ་བསམ་བརྗོད་པའི་ཡུལ་མ་ཡིན་པར་གཟིགས་པ་དེ་ཉིད་ལ་ཆོས་ཉིད་ཁོ
2720	ordinal-open	6		གསུམ་པ་དེ་སྒྲུབ་པ་ནི།
2721	verse-stanza	24		དེ་ལ་འཇིག་རྟེན་རྣམ་གཉིས་མཐོང༌།།↵རྣལ་འབྱོར་པ་དང་ཕལ་པའོ།།↵དེ་ལ་འཇིག་རྟེན་ཕལ་པ་ནི།།
2722	verse-stanza	13		རྣལ་འབྱོར་པ་ཡང་བློ་ཁྱད་ཀྱིས།།↵གོང་མ་གོང་མ་རྣམས་ཀྱིས་གནོད།།
2723	terminal-particle	75		ཅེས་གསུངས་ཏེ། གལ་ཏེ་སོ་སྐྱེའི་མཐོང་བ་དོན་དམ་མ་ཡིན་མོད་ཀྱང་དོན་དམ་པ་འཕགས་པ་རྣམས་ཀ
2724	terminal-particle	27		དེ་ལ་འཇིག་རྟེན་ཕལ་པ་ནི་གཉིས་ཏེ་གྲུབ་མཐའ་ལ་མ་ཞུགས་པ་སྐྱེ་བོ་སྤྱི་དང་གྲུབ་མཐའ་ལ་ཞུ
2725	terminal-particle	404		རྣལ་འབྱོར་པ་ཡང༌། གྲུབ་མཐའ་བཞི་སྨྲ་བ་དང༌། ལམ་ལྔ་དང༌། མཐོང་སྒོམ་ལ་ས་བཅུར་ཕྱེ་བས་རྣ
2726	terminal-particle	64		གལ་ཏེ་མཁྱེན་པའི་ཡུལ་ཡིན་ནོ་ཞེ་ན། ཆོས་ཐམས་ཅད་རྣམ་པ་ཐམས་ཅད་དུ་མངོན་པར་རྫོགས་པར་སངས
2727	ordinal-open	12		བཞི་པ་རྩོད་སྤང་ལ་གཉིས། མདོར་བསྟན་པ་དང༌། རྒྱས་པར་བཤད་པའོ།།
2728	ordinal-open	3		དང་པོ་ནི།
2729	verse-stanza	25		གཉིས་ཀ་ཡང་ནི་འདོད་པའི་དཔེས།།↵འབྲས་བུའི་དོན་དུ་མ་དཔྱད་ཕྱིར།།↵འཇིག་རྟེན་པ་ཡིས་དངོས
2730	verse-stanza	13		སྒྱུ་མ་ལྟ་བུ་མིན་པས་འདིར།།↵རྣལ་འབྱོར་པ་དང་འཇིག་རྟེན་རྩོད།།
2731	terminal-particle	191		ཅེས་གསུངས་ཏེ། འོ་ན་བློ་ཐམས་ཅད་འཁྲུལ་པ་ཡིན་ན་འཁྲུལ་པ་ནི་མེད་པ་ཉིད་ཡིན་པས་གཟུགས་སོ
2732	terminal-particle	103		མདོར་ན་གྲུབ་མཐའ་ལ་མ་ཞུགས་པ་དང་ཞུགས་པའི་འཇིག་རྟེན་པ་ཡིས་ནི་གཟུགས་སོགས་དངོས་པོ་རྣམ
2733	terminal-particle	5		ཞེས་གསུངས་པ་ལྟར་རོ།།
2734	ordinal-open	19		གཉིས་པ་རྒྱས་བཤད་ལ་གཉིས། ཀུན་རྫོབ་ལ་རྩོད་སྤང་དྲུག་དང༌། དོན་དམ་གྱི་རྩོད་སྤང་གཉིས་བ
2735	ordinal-open	56		དང་པོ་ལ་དྲུག ཚད་མ་དང་འགལ་བ་སྤང་བ། ལུང་དང་འགལ་བ་སྤང་བ། སངས་རྒྱས་མཆོད་པས་བསོད་ནམས་
2736	ordinal-open	3		དང་པོ་ནི།
2737	verse-stanza	25		གཟུགས་སོགས་མངོན་སུམ་ཉིད་ཀྱང་ནི།།↵གྲགས་པས་ཡིན་གྱི་ཚད་མས་མིན།།↵དེ་ནི་མི་གཙང་ལ་སོགས
2738	terminal-particle	77		ཞེས་གསུངས་ཏེ། གཟུགས་སྒྲ་སོགས་ཡང་དག་པར་ཡོད་དེ་མངོན་སུམ་དུ་མྱོང་བའི་ཕྱིར་སྙམ་ན། གཟ
2739	line-end	4		ཏིང་རྒྱལ་ལས་ཀྱང༌།
2740	verse-stanza	33		མིག་དང་རྣ་བ་སྣ་ཡང་ཚད་མ་མིན།།↵ལྕེ་དང་ལུས་དང་ཡིད་ཀྱང་ཚད་མ་མིན།།↵གལ་ཏེ་དབང་པོ་འདི་ད
2741	terminal-particle	65		ཞེས་གསུངས་ཤིང༌། དེས་ན་མེད་བཞིན་དུ་སྣང་བ་ལ་མངོན་སུམ་དུ་མཐོང་བར་འཛིན་པ་དེ་ནི་མི་གཙ
2742	ordinal-open	9		གཉིས་པ་ལུང་དང་འགལ་བ་སྤང་བ་ནི།
2743	verse-stanza	19		འཇིག་རྟེན་གཞུག་པའི་དོན་དུ་ནི།།↵མགོན་པོས་དངོས་བསྟན་དེ་ཉིད་དུ།།↵དེ་དག་སྐད་ཅིག་མ་ཉི
2744	terminal-particle	61		ཞེས་གསུངས་ཏེ། རང་སྡེ་བྱེ་མདོ་དག་ན་རེ། གཟུགས་སོགས་མེད་ན་འདུས་བྱས་སྐད་ཅིག་མར་གསུངས
2745	terminal-particle	24		ཞེས་དངོས་སུ་བསྟན་པ་ཙམ་ཡིན་གྱི་སྐད་ཅིག་མར་གྲུབ་པར་གསུངས་པ་ནི་མ་ཡིན་ཏེ། དཔེར་ན། འད
2746	line-end	24		ཞེས་བརྗོད་པ་ན་སྒྱུ་མར་སྟོན་པ་ཡིན་གྱི་ཆུར་གྲུབ་པར་སྟོན་པ་མ་ཡིན་པ་བཞིན་ཏེ། རིགས་པ་
2747	verse-stanza	25		དགོས་པའི་དབང་གིས་རྒྱལ་བ་རྣམས།།↵ང་དང་ང་ཡི་ཞེས་གསུང་ལྟར།།↵ཕུང་པོ་ཁམས་དང་སྐྱེ་མཆེད་
2748	quote-close	2		ཞེས་སོ།།
2749	line-end	31		དེས་ན་སྐད་ཅིག་མ་དེ་ཉིད་དུ་དེ་དག་ཞེན་པར་བྱ་བ་ནི་མ་ཡིན་ཏེ་དཔྱད་ན་སྐད་ཅིག་མ་ཉིད་དུ་
2750	verse-stanza	25		ཀུན་རྫོབ་ཏུ་ཡང་འགལ་ཞེ་ན།།↵རྣལ་འབྱོར་ཀུན་རྫོབ་ཉེས་མེད་དེ།།↵འཇིག་རྟེན་ལ་བལྟོས་དེ་ཉ
2751	terminal-particle	90		ངེས་རྟོག་འཇིག་རྟེན་གྱིས་གནོད་འགྱུར།། ཞེས་གསུངས་ཏེ། འོ་ན་སྐད་ཅིག་མ་དོན་དམ་མིན་ན་ཀ
2752	terminal-particle	118		འོ་ན་སྐད་ཅིག་མ་མཐོང་བ་དེ་བདེན་པ་མཐོང་བ་ཡིན་པར་གསུངས་པ་དང་འགལ་ལོ་ཞེ་ན། མི་འགལ་ཏེ་
2753	ordinal-open	16		གསུམ་པ་སངས་རྒྱས་མཆོད་པས་བསོད་ནམས་མི་འབྱུང་བར་ཐལ་བ་སྤང་བ་ནི།
2754	verse-stanza	13		སྒྱུ་འདྲའི་རྒྱལ་ལས་བསོད་ནམས་ནི།།↵ཇི་ལྟར་དངོས་ཡོད་ལ་ཇི་བཞིན།།
2755	terminal-particle	76		ཞེས་གསུངས་ཏེ། འོ་ན་སངས་རྒྱས་མཆོད་པས་བསོད་ནམས་སུ་མི་འགྱུར་བར་ཐལ་ཏེ་སངས་རྒྱས་སྒྱུ་
2756	ordinal-open	14		བཞི་པ་སེམས་ཅན་ཤི་ནས་མི་སྐྱེ་བར་ཐལ་བ་སྤང་བ་ནི།
2757	verse-stanza	13		གལ་ཏེ་སེམས་ཅན་སྒྱུ་འདྲ་ན།།↵ཤི་ནས་ཇི་ལྟར་སྐྱེ་ཞེ་ན།།
2758	line-end	21		ཞེས་གསུངས་ཏེ། གལ་ཏེ་སེམས་ཅན་ཡང་སྒྱུ་མ་འདྲ་བ་ཡིན་ན་དེ་ཤི་ནས་ཇི་ལྟར་སྐྱེ་ཞེ་ན།
2759	verse-stanza	25		ཇི་སྲིད་རྐྱེན་རྣམས་ཚོགས་གྱུར་པ།།↵དེ་སྲིད་སྒྱུ་མའང་འབྱུང་བར་འགྱུར།།↵ཡུན་རིང་ཙམ་གྱ
2760	terminal-particle	52		སྐྱོན་མེད་དེ་ཇི་སྲིད་དུ་སྒྱུ་མའི་རྐྱེན་སྔགས་དང་སྦྱོར་བ་རྣམས་ཚོགས་པར་གྱུར་པ་དེ་སྲ
2761	terminal-particle	75		གལ་ཏེ་སྒྱུ་མ་ནི་གློ་བུར་བ་ཡིན་པས་མི་བདེན་ལ་སེམས་ཅན་ནི་ཐོག་མ་མེད་པ་ནས་འོངས་པས་བདེ
2762	ordinal-open	14		ལྔ་པ་བསད་པའི་སྡིག་པ་མི་འབྱུང་བར་ཐལ་བ་སྤང་བ་ནི།
2763	verse-stanza	25		སྒྱུ་མའི་སྐྱེས་བུ་བསད་སོགས་ལ།།↵སེམས་མེད་ཕྱིར་ན་སྡིག་མེད་དེ།།↵སྒྱུ་མའི་སེམས་དང་ལྡ
2764	line-end	120		ཞེས་གསུངས་ཏེ། འོ་ན་སེམས་ཅན་བསད་ཀྱང་སྡིག་པར་མི་འགྱུར་བར་ཐལ་ཏེ། སེམས་ཅན་སྒྱུ་མ་ལྟ་
2765	verse-stanza	13		སྔགས་སོགས་རྣམས་ལ་ནུས་མེད་ཕྱིར།།↵སྒྱུ་མའི་སེམས་ནི་འབྱུང་བ་མེད།།
2766	line-end	59		ཅེས་གསུངས་ཏེ། འོ་ན་སྒྱུ་མའི་སྐྱེས་བུ་ལ་སྒྱུ་མའི་སེམས་མི་འབྱུང་བའི་རྒྱུ་མཚན་ཅི་ཞེ
2767	verse-stanza	13		སྣ་ཚོགས་རྐྱེན་ལས་བྱུང་བ་ཡི།།↵སྒྱུ་མ་དེ་ཡང་སྣ་ཚོགས་ཉིད།།
2768	line-end	59		ཅེས་གསུངས་ཏེ། སྒྱུ་མའི་མི་སྤྲུལ་ནུས་ན་དེའི་སེམས་ཀྱང་སྤྲུལ་ནུས་སོ་ཞེ་ན། སྣ་ཚོགས་པ
2769	verse-stanza	13		རྐྱེན་གཅིག་གིས་ནི་ཀུན་ནུས་པ།།↵གང་ན་ཡང་ནི་ཡོད་མ་ཡིན།།
2770	terminal-particle	27		ཞེས་གསུངས་ཏེ། དེས་ན་རྐྱེན་གཅིག་གིས་དངོས་པོ་ཀུན་སྐྱེད་པར་ནུས་པ་དེ་འདྲ་བ་ནི་གང་ན་ཡ
2771	ordinal-open	13		དྲུག་པ་སངས་རྒྱས་ཀྱང་སླར་འཁོར་བར་ཐལ་བ་སྤང་བ་ནི།
2772	verse-stanza	13		གལ་ཏེ་དོན་དམ་མྱ་ངན་འདས།།↵འཁོར་བ་ཀུན་རྫོབ་དེ་ལྟ་ན།།
2773	line-end	55		ཞེས་གསུངས་ཏེ། འོ་ན་སྒྲིབ་པ་རང་བཞིན་གྱིས་མེད་ན་གཟོད་ནས་སངས་རྒྱས་པར་འགྱུར་ལ། དེ་ལྟ
2774	verse-stanza	13		སངས་རྒྱས་ཀྱང་ནི་འཁོར་འགྱུར་བས།།↵བྱང་ཆུབ་སྤྱོད་པ་ཅི་ཞིག་བྱ།།
2775	line-end	58		དོན་སྨྲ་བ་ན་རེ། གལ་ཏེ་དོན་དམ་པར་མྱ་ངན་ལས་འདས་པ་ཡིན་ཡང་འཁོར་བར་ཀུན་རྫོབ་ཏུ་སྣང་བ་
2776	verse-stanza	13		རྐྱེན་རྣམས་རྒྱུན་ནི་མ་ཆད་ན།།↵སྒྱུ་མའང་ལྡོག་པར་མི་འགྱུར་གྱི།།
2777	terminal-particle	108		ཞེས་གསུངས་ཏེ། དེ་ལ་སྨྲས་པ་རང་བཞིན་གྱིས་དག་པར་སངས་རྒྱས་དང་སེམས་ཅན་ཁྱད་མེད་ཀྱང་ཀུན
2778	ordinal-open	28		གཉིས་པ་དོན་དམ་གྱི་རྩོད་སྤང་ལ་གཉིས། སྒྱུ་མ་ཀུན་རྫོབ་ཏུའང་མེད་པར་ཐལ་བ་སྤང་བ་དང༌། ས
2779	ordinal-open	51		དང་པོ་ལ་བརྒྱད། འཁྲུལ་པ་མེད་ན་སྒྱུ་མ་མི་དམིགས་པར་ཐལ་བའི་རྩོད་པ་བཀོད། དེ་ལ་མཚུངས་པ
2780	ordinal-open	3		དང་པོ་ནི།
2781	verse-stanza	13		གང་ཚེ་འཁྲུལ་པའང་ཡོད་མིན་ན།།↵སྒྱུ་མ་གང་གིས་དམིགས་པར་འགྱུར།།
2782	terminal-particle	79		ཞེས་གསུངས་ཏེ། དེ་ཡང་རྣམ་རིག་སྨྲ་བ་རྣམས་ན་རེ། ཕྱི་རོལ་གྱི་དོན་རང་བཞིན་མེད་པ་བདེན་
2783	ordinal-open	9		གཉིས་པ་དེ་ལ་མཚུངས་པ་བརྗོད་པ་ནི།
2784	verse-stanza	13		གང་ཚེ་ཁྱོད་ལ་སྒྱུ་མ་ཉིད།།↵མེད་ན་དེ་ཚེ་ཅི་ཞིག་དམིགས།།
2785	terminal-particle	44		ཞེས་གསུངས་ཏེ། དེ་ལ་སྨྲས་པ། སེམས་ཙམ་པ་ཁྱོད་ཉིད་ཕྱི་རོལ་གྱི་དོན་མེད་པར་འདོད་པའི་ཕྱ
2786	ordinal-open	10		གསུམ་པ་རྣམ་བདེན་པའི་འདོད་པ་བཀོད་པ་ནི།
2787	verse-stanza	13		གལ་ཏེ་དེ་ཉིད་དུ་གཞན་ཡོད།།↵རྣམ་པ་དེ་ནི་སེམས་ཉིད་ཡིན།།
2788	line-end	56		ཞེས་གསུངས་ཏེ། དེ་ལ་གལ་ཏེ་རྣམ་བདེན་པ་ན་རེ། སྒྱུ་མ་སོགས་ཕྱི་རོལ་གྱི་དོན་དུ་མེད་ཀྱང
2789	ordinal-open	8		བཞི་པ་རང་རིག་སྤྱིར་བཀག་པ་ནི།
2790	verse-stanza	25		གང་ཚེ་སེམས་ཉིད་སྒྱུ་མ་ན།།↵དེ་ཚེ་གང་ཞིག་གང་གིས་མཐོང༌།།↵འཇིག་རྟེན་གྱི་ནི་མགོན་པོས་
2791	terminal-particle	36		ཅེས་གསུངས་ཏེ། ཕྱི་རོལ་གྱི་དོན་མེད་ན་ཕྱི་རོལ་དོན་གྱི་རྣམ་པ་ཡོད་པར་འགལ་ཏེ་རི་བོང་ག
2792	line-end	207		དེ་ལྟ་མོད་ཀྱིས་སེམས་དེ་ཉིད་ཀྱང་བལྟོས་པ་དང་བཅས་པ་དཔྱད་མི་བཟོད་པ་སྒྱུ་མ་ལྟ་བུ་ཡིན་
2793	verse-stanza	13		རལ་གྲིའི་སོ་ནི་རང་ལ་རང༌།།↵ཇི་ལྟར་མི་གཅོད་དེ་བཞིན་ཡིད།།
2794	line-end	45		རལ་གྲིའི་སོ་ནི་རང་ལ་རང་ཇི་ལྟར་མི་གཅོད་པ་དེ་བཞིན་དུ་ཡིད་ཀྱང་རང་ཉིད་གཅིག་པུ་མཐོང་ཡ
2795	verse-stanza	25		ཇི་ལྟར་རལ་གྲིས་རང་སོ་དང༌།།↵ཇི་ལྟར་སོར་མོ་རང་རྩེ་ལ།།↵མི་གཅོད་རེག་པར་མི་བྱེད་པ།།↵ད
2796	line-end	4		ཞེས་གསུངས་པའི་ཕྱིར།
2797	ordinal-open	10		ལྔ་པ་རང་གསལ་དུ་འདོད་པ་བཀག་པ་ནི།
2798	verse-stanza	13		ཇི་ལྟར་མར་མེ་རང་གི་དངོས།།↵ཡང་དག་གསལ་བར་བྱེད་བཞིན་ན།།
2799	line-end	40		ཞེས་གསུངས་ཏེ། དེ་ལ་རྣམ་རིག་པ་ན་རེ། ཇི་ལྟར་མར་མེ་རང་གིས་མར་མེའི་དངོས་པོ་ཡང་དག་པར་
2800	verse-stanza	13		མར་མེས་གསལ་བར་བྱ་མིན་ཏེ།།↵གང་ཕྱིར་མུན་གྱིས་བསྒྲིབས་པ་མེད།།
2801	line-end	63		ཅེས་གསུངས་ཏེ། དེ་ལ་བཤད་པ་དེ་ནི་དཔེ་མ་གྲུབ་སྟེ། གསལ་བ་ནི་མུན་པ་བཀག་ནས་གཟུགས་གསལ་བ
2802	verse-stanza	25		མར་མེ་དང་ནི་གང་དག་ན།།↵དེ་འདུག་པ་ན་མུན་པ་མེད།།↵མར་མེས་ཅི་ཞིག་སྣང་བར་བྱེད།།↵མུན་པ་
2803	quote-close	2		ཞེས་སོ།།
2804	line-end	29		ཡང་མར་མེ་རང་གསལ་ཡང་ཡིན་ན་གཞན་ཡང་སྣང་བར་བྱེད་པར་འདོད་དགོས་ལ། དེ་ལྟ་ན་མུན་པས་རང་གཞ
2805	verse-stanza	25		མར་མེ་རང་དང་གཞན་གྱི་དངོས།།↵གལ་ཏེ་སྣང་བར་བྱེད་འགྱུར་ན།།↵མུན་པའང་རང་དང་གཞན་གྱི་དངོ
2806	line-end	2		ཅེས་སོ།།
2807	verse-stanza	13		ཤེལ་བཞིན་སྔོན་པོ་སྔོ་ཉིད་ལ།།↵གཞན་ལ་བལྟོས་པ་ཡོད་མ་ཡིན།།
2808	line-end	126		ཞེས་གསུངས་ཏེ། རྣམ་རིག་པ་ན་རེ། སྐྱོན་དེ་མེད་དེ་ཤེལ་དྭངས་པ་སྔོན་པོ་མ་ཡིན་ཡང་དར་སྔོ
2809	verse-stanza	13		སྔོ་ཉིད་མིན་ལ་སྔོན་པོར་དེ།།↵བདག་གིས་བདག་ཉིད་བྱས་པ་མེད།།
2810	terminal-particle	190		ཅེས་གསུངས་ཏེ། དེ་དགག་པ་ནི་སྔོན་པོ་དང་རང་རིག་དཔེ་མི་མཚུངས་ཏེ་ཨུཏྤལ་ལའི་སྔོན་པོ་ནི
2811	line-end	18		དེ་ལྟ་མོད་ཀྱིས་མར་མེ་རང་གསལ་བར་བྱེད་དོ་ཞེས་སུས་ཤེས་ཏེ་བརྗོད་ཅེས་འདྲིའོ།།
2812	verse-stanza	25		མར་མེ་གསལ་བ་ཉིད་དོ་ཞེས།།↵ཤེས་པས་ཤེས་ཏེ་བརྗོད་ཅེ་ན།།↵བློ་ནི་གསལ་བ་ཉིད་ཡིན་ཞེས།།↵ག
2813	line-end	44		ཞེས་གསུངས་ཏེ། རྣམ་རིག་པ་ན་རེ། དེ་ནི་ཤེས་པས་ཤེས་ཏེ་བརྗོད་དོ་ཞེ་ན། འོ་ན་བློ་ནི་རང་
2814	verse-stanza	19		གསལ་བ་འམ་ནི་མི་གསལ་བ།།↵མོ་གཤམ་བུ་ཡི་འགྱིང་བག་བཞིན།།↵དེ་ནི་བརྗོད་ཀྱང་དོན་མེད་དོ།།
2815	line-end	12		སྒྲུབ་བྱེད་བསྒྲུབ་བྱ་དང་མཚུངས་ཏེ་རང་རིག་ཉིད་སྒྲུབས་ཤིག།
2816	ordinal-open	10		དྲུག་པ་རང་རིག་གི་སྒྲུབ་བྱེད་བཀག་པ་ནི།
2817	verse-stanza	13		གལ་ཏེ་རང་རིག་ཡོད་མིན་ན།།↵རྣམ་ཤེས་དྲན་པར་ཇི་ལྟར་འགྱུར།།
2818	line-end	26		ཞེས་གསུངས་ཏེ། རྣམ་རིག་པ་ན་རེ། གལ་ཏེ་རང་རིག་ཡོད་མིན་ན་སྔོན་མྱོང་བའི་རྣམ་ཤེས་ཕྱིས་
2819	verse-stanza	13		གཞན་མྱོང་བ་དང་འབྲེལ་བ་ལས།།↵དྲན་འགྱུར་བྱི་བའི་དུག་བཞིན་ནོ།།
2820	terminal-particle	84		ཞེས་གསུངས་ཏེ། དབུ་མ་པས་སྨྲས་པ། དེ་ནི་རང་རིག་ཡོད་པས་དྲན་པ་མ་ཡིན་ཏེ་དེ་ཉིད་ཀྱི་ཚེ་
2821	terminal-particle	56		དེས་ན་སྔོན་སྦྲུལ་གྱིས་བདག་ནི་དུག་དྲག་པས་མི་རྣམས་ལ་འཛིན་ཞིང་དེས་མི་རྣམས་འཇིགས་པར་
2822	line-end	171		གལ་ཏེ་ཡིད་མི་ཆེས་ན་མངོན་སུམ་དུ་བྱའོ་ཞེས་གཉིས་ཀར་ལམ་དུ་འདུག་སྟེ། མི་ཞིག་འོངས་པ་ན་
2823	verse-stanza	29		དཔེར་ན་དོགས་པའི་འདུ་ཤེས་ཀྱིས་ནི་དུག་འདས་པ།།↵དུག་དེ་ཁོང་དུ་སོང་བ་མེད་ཀྱང་བརྒྱལ་བར
2824	verse-stanza	13		རྐྱེན་གཞན་དག་དང་ལྡན་པ་ན།།↵མཐོང་ཕྱིར་རང་ཉིད་རང་གསལ་ན།།
2825	line-end	48		ཞེས་གསུངས་ཏེ། དེ་ལ་རྣམ་རིག་པ་ན་རེ། ཏིང་ངེ་འཛིན་ལ་སོགས་པའི་རྐྱེན་གཞན་དག་དང་ལྡན་པ་
2826	verse-stanza	13		གྲུབ་པའི་མིག་སྨན་སྦྱོར་བ་ལས།།↵བུམ་མཐོང་མིག་སྨན་ཉིད་འགྱུར་མིན།།
2827	terminal-particle	95		ཞེས་གསུངས་ཏེ། གཞན་སེམས་སོགས་ཤེས་ཀྱང་དེས་སེམས་རང་ཉིད་མཐོང་བ་མ་ཡིན་ཏེ་མིག་གིས་གཟུག
2828	terminal-particle	57		གལ་ཏེ་སྔོན་གནས་སོགས་དྲན་པའི་ཤེས་པ་དེ་ཉིད་རང་གསལ་ཡིན་ཏེ་ཏིང་ངེ་འཛིན་གྱི་རྐྱེན་ལས་
2829	terminal-particle	39		དེས་ན་རིག་བྱ་རང་དང་རིག་བྱེད་ཤེས་པ་དང་རིག་ཚུལ་གསལ་བར་འཛིན་པ་ནི་སྒྲོ་བཏགས་པ་ཉིད་ཡི
2830	ordinal-open	17		བདུན་པ་བདེན་འཛིན་ཁོ་ན་དགག་བྱར་བསྟན་པ་ནི། ཇི་ལྟར་མཐོང་ཐོས་ཤེས་པ་དག།
2831	verse-stanza	19		འདིར་ནི་དགག་པར་བྱ་མིན་ཏེ།།↵འདིར་ནི་སྡུག་བསྔལ་རྒྱུར་གྱུར་པ།།↵བདེན་པར་རྟོག་པ་བཟློག
2832	terminal-particle	171		ཞེས་གསུངས་ཏེ། འོ་ན་རང་རིག་མེད་པ་དེའི་ཚེ་གཞན་རིག་ཀྱང་མི་འཐད་པས་ཤེས་པ་ཉམས་སུ་མྱོང་
2833	terminal-particle	39		དེས་ན་ཁོ་བོ་ཅག་ལ་དེས་བརྒལ་དུ་མེད་ཀྱང་རྣམ་རིག་པ་ཁྱོད་ཉིད་ལ་གཞན་རིག་མེད་པ་དེའི་ཚེ་
2834	ordinal-open	10		བརྒྱད་པ་རྣམ་མེད་པའི་འདོད་པ་བཀག་པ་ནི།
2835	verse-stanza	25		སེམས་ལས་སྒྱུ་མ་གཞན་མིན་ཞིང༌།།↵གཞན་མིན་པར་ཡང་མི་བརྟག་ན།།↵དངོས་ན་ཇི་ལྟར་དེ་གཞན་མིན
2836	terminal-particle	54		ཅེས་གསུངས་ཏེ། ཡང་རྣམ་མེད་སྨྲ་བ་ན་རེ། རྣམ་པ་བདེན་པར་འདོད་པ་ལ་སྐྱོན་དེ་དག་འཇུག་མོད
2837	terminal-particle	118		དེ་ལ་བརྒལ་བ། ཁྱོད་སེམས་ལས་སྒྱུ་མ་གཞན་མིན་པར་འདོད་ཅིང་དེ་ལས་གཞན་གཅིག་པ་ཡང་མིན་པར་
2838	terminal-particle	32		ཅིའི་ཕྱིར་ན་སྒྱུ་མ་ནི་སྒྱུ་མ་མཁན་གྱིས་རྫས་སྔགས་ཀྱིས་སྤྲུལ་པ་ལ་རག་ལས་ལ་ཤེས་པ་ནི་ས
2839	line-end	22		སྒྱུ་མ་དེ་སེམས་ལས་གཞན་མིན་པར་འདོད་ན་ནི་དེ་གཉིས་ཐ་མི་དད་པས་སེམས་དངོས་པོར་མེད་དེ།
2840	verse-stanza	20		སྒྱུ་མ་དངོས་པོར་མེད་པའི་ཕྱིར་རོ།།↵ཇི་ལྟར་སྒྱུ་མ་བདེན་མིན་ཡང༌།།↵བལྟ་བྱ་དེ་བཞིན་ལྟ
2841	line-end	57		ཅེས་གསུངས་ཏེ། དེའི་རྩོད་པ་སྤོང་བར་འདོད་ནས་ཇི་ལྟར་ན་སྒྱུ་མ་བདེན་པ་མིན་ཡང་འཇིག་རྟེ
2842	ordinal-open	17		གཉིས་པ་རྟེན་མེད་པར་ཐལ་བ་སྤང་པ་ལ་གཉིས། རྩོད་པ་བཀོད་པ་དང༌། དེ་བཀག་པའོ།།
2843	ordinal-open	3		དང་པོ་ནི།
2844	verse-stanza	13		གལ་ཏེ་འཁོར་བ་དངོས་རྟེན་ཅན།།↵གཞན་དུ་དེ་ནི་མཁའ་འདྲར་འགྱུར།།
2845	line-end	54		ཞེས་གསུངས་ཏེ། གལ་ཏེ་རྣམ་རིག་པ་ན་རེ། ཕྱི་དོན་མེད་པའི་ཕྱིར་འཁོར་བ་འདི་དངོས་མེད་ཡིན
2846	ordinal-open	6		གཉིས་པ་དེ་བཀག་པ་ནི།
2847	verse-stanza	25		དངོས་མེད་དངོས་ལ་བརྟེན་པ་ནའང༌།།↵བྱེད་དང་ལྡན་པར་ཇི་ལྟར་འགྱུར།།↵ཁྱོད་ཀྱི་སེམས་ནི་གྲ
2848	terminal-particle	36		ཞེས་གསུངས་ཏེ། དངོས་མེད་ནི་དངོས་པོ་ལ་བརྟེན་པ་ན་ཡང་བྱེད་ལས་དང་ལྡན་པར་ཇི་ལྟར་འགྱུར་
2849	line-end	52		དེ་འདོད་ན། རྣམ་རིག་པ་ཁྱོད་ཀྱི་སེམས་ནི་འཁོར་བའི་གྲོགས་མེད་པར་མྱ་ངན་ལས་འདས་པའི་དོན
2850	verse-stanza	25		གང་ཚེ་སེམས་ནི་གཟུང་བྲལ་བ།།↵དེ་ཚེ་ཐམས་ཅད་དེ་བཞིན་གཤེགས།།↵དེ་ལྟ་ན་ཡང་སེམས་ཙམ་དུ།།↵
2851	terminal-particle	58		ཅེས་གསུངས་ཏེ། དེས་ན་གང་གི་ཚེ་སེམས་ནི་གང་ལ་ཞེན་པའི་དམིགས་པའམ་གཟུང་བ་ཐམས་ཅད་དང་བྲལ
2852	terminal-particle	51		དེ་ལྟ་ཡིན་མོད་ཅེ་ན། དེ་ལྟ་ན་ཡང་ཁྱོད་ཀྱིས་སེམས་ཙམ་དང་དེ་ཡང་རང་རིག་ཏུ་ནན་གྱིས་བཏགས
2853	ordinal-open	33		གཉིས་པ་དེ་ཤེས་པ་ལམ་དུ་སྒྲུབ་པ་ལ་གསུམ། སྒྱུ་མར་མཐོང་བ་ལམ་དུ་སྒྲུབ་པ་དང༌། སྟོང་ཉིད
2854	ordinal-open	54		དང་པོ་ལ་དྲུག རྩོད་པ་སྤང་བ། དངོས་འཛིན་གྱི་གཉེན་པོ་སྟོང་ཉིད་དུ་བསྟན་པ། མཐར་འཛིན་དང
2855	ordinal-open	3		དང་པོ་ནི།
2856	verse-stanza	25		སྒྱུ་མ་ལྟ་བུར་ཤེས་ན་ཡང༌།།↵ཇི་ལྟར་ཉོན་མོངས་ལྡོག་འགྱུར་ཏེ།།↵གང་ཚེ་སྒྱུ་མའི་བུད་མེད
2857	line-end	52		ཞེས་གསུངས་ཏེ། རྣམ་རིག་པ་ན་རེ། དབུ་མ་པ་ཁྱོད་ཀྱིས་ཆོས་ཐམས་ཅད་སྒྱུ་མ་ལྟ་བུར། ཤེས་ན་
2858	verse-stanza	25		དེ་བྱེད་པ་ནི་ཤེས་བྱ་ལ།།↵ཉོན་མོངས་བག་ཆགས་མ་སྤངས་པས།།↵སྟོང་ཉིད་བག་ཆགས་ཉམ་ཆུང་ཉིད།།
2859	terminal-particle	58		ཞེས་གསུངས་ཏེ། དེ་བྱེད་པ་པོ་སྒྱུ་མ་མཁན་ནི་སྒྱུ་མའི་སྔགས་བསྒྲུབས་པར་ཟད་ཀྱི་ཤེས་བྱ་
2860	ordinal-open	13		གཉིས་པ་དངོས་འཛིན་གྱི་གཉེན་པོ་སྟོང་ཉིད་དུ་བསྟན་པ་ནི།
2861	verse-stanza	25		སྟོང་ཉིད་བག་ཆགས་གོམས་པས་ནི།།↵དངོས་པོ་བག་ཆགས་སྤོང་འགྱུར་ཞིང༌།།↵ཅི་ཡང་མེད་ཅེས་གོམས
2862	terminal-particle	73		ཞེས་གསུངས་ཏེ། དེ་ཡང་ཆོས་ཐམས་ཅད་ལ་སྒྱུ་མ་ལྟ་བུའི་འདུ་ཤེས་བསྒོམ་པར་བྱ་སྟེ། དེ་གོམས
2863	line-end	54		ཅི་ཡང་མེད་པ་འདི་ཉིད་དོན་དམ་ཡིན་ནམ་ཞེ་ན། འདི་ཡང་འདུ་ཤེས་ཀྱི་རྣམ་པ་གཉེན་པོའི་གོ་རི
2864	verse-stanza	25		ཀུན་རྟོག་ཐམས་ཅད་སྤང་བའི་ཕྱིར།།↵སྟོང་ཉིད་བདུད་རྩི་སྟོན་མཛད་དེ།།↵གང་ཞིག་དེ་ལ་ཞེན་ག
2865	quote-close	2		ཞེས་སོ།།
2866	line-end	87		འོན་ཡང་སྤྲོས་པ་འབའ་ཞིག་གིས་ཕུང་བའི་སེམས་ཅན་རྣམས་ཀྱི་སྤྲོས་འཛིན་གྱི་ནད་ཀྱི་གཉེན་པ
2867	verse-stanza	25		གང་ཚེ་གང་ཞིག་མེད་དོ་ཞེས།།↵བརྟག་བྱའི་དངོས་པོ་མི་དམིགས་པ།།↵དེ་ཚེ་དངོས་མེད་རྟེན་འབྲ
2868	terminal-particle	163		ཞེས་གསུངས་ཏེ། གང་གི་ཚེ་ཆོས་ཐམས་ཅད་སྒྱུ་མ་ལྟར་མཐོང་བས་བདེན་རྟོག་གི་དངོས་འཛིན་ལོག་
2869	ordinal-open	20		གསུམ་པ་མཐར་འཛིན་དང་བྲལ་བས་རང་དོན་ཆོས་སྐུ་འཐོབ་པ་ནི། གང་ཚེ་དངོས་དང་དངོས་མེད་དག།
2870	verse-stanza	19		བློ་ཡི་མདུན་ན་མི་གནས་པ།།↵དེ་ཚེ་རྣམ་པ་གཞན་མེད་པ།།↵དམིགས་པ་མེད་པར་རབ་ཏུ་ཞི།།
2871	terminal-particle	502		ཞེས་གསུངས་ཏེ། དེ་ལྟར་སྨོན་པའི་བྱང་ཆུབ་ཏུ་སེམས་བསྐྱེད་ཅིང་འཇུག་པའི་བྱང་ཆུབ་ཀྱི་སེ
2872	ordinal-open	12		བཞི་པ་དེ་ལས་འབད་མེད་དུ་གཟུགས་སྐུ་འབྱུང་ཚུལ་ནི།
2873	verse-stanza	25		ཡིད་བཞིན་ནོར་བུ་དཔག་བསམ་ཤིང༌།།↵ཇི་ལྟར་རེ་བ་ཡོངས་སྐོང་བ།།↵དེ་བཞིན་གདུལ་བྱར་སྨོན་ལ
2874	terminal-particle	63		ཞེས་གསུངས་ཏེ། འོན་ཀྱང་དེ་ཉིད་གདུལ་བྱ་ལ་མཚོན་པའི་ཆེད་དུ་གནས་ཆོས་ཀྱི་དབྱིངས་ཐམས་ཅད
2875	line-end	347		དེའི་ཚེ་རང་དང་གཞན་ལ་སོགས་པའི་དམིགས་པ་ཐམས་ཅད་རྣམ་པར་ལོག་ཅིང་འདུ་ཤེས་ཀྱི་རྒྱུ་བ་རྣ
2876	ordinal-open	15		ལྔ་པ་སྨོན་ལམ་གྱི་དབང་གིས་ཕྲིན་ལས་རྒྱུན་མི་འཆད་པའི་ཚུལ་ནི།
2877	verse-stanza	25		དཔེར་ན་ནམ་མཁའ་ལྡིང་གི་ནི།།↵མཆོད་སྡོང་བསྒྲུབས་ནས་འདས་གྱུར་པ།།↵དེ་འདས་ཡུན་རིང་ལོན་
2878	line-end	115		ཅེས་གསུངས་ཏེ། དཔེར་ན། ནམ་མཁའ་ལྡིང་གི་རིགས་སྔགས་གྲུབ་པའི་སྐྱེས་བུས་རྒྱ་མཚོའི་འགྲམ
2879	verse-stanza	25		བྱང་ཆུབ་སྤྱོད་དང་རྗེས་མཐུན་པར།།↵རྒྱལ་བའི་མཆོད་སྡོང་བསྒྲུབས་པ་ཡང༌།།↵བྱང་ཆུབ་སེམས་
2880	terminal-particle	102		བྱང་ཆུབ་སེམས་དཔས་བྱང་ཆུབ་སྤྱོད་པའི་རྗེས་སུ་མཐུན་པས་རྒྱལ་བའི་མཆོད་སྡོང་བསྒྲུབས་པ་
2881	ordinal-open	13		དྲུག་པ་སེམས་ལྡན་མིན་ཡང་མཆོད་པས་བསོད་ནམས་འཐོབ་པ་ནི།
2882	verse-stanza	25		སེམས་མེད་པ་ལ་མཆོད་བྱས་པས།།↵ཇི་ལྟར་འབྲས་བུ་ལྡན་པར་འགྱུར།།↵གང་ཕྱིར་བཞུགས་པའམ་མྱ་ངན
2883	terminal-particle	129		ཞེས་གསུངས་ཏེ། དངོས་སྨྲ་བ་ན་རེ། འོ་ན་རྫོགས་པའི་སངས་རྒྱས་ལ་སེམས་མི་མངའ་བ་ཡིན་ན་སེམ
2884	line-end	2		ཞེས་དང༌།
2885	verse-stanza	25		གང་གིས་བཞུགས་པ་ལ་མཆོད་དང༌།།↵མྱ་ངན་འདས་པའི་སྐུ་གདུང་ལ།།↵སེམས་ནི་དད་པ་མཉམ་པ་ཡིས།།↵
2886	line-end	8		ཞེས་དང༌། བྱང་ཆུབ་སེམས་དཔའི་སྡེ་སྣོད་ལས།
2887	verse-stanza	25		གང་ཞིག་བཞུགས་ལ་མཆོད་པ་དང༌།།↵གང་ཡང་མྱ་ངན་འདས་པ་ཡི།།↵རིང་སྲེལ་ཡུངས་འབྲུ་ཙམ་མཆོད་པ།
2888	line-end	14		ཞེས་སོགས་དང༌། འདུལ་བ་ལུང་སྨན་གྱི་གཞི་ལས་ཀྱང་གསུངས་པའི་ཕྱིར་རོ།།
2889	verse-stanza	25		ཀུན་རྫོབ་བམ་ནི་དེ་ཉིད་དུའང༌།།↵རུང་སྟེ་དེ་འབྲས་ལུང་ལས་ཡིན།།↵དཔེར་ན་བདེན་པའི་སངས་ར
2890	line-end	106		ཞེས་གསུངས་ཏེ། གལ་ཏེ་ཅི་སྒྱུ་མ་ལྟ་བུའི་སངས་རྒྱས་ལ་མཆོད་པས་འབྲས་བུ་འབྱུང་བ་དེ་ཀུན་
2891	verse-stanza	13		དོན་འདི་ལ་ནི་རྒྱལ་བ་ལས།།↵ལྷག་པའི་ཚད་མ་གཞན་ཡོད་མིན།།
2892	terminal-particle	34		ཞེས་དང༌། རྒྱུད་བླར། གང་ཕྱིར་རྒྱལ་ལས་ཆེས་མཁས་འགའ་ཡང་འཇིག་རྟེན་འདི་ན་ཡོད་མིན་ཏེ།། 
2893	terminal-particle	33		ཡང་ན་ལན་གྱི་རྣམ་གྲངས་འདི་ཡང་གཟིགས་ཏེ་སེམས་མེད་པ་ལ་མཆོད་པ་བྱས་པས་ཀྱང་ཕན་ཡོན་འབྱུང
2894	terminal-particle	51		སྒྱུ་མ་ལྟ་བུའི་སངས་རྒྱས་ལ་མཆོད་པ་བྱས་པས་བསོད་ནམས་ཀྱང་སྒྱུ་མ་ཙམ་དུ་འབྱུང་སྟེ། དཔེ
2895	ordinal-open	20		གཉིས་པ་སྟོང་ཉིད་ཀྱི་མཐོང་བ་ལམ་དུ་སྒྲུབ་པ་ལ་གཉིས། ལུང་གིས་སྒྲུབ་པ་དང༌། རིགས་པས་སྒ
2896	ordinal-open	18		དང་པོ་ལ་གསུམ། རྩོད་པ་དགོད་པ། ལུང་གི་ལན་མདོར་བསྟན་པ། ཐེག་པ་ཆེན་པོ་བཀར་སྒྲུབ་པའོ།།
2897	ordinal-open	3		དང་པོ་ནི།
2898	verse-stanza	13		བདེན་པ་མཐོང་བས་གྲོལ་འགྱུར་གྱི།།↵སྟོང་ཉིད་མཐོང་བས་ཅི་ཞིག་བྱ།།
2899	line-end	41		ཞེས་གསུངས་ཏེ། དེ་ཡང་ཉན་ཐོས་གྲུབ་མཐའ་པ་ན་རེ། བདེན་པ་བཞི་ལ་རྣམ་པ་བཅུ་དྲུག་ཏུ་མཐོང་
2900	ordinal-open	9		གཉིས་པ་ལུང་གི་ལན་མདོར་བསྟན་པ་ནི།
2901	verse-stanza	13		གང་ཕྱིར་ལུང་ལས་ལམ་འདི་ནི།།↵མེད་པར་བྱང་ཆུབ་མེད་པར་གསུངས།།
2902	terminal-particle	50		ཞེས་གསུངས་ཏེ། གང་གི་ཕྱིར་སྟོན་པ་ཉིད་ཀྱི་ལུང་ལས་སྟོང་ཉིད་མཐོང་བའི་ལམ་འདི་ནི་མེད་པ
2903	terminal-particle	34		ཏིང་ངེ་འཛིན་དང་གཟུངས་ཀྱི་སྒོ་ཐམས་ཅད་དང༌། སྟོབས་དང༌། མི་འཇིགས་པ་དང༌། སོ་སོ་ཡང་དག་
2904	terminal-particle	31		ཞེས་དང༌། མཉམ་པ་ཉིད་ལ་འཇུག་པའི་མདོ་ལས། འཇམ་དཔལ་སྟོང་པ་ཉིད་ཡིད་ལ་བྱེད་པས་བྱང་ཆུབ་ག
2905	terminal-particle	19		དངོས་པོའི་འདུ་ཤེས་ཅན་གྱིས་བྱང་ཆུབ་གསུམ་འཐོབ་པ་འདི་ནི་གནས་མེད་ཅིང་སྐབས་མེད་དོ།།
2906	line-end	2		ཞེས་དང༌།
2907	verse-stanza	21		རྒྱལ་བ་འདས་དང་མ་བྱོན་ཕྱོགས་བཅུར་གང་བཞུགས་པ།།↵ཀུན་ལམ་ཕ་རོལ་ཕྱིན་པ་འདི་ཡིན་གཞན་མ་ཡ
2908	line-end	7		ཞེས་སོགས་རྒྱ་ཆེར་གསུངས་པའི་ཕྱིར།
2909	ordinal-open	68		གསུམ་པ་ཐེག་པ་ཆེན་པོ་བཀར་སྒྲུབ་པ་ལ་ལྔ། མཚུངས་པ་བརྗོད། མདོ་སྡེ་ལ་འཇུག་པ་ལ་སོགས་པར་
2910	ordinal-open	207		དང་པོ་ནི། དེ་ལ་ཉན་ཐོས་ཀྱི་འཕགས་པ་ཐེག་ཆེན་སྤོང་བ་ནི་མི་སྲིད་དེ་དགྲ་བཅོམ་པ་གང་ཐེག་
2911	terminal-particle	355		དེས་ན་གཙོ་བོར་ཉན་ཐོས་རྟོག་གེ་པ་སྡེ་སྣོད་གསུམ་ལས་གང་ཡང་རུང་བའི་ཚིག་ཙམ་འཛིན་ཞིང་དེ
2912	line-end	4		དེ་ལ་སྨྲས་པ།
2913	verse-stanza	25		གལ་ཏེ་ཐེག་ཆེན་མ་གྲུབ་ན།།↵ཁྱོད་ཀྱི་ལུང་ནི་ཇི་ལྟར་གྲུབ།།↵གང་ཕྱིར་གཉིས་ཀ་ལ་འདི་གྲུབ
2914	verse-stanza	13		རྐྱེན་གང་གིས་ནི་དེར་ཡིད་ཆེས།།↵དེ་ནི་ཐེག་ཆེན་ལ་ཡང་མཚུངས།།
2915	terminal-particle	29		ཞེས་གསུངས་ཏེ། གལ་ཏེ་ཐེག་ཆེན་བཀའ་ཡིན་པར་མ་གྲུབ་ན། ཉན་ཐོས་པ་ཁྱོད་ཀྱི་ལུང་སྡེ་སྣོད་
2916	line-end	40		གང་གི་ཕྱིར་ཡུ་བུ་གཉི་ག་ལ་འདི་གྲགས་ཤིང་གྲུབ་པས་སོ་ཞེ་ན། ཅི་ཁྱོད་ཀྱིས་ཐོག་མ་མེད་པ་
2917	ordinal-open	136		དང་པོ་ལྟར་ནི་མ་ཡིན་ཏེ་ཁྱོད་བྱིས་པ་སྐྱེས་མ་ཐག་པ་ཤེད་མ་བྱེ་བའི་དུས་དང་གྲུབ་མཐའ་ལ་མ
2918	line-end	129		ཤཱ་རིའི་བུ་སོགས་ཉན་ཐོས་ཆེན་པོ་རྣམས་ཀྱིས་མ་གསན་པ་ཡང་མ་ཡིན་ཏེ། ཐེག་ཆེན་གྱི་མདོ་ཆེན
2919	ordinal-open	24		ལྔ་པ་གཉིས་ཀས་འདོད་པ་དང་རྩོད་བཅས་ཀྱི་རྟགས་ཀྱིས་དངོས་རྟག་གང་དུ་ཡང་སྒྲུབ་མི་ནུས་པར་
2920	verse-stanza	13		གཞན་གཉིས་འདོད་པས་བདེན་ན་ནི།།↵རིག་བྱེད་སོགས་ཀྱང་བདེན་པར་འགྱུར།།
2921	line-end	65		ཞེས་གསུངས་ཏེ། གཞན་ཡང་ཁྱོད་ཀྱིས། གང་ཕྱིར་གཉིས་ཀ་ལ་འདི་གྲུབ།། ཅེས་ལན་བཏབ་པ་འདི་ཡང་
2922	verse-stanza	25		ཐེག་ཆེན་རྩོད་བཅས་ཕྱིར་ཞེ་ན།།↵ལུང་ལ་མུ་སྟེགས་པ་རྣམས་དང༌།།↵ལུང་གཞན་ལ་ཡང་རང་གཞན་དག།
2923	line-end	28		ཞེས་གསུངས་ཏེ། གལ་ཏེ་མི་མཚུངས་ཏེ་ཐེག་ཆེན་ནི་བཀའ་ཡིན་མིན་རྩོད་པ་དང་བཅས་པའི་ཕྱིར་ཞེ
2924	verse-stanza	13		ཀྱེ་མ་མང་ཐོས་གང་སྨྲ་བ།།↵དེ་ནི་སྤྱང་ཀིའི་རྗེས་བཞིན་ནོ།།
2925	terminal-particle	62		ཞེས་སོགས་ཀྱིས་ཕྱི་རོལ་གྱི་མུ་སྟེགས་པ་རྣམས་དང་རྩོད་བཅས་ཡིན་ཞིང༌། སངས་རྒྱས་པའི་ལུང
2926	ordinal-open	46		གཉིས་པ་རིགས་པས་སྒྲུབ་པ་ལ་གསུམ། སྟོང་ཉིད་མ་རྟོགས་ན་དོན་དམ་གྱི་དགེ་སློང་དང་མྱང་འདས
2927	ordinal-open	3		དང་པོ་ནི།
2928	verse-stanza	25		བསྟན་རྩ་དགེ་སློང་ཉིད་ཡིན་ན།།↵དགེ་སློང་ཉིད་ཀྱང་དཀའ་བར་གནས།།↵སེམས་ནི་དམིགས་དང་བཅས་
2929	terminal-particle	109		ཞེས་གསུངས་ཏེ། དེ་ལྟར་ལུང་གིས་སྒྲུབ་པ་བཤད་ནས་རིགས་པས་སྒྲུབ་པ་ཡང༌། ཐེག་ཆེན་ལ་མ་བསྟ
2930	line-end	111		ཞེས་གསོལ་བཞིའི་ཆོ་གས་སྡོམ་པ་ཕོག་པ་ཉིད་དགེ་སློང་དུ་གསུངས་པས་དེ་ཙམ་དུ་དཀའ་བ་མ་ཡིན་
2931	verse-stanza	33		ཐེག་པ་གཅིག་སྟེ་གཉིས་སུ་ཡོད་མ་ཡིན།།↵བཀྲི་བའི་དོན་དུ་ཐེག་པ་གསུམ་བསྟན་ཏོ།།↵དགེ་སློང
2932	verse-stanza	17		ཁྱེད་ཀྱིས་ཐམས་ཅད་མཁྱེན་པའི་ཡེ་ཤེས་ཕྱིར།།↵བརྩོན་འགྲུས་རླབས་ཆེན་དམ་པ་བསྐྱེད་པར་གྱི
2933	line-end	6		ཞེས་དང༌། འཕགས་པ་ཤཱ་རིའི་བུས།
2934	verse-stanza	33		སྔོན་ཚེ་བདག་ནི་ལྟ་ལ་ཆགས་གྱུར་པ།།↵མུ་སྟེགས་ཅན་གྱིས་བཀུར་བའི་ཀུན་ཏུ་རྒྱུ།།↵དེ་ནས་མ
2935	verse-stanza	33		ལྟ་བར་གྱུར་པ་དེ་དག་ཀུན་ལས་བཀྲོལ།།↵བདག་གིས་སྟོང་པ་ཉིད་ཀྱི་ཆོས་ཐོབ་སྟེ།།↵དེ་ཕྱིར་བ
2936	verse-stanza	33		གང་ཚེ་སངས་རྒྱས་སེམས་ཅན་གཙོར་གྱུར་ཏེ།།↵ལྷ་མི་གནོད་སྦྱིན་སྲིན་པོས་མདུན་དུ་བདར།།↵སུ
2937	line-end	12		ཞེས་གསོལ་བ་སོགས་མདོ་མང་པོ་ལས་རྒྱ་ཆེར་བཤད་ཅིང༌།
2938	verse-stanza	25		དེས་ན་སངས་རྒྱས་མ་ཐོབ་པར།།↵མྱ་ངན་འདས་པ་མི་འཐོབ་སྟེ།།↵འོད་དང་འོད་ཟེར་སྤངས་ནས་ནི།།↵
2939	line-end	51		ཞེས་བཅོམ་ལྡན་འདས་བྱམས་པ་བཞེད་པའི་ཕྱིར་དང༌། སྟོང་ཉིད་མ་རྟོགས་ན་དམིགས་པ་ལས་མི་འདའ་
2940	ordinal-open	15		གཉིས་པ་དགྲ་བཅོམ་པ་རྣམས་ཀྱང་ལས་ལས་མ་གྲོལ་བར་བསྟན་པ་ནི།
2941	verse-stanza	25		ཉོན་མོངས་སྤངས་པས་གྲོལ་ན་དེའི།།↵དེ་མ་ཐག་ཏུ་དེར་འགྱུར་རོ།།↵ཉོན་མོངས་མེད་ཀྱང་དེ་དག་
2942	terminal-particle	41		ཞེས་གསུངས་ཏེ། སྟོང་ཉིད་མ་རྟོགས་ཀྱང་ཉོན་མོངས་པ་ལས་གྲོལ་ན་དེ་ཉིད་བྱང་ཆུབ་བོ་ཞེ་ན། 
2943	line-end	194		འདོད་མི་ནུས་ཏེ་ཉོན་མོངས་མངོན་གྱུར་པ་མེད་ཀྱང་ཐེག་དམན་གྱི་དགྲ་བཅོམ་དུ་འདོད་པ་དེ་དག
2944	verse-stanza	25		རེ་ཞིག་ཉེར་ལེན་སྲེད་པ་ནི།།↵མེད་ཅེས་ངེས་པ་ཉིད་ཅེ་ན།།↵སྲེད་འདི་ཉོན་མོངས་ཅན་མིན་ཡང༌
2945	terminal-particle	126		ཅེས་གསུངས་ཏེ། གལ་ཏེ་དེ་བདེན་མོད་ཀྱང་རེ་ཞིག་སྲིད་པ་ཕྱི་མ་ཉེ་བར་ལེན་པའི་སྲེད་པ་ནི་
2946	line-end	31		འོ་ན་སངས་རྒྱས་ལ་ཡང་དེར་ཐལ་ལོ་སྙམ་ན་མ་ཡིན་ཏེ། སངས་རྒྱས་བསོད་སྙོམས་ལ་གཤེགས་པ་སོགས་
2947	verse-stanza	13		ཚོར་བའི་རྐྱེན་གྱིས་སྲེད་པ་ཡིན།།↵ཚོར་བ་དེ་དག་ལ་ཡང་ཡོད།།
2948	terminal-particle	144		ཅེས་གསུངས་ཏེ། གཞན་ཡང་ཉན་རང་དེ་དག་ལ་སྲེད་པ་ཡོད་དེ་ཚོར་བའི་རྐྱེན་གྱིས་སྲེད་པ་འབྱུང
2949	ordinal-open	16		གསུམ་པ་སྟོང་ཉིད་མ་རྟོགས་ན་སྐྱེ་བའི་རྒྱུན་མི་འཆད་པར་བསྟན་པ་ནི།
2950	verse-stanza	25		དམིགས་པ་དང་ནི་བཅས་པའི་སེམས།།↵འགའ་ཞིག་ལ་ནི་གནས་པར་འགྱུར།།↵སྟོང་ཉིད་དང་ནི་བྲལ་བའི་
2951	terminal-particle	107		འདུ་ཤེས་མེད་པའི་སྙོམས་འཇུག་བཞིན།། ཞེས་གསུངས་ཏེ། དེས་ན་ཡུལ་གང་ལ་དམིགས་པ་དང་བཅས་པའ
2952	ordinal-open	27		གསུམ་པ་གཉི་གའི་བྱེད་པ་བསྡུ་བ་ལ་གསུམ། སྟོང་པ་ཉིད་བསྒོམས་པའི་འབྲས་བུ་བཤད། ཐེ་ཚོམ་ས
2953	ordinal-open	3		དང་པོ་ནི།
2954	verse-stanza	25		དེས་ན་སྟོང་ཉིད་བསྒོམ་པར་བྱ།།↵རྨོངས་པ་སྡུག་བསྔལ་ཅན་དོན་དུ།།↵ཆགས་དང་འཇིགས་མཐའ་ལས་ག
2955	terminal-particle	220		འདི་ནི་སྟོང་ཉིད་འབྲས་བུ་ཡིན།། ཞེས་གསུངས་ཏེ། དེས་ན་སྒོམ་པ་པོ་བདག་དང་གང་ཟག་སུ་ཡང་མ
2956	terminal-particle	27		དེའི་ཕྱིར་ཡང་དག་པའི་དོན་དམིགས་པ་ཐམས་ཅད་ལས་འདས་པ་འདི་ཉིད་ཁོ་ན་ཅི་ཡང་མི་སྒོམ་པའི་ཚ
2957	ordinal-open	13		གཉིས་པ་མདོ་སྡེ་ལ་འཇུག་པ་ལ་སོགས་པར་བསྒྲུབས་པ་ནི།
2958	verse-stanza	25		ངག་གང་མདོ་སྡེ་ལ་འཇུག་དེ།།↵གལ་ཏེ་སངས་རྒྱས་གསུང་འདོད་ན།།↵ཐེག་ཆེན་ཕལ་ཆེར་ཁྱེད་ཅག་གི
2959	terminal-particle	164		ཞེས་གསུངས་ཏེ། ངག་གང་མདོ་སྡེ་ལ་འཇུག འདུལ་བ་ལ་སྣང༌། ཆོས་ཉིད་དང་མི་འགལ་བའི་ཚིག་དེ། 
2960	ordinal-open	18		གསུམ་པ་ལྡོག་ཚུལ་གྱིས་དགག་ནུས་ན་རྗེས་འགྲོའི་ཚུལ་གྱིས་སྒྲུབ་ནུས་པར་སྟོན་པ་ནི།
2961	verse-stanza	25		གལ་ཏེ་མ་བརྟགས་གཅིག་གིས་ནི།།↵ཐམས་ཅད་སྐྱོན་དང་བཅས་འགྱུར་ན།།↵མདོ་མཚུངས་གཅིག་གིས་ཐམས
2962	line-end	147		ཞེས་གསུངས་ཏེ། གལ་ཏེ་བདག་ཅག་གི་མདོ་ནི་མི་རྟག་པ་སོགས་སྟོན་ལ། ཐེག་ཆེན་ནི་སྟོང་ཉིད་ས
2963	ordinal-open	19		བཞི་པ་རང་གིས་མ་རྟོགས་པ་གཞན་འགོག་བྱེད་ཀྱི་གཏན་ཚིགས་མ་ཡིན་པར་སྟོན་པ་ནི།
2964	verse-stanza	25		ངག་གང་འོད་སྲུང་ཆེན་པོ་ལ།།↵སོགས་པས་གཏིང་མ་དཔོགས་གྱུར་པ།།↵དེ་ནི་ཁྱོད་ཀྱིས་མ་རྟོགས་
2965	line-end	409		དེ་ནི་ཐེག་དམན་ལ་ཡང་མཚུངས།། ཞེས་གསུངས་ཏེ། དེས་ན་དགོངས་ལྡེམ་དགོངས་རྣམ་པ་མཐའ་ཡས་པའི
2966	verse-stanza	33		བདག་སྲེད་མ་ལུས་ཤེས་རབ་ཀྱིས་བཅད་དེ།།↵སེམས་ཅན་སྲེད་ཕྱིར་བརྩེ་ལྡན་ཞི་འཐོབ་མིན།།↵དེ་
2967	line-end	2		ཞེས་དང༌།
2968	verse-stanza	13		ཤེས་པས་སྲིད་ལ་མི་གནས་ཤིང༌།།↵སྙིང་རྗེས་ཞི་ལ་མི་གནས་དང༌།།
2969	quote-close	2		ཞེས་སོ།།
2970	ordinal-open	9		གཉིས་པ་ཐེ་ཚོམ་སྤོང་བར་གདམས་པ་ནི།
2971	verse-stanza	25		དེ་བས་སྟོང་པ་ཉིད་ཕྱོགས་ལ།།↵སུན་འབྱིན་པ་ནི་འཐད་མ་ཡིན།།↵དེས་ན་ཐེ་ཚོམ་མི་ཟ་བར།།↵སྟོ
2972	terminal-particle	59		ཞེས་གསུངས་ཏེ། ཇི་ལྟར་འབྲས་བུ་ལོ་ཏོག་འདོད་ལ་རྒྱུ་སོ་ནམ་འགོག་པ་ནི་འཇིག་རྟེན་ན་གནག་
2973	terminal-particle	39		དེས་ན་སྡིག་གྲོགས་ཀྱི་ངག་ལ་ཡིད་མི་རྟོན་ཞིང་ཐེ་ཚོམ་མི་ཟ་བར་སྟོང་པ་ཉིད་དངོས་པོའི་གན
2974	ordinal-open	10		གསུམ་པ་ཤིན་ཏུ་སྒོམ་རིགས་པར་བསྟན་པ་ནི།
2975	verse-stanza	25		ཉོན་མོངས་ཤེས་བྱའི་སྒྲིབ་པ་ཡི།།↵མུན་པའི་གཉེན་པོ་སྟོང་པ་ཉིད།།↵མྱུར་དུ་ཐམས་ཅད་མཁྱེན
2976	terminal-particle	251		ཅེས་གསུངས་ཏེ། དེ་ལྟ་མོད་ཀྱི་ཉོན་མོངས་པ་དང་ཤེས་བྱའི་སྒྲིབ་པའི་ཚོགས་ནང་གི་མུན་པ་སྟ
2977	line-end	86		ཞེས་འཇིག་རྟེན་ཀུན་རྫོབ་ལ་བལྟོས་ནས་རྣམ་པར་འཇོག་གོ ། དེས་ན་མྱུར་དུ་ཐམས་ཅད་མཁྱེན་པ་
2978	verse-stanza	25		དངོས་གང་སྡུག་བསྔལ་སྐྱེད་བྱེད་པ།།↵དེ་ལ་སྐྲག་པ་སྐྱེ་འགྱུར་མོད།།↵སྟོང་ཉིད་སྡུག་བསྔལ
2979	terminal-particle	72		ཞེས་གསུངས་ཏེ། བདག་ཅག་ནི་མ་སྦྱངས་པས་སྟོང་ཉིད་ལ་སྐྲག་གོ་ཞེ་ན། དངོས་པོ་གང་སྡུག་བསྔལ
2980	terminal-particle	49		དེས་ན་སྟོང་པ་ཉིད་འདིས་ནི་དངོས་འཛིན་གྱི་ནད་དང་སྡུག་བསྔལ་ཐམས་ཅད་ཞི་བར་བྱེད་པའི་ཕྱི
2981	ordinal-open	20		གསུམ་པ་སྟོང་ཉིད་སྒོམ་ཚུལ་ལ་གཉིས། གང་ཟག་གི་བདག་མེད་སྒོམ་པ་དང༌། ཆོས་ཀྱི་བདག་མེད་སྒ
2982	ordinal-open	46		དང་པོ་ལ་ལྔ། སྤྱིར་བདག་མ་གྲུབ་པར་སྟོན་པ། བྱེ་བྲག་ཏུ་གྲངས་ཅན་པའི་འདོད་པ་དགག་པ། རིག
2983	ordinal-open	23		དང་པོ་ལ་གསུམ། སྐྲག་པ་པོའི་བདག་མེད་པར་བསྟན་པ། ལུས་བདག་མ་ཡིན་པར་བསྟན་པ། སེམས་བདག་མ
2984	ordinal-open	3		དང་པོ་ནི།
2985	verse-stanza	25		གལ་ཏེ་བདག་འགའ་ཡོད་ན་ནི།།↵ཅི་ཡང་རུང་ལས་འཇིགས་འགྱུར་ན།།↵བདག་ཉིད་འགའ་ཡང་ཡོད་མིན་པས།
2986	line-end	4		ཞེས་གསུངས་ཏེ། དེ་ཡང༌།
2987	verse-stanza	13		སྟོང་ཉིད་སྡུག་བསྔལ་ཞི་བྱེད་པ།།↵དེ་ལ་འཇིགས་པ་ཇི་ལྟར་སྐྱེ།།
2988	line-end	72		ཞེས་སྟོང་ཉིད་འཇིགས་པའི་གནས་མིན་པར་བསྟན་ནས། དེ་ལྟ་མོད་ཀྱི་གལ་ཏེ་འཇིགས་པ་པོ་བདག་འག
2989	ordinal-open	10		གཉིས་པ་ལུས་བདག་མ་ཡིན་པར་བསྟན་པ་ནི།
2990	verse-stanza	25		སོ་དང་སྐྲ་སེན་བདག་མ་ཡིན།།↵བདག་ནི་རུས་པ་ཁྲག་མ་ཡིན།།↵སྣབས་མིན་བད་ཀན་མ་ཡིན་ཏེ།།↵ཆུ་
2991	verse-stanza	25		བདག་ནི་ཞག་དང་རྡུལ་མིན་ཏེ།།↵གློ་མཆིན་དག་ཀྱང་བདག་མ་ཡིན།།↵ནང་རོལ་གཞན་ཡང་བདག་མིན་ཏེ།
2992	verse-stanza	13		ཤ་དང་པགས་པ་བདག་མིན་ཏེ།།↵དྲོད་དང་རླུང་ཡང་བདག་མ་ཡིན།།
2993	terminal-particle	91		བུ་ག་བདག་མིན་་་་་་་་་་་་་་་་་་་་་་༌།། ཞེས་གསུངས་ཏེ། གལ་ཏེ་ལུས་བདག་གོ་ཞེ་ན། ཡན་ལག
2994	terminal-particle	15		དེ་བཞིན་དུ་ཁྲག་ནི་བདག་མ་ཡིན་ལ་བདག་ཀྱང་ཁྲག་མ་ཡིན་ནོ།།
2995	terminal-particle	51		སྣབས་མིན་བད་ཀན་མ་ཡིན་ཏེ། ཆུ་སེར་དང་ནི་རྣག་ཀྱང་མིན་ཏེ་དེ་དག་ནི་ལྗན་ལྗིན་ཡིན་ལ། བད
2996	terminal-particle	136		གློ་མཆིན་དག་ཀྱང་བདག་མ་ཡིན། ནང་རོལ་གཞན་ཡང་བདག་མིན་ཏེ་དེ་དག་ནི་ཤར་ཟད་པའི་ཕྱིར། བདག
2997	terminal-particle	26		རྣ་བ་ལ་སོགས་པ་ནང་གི་བུ་ག་གཞན་དང་གཞན་རྣམས་ཀྱང་བདག་མ་ཡིན་ཏེ། ཕྱིའི་སྐར་ཁུང་བདག་མ་ཡ
2998	ordinal-open	200		གསུམ་པ་སེམས་བདག་མ་ཡིན་པར་བསྟན་པ་ནི།་་་་་་་་་་་་་་་་་་་་་་་་་་་་་་་་་་རྣམ་ཀུན་ཏུ།
2999	verse-stanza	33		ལེན་པའི་རྣམ་པར་ཤེས་པ་ཟབ་ཅིང་ཕྲ།།↵ས་བོན་ཐམས་ཅད་ཆུ་བོ་བཞིན་དུ་འབབ།།↵བདག་ཏུ་རྟོག་པར
3000	quote-close	2		ཞེས་སོ།།
3001	terminal-particle	87		ཀུན་གཞིའི་རྣམ་ཤེས་རྣམ་པར་བཞག་པའི་ཚེ་ནའང་དེ་ཡང་བདག་མ་ཡིན་ཏེ་དེ་ལ་ཡང་བདག་གི་བའི་འད
3002	terminal-particle	63		ཞེས་གསུངས་པའི་ཕྱིར། ལུས་སེམས་དེ་དག་ལས་གཞན་པའི་བདག་ཡོད་ན་རང་ཉིད་ལ་སྣང་བར་རིགས་ཏེ་
3003	ordinal-open	35		གཉིས་པ་བྱེ་བྲག་ཏུ་གྲངས་ཅན་པའི་འདོད་པ་དགག་པ་ལ་བཞི། སྒྲ་འཛིན་རྟག་པ་བཀག དེས་གཟུགས་འ
3004	ordinal-open	108		དང་པོ་ནི། དེ་ལ་གྲངས་ཅན་པ་ན་རེ། ཤེས་པ་ནི་བདག་ཡིན་ལ་དེ་དང་བཅས་པའི་སྐྱེས་བུ་ནི་རང་ག
3005	terminal-particle	18		དེས་ན་བདག་དེ་ནི་རྟག་ཏུ་སྒྲའི་ཤེས་པ་ལ་སོགས་པའི་རང་བཞིན་ཅན་ཡིན་ནོ།།
3006	terminal-particle	3		ཞེས་ཟེར་རོ།།
3007	line-end	4		དེ་དགག་པ་ནི།
3008	verse-stanza	13		གལ་ཏེ་སྒྲ་ཡི་ཤེས་རྟག་ན།།↵ཐམས་ཅད་ཚེ་ན་སྒྲ་འཛིན་འགྱུར།།
3009	line-end	66		ཞེས་གསུངས་ཏེ། གལ་ཏེ་ཁྱོད་ལྟར་སྒྲའི་ཤེས་པ་དེ་རྟག་པ་ཡིན་ན་ནི་འོ་ན་དུས་ཐམས་ཅད་ཀྱི་ཚ
3010	verse-stanza	13		ཤེས་བྱ་མེད་ན་ཅི་རིགས་ན།།↵གང་གིས་ཤེས་པ་ཞེས་བརྗོད་བྱེད།།
3011	line-end	49		ཅེས་གསུངས་ཏེ། རེས་འགའ་ཡུལ་སྒྲ་མི་ཉེ་བས་དེ་ཡི་ཚེ་སྒྲ་མི་འབྱུང་ངོ་ཞེ་ན། ཤེས་བྱ་སྒྲ
3012	verse-stanza	13		གལ་ཏེ་ཤེས་མེད་ཤེས་ཡིན་ན།།↵ཤིང་ཡང་ཤེས་པར་ཐལ་བར་འགྱུར།།
3013	line-end	35		ཞེས་གསུངས་ཏེ། གལ་ཏེ་ཤེས་བྱ་སྒྲ་མེད་པ་དེའི་ཚེ་ཡང་སྒྲའི་ཤེས་པ་ཡིན་ནོ་ཞེ་ན། འོ་ན་ཡུ
3014	verse-stanza	13		དེས་ན་ཤེས་བྱ་ཉེར་གནས་པ།།↵མེད་པར་ཤེས་པ་མེད་ཅེས་ངེས།།
3015	line-end	35		ཞེས་གསུངས་ཏེ། དེས་ན་ཤེས་བྱ་ཉེ་བར་གནས་པ་མེད་པར་ཤེས་པ་སྐྱེ་བ་མེད་ཅེས་ངེས་པའི་ཕྱིར་
3016	ordinal-open	9		གཉིས་པ་དེས་གཟུགས་འཛིན་པ་བཀག་པ་ནི།
3017	verse-stanza	13		དེ་ཉིད་ཀྱིས་ནི་གཟུགས་ཤེས་ན།།↵དེ་ཚེ་ཐོས་པའང་ཅི་སྟེ་མིན།།
3018	line-end	93		ཞེས་གསུངས་ཏེ། གལ་ཏེ་སེམས་པ་རྟག་པ་དེ་ཉིད་ཀྱིས་ནི་སྒྲ་མི་ཤེས་པའི་ཚེ་ནའང་ཡུལ་ཉེ་བ་ན
3019	verse-stanza	13		གལ་ཏེ་སྒྲ་མི་ཉེ་ཕྱིར་ན།།↵དེ་ན་དེ་ཡི་ཤེས་པའང་མེད།།
3020	terminal-particle	42		ཅེས་གསུངས་ཏེ། གལ་ཏེ་ཡུལ་སྒྲ་ཐག་མི་ཉེ་བའི་ཕྱིར་ན་སྒྲ་མེད་དོ་ཞེ་ན། དེ་ལྟ་ན་སྒྲ་དེའ
3021	line-end	16		དེ་ལྟར་ཡིན་མོད་ཅེ་ན། འོ་ན་སྒྲའི་ཤེས་པ་རྟག་པའི་དམ་བཅའ་ཉམས་སོ།།
3022	verse-stanza	13		སྒྲ་འཛིན་རང་བཞིན་གང་ཡིན་པ།།↵དེས་གཟུགས་འཛིན་པར་ཇི་ལྟར་འགྱུར།།
3023	line-end	25		ཞེས་གསུངས་ཏེ། ཡང་དྲི་བར་བྱ་སྟེ་ཅི་སྒྲ་འཛིན་པའི་རང་བཞིན་གང་ཡིན་པའི་ཤེས་པ་དེས་གཟུག
3024	ordinal-open	10		གསུམ་པ་བལྟོས་པའི་དཔེ་བརྗོད་པ་བཀག་པ་ནི།
3025	verse-stanza	13		གཅིག་ནི་ཕ་དང་བུ་ཉིད་དུ།།↵བཏགས་ཡིན་ཡང་དག་ཉིད་མིན་ཏེ།།
3026	line-end	64		ཞེས་གསུངས་ཏེ། ཁོ་ན་རེ། སྐྱེས་བུ་གཅིག་ཉིད་ཕ་ལ་བལྟོས་ནས་བུ་དང་བུ་ལ་བལྟོས་ནས་ཕར་འཇོ
3027	verse-stanza	25		ཇི་ལྟར་སྙིང་སྟོབས་རྡུལ་དང་ནི།།↵མུན་པ་བུ་མིན་ཕ་ཡང་མིན།།↵དེ་ནི་སྒྲ་འཛིན་དང་ལྡན་པའི
3028	terminal-particle	69		ཞེས་གསུངས་ཏེ། འདི་ལྟར་ཁྱོད་འདོད་པའི་སྙིང་སྟོབས་བདེ་བ་དང་རྡུལ་སྡུག་བསྔལ་དང་མུན་པ་
3029	ordinal-open	12		བཞི་པ་རྟག་པ་དང་གཅིག་པུར་བདེན་པ་བཀག་པ་ནི།
3030	verse-stanza	13		གར་མཁན་ལྟ་བུའི་ཚུལ་གཞན་གྱིས།།↵དེ་ཉིད་མཐོང་ན་དེ་རྟག་མིན།།
3031	terminal-particle	62		ཞེས་གསུངས་ཏེ། གལ་ཏེ་ཟློས་གར་མཁན་གྱིས་སྐད་ཅིག་རེར་སྲིད་སྒྲུབ་དང་འཇིགས་སྡེ་སོགས་ཀྱ
3032	terminal-particle	111		གལ་ཏེ་ཚུལ་གཞན་དེ་ཉིད་ན།། གཅིག་ཉིད་དེ་ནི་སྔོན་མེད་ཅིག། ཅེས་གསུངས་ཏེ། གལ་ཏེ་གར་མཁན
3033	line-end	68		གཞན་ཡང་བདག་དེ་སྒྲ་དེ་ཙམ་གྱི་ཤེས་པར་རྟག་ན་གཟུགས་དེ་ཙམ་ལ་སོགས་པ་དེ་ཙམ་ལྔ་གའི་ཤེས་པ
3034	verse-stanza	13		གལ་ཏེ་ཚུལ་གཞན་བདེན་མིན་ན།།↵དེ་ཡི་རང་གི་རང་བཞིན་སྨྲོས།།
3035	line-end	42		ཞེས་གསུངས་ཏེ། གལ་ཏེ་བདག་རྟག་གཅིག་དེ་ཚུལ་གཞན་དེར་བདེན་པ་མིན་པས་རྟག་གཅིག་དང་མི་འགལ
3036	verse-stanza	19		སྐྱེས་ཀུན་གཅིག་ཏུ་ཐལ་བར་འགྱུར།།↵སེམས་པ་སེམས་མེད་དེ་དག་ཀྱང༌།།↵གཅིག་འགྱུར་གང་ཕྱིར་
3037	terminal-particle	64		ཞེས་གསུངས་ཏེ། ཤེས་པ་ཙམ་ཉིད་དོ་ཞེ་ན། དེ་ལྟ་ན་སྐྱེ་བོ་ཀུན་གཅིག་ཏུ་ཐལ་བར་འགྱུར་ཏེ་བ
3038	terminal-particle	118		གང་ཚེ་བྱེ་བྲག་ཕྱིན་ཅི་ལོག། དེ་ཚེ་འདྲ་བའི་རྟེན་གང་ཡིན།། ཞེས་གསུངས་ཏེ། གལ་ཏེ་རང་བཞ
3039	ordinal-open	21		གསུམ་པ་རིགས་པ་ཅན་པ་དགག་པ་ལ་གཉིས། སེམས་མེད་པའི་བདག་བཀག དེ་འགྱུར་མེད་དུ་འདོད་པ་བཀག
3040	ordinal-open	3		དང་པོ་ནི།
3041	verse-stanza	13		སེམས་མེད་པ་ཡང་བདག་མིན་ཏེ།།↵སེམས་མེད་ཉིད་ཕྱིར་བུམ་སོགས་བཞིན།།
3042	line-end	67		ཞེས་གསུངས་ཏེ། དེ་ལྟར་བདག་སེམས་བཅས་སུ་འདོད་པ་གྲངས་ཅན་པ་ཁེགས་པ་ན། རིགས་པ་ཅན་པ་ན་རེ
3043	verse-stanza	13		འོན་ཏེ་སེམས་དང་ལྡན་པའི་ཕྱིར།།↵ཤེས་ན་མི་ཤེས་འཇིག་པར་ཐལ།།
3044	terminal-particle	83		ཞེས་གསུངས་ཏེ། ཁོ་ན་རེ། འོན་ཏེ་བདག་ལ་སེམས་མེད་ཀྱང་ཡོན་ཏན་གྱི་ཁྱད་པར་ཤེས་པ་ཞེས་བྱ་
3045	ordinal-open	11		གཉིས་པ་དེ་འགྱུར་མེད་དུ་འདོད་པ་བཀག་པ་ནི།
3046	verse-stanza	25		ཅི་སྟེ་བདག་ལ་འགྱུར་མེད་ན།།↵སེམས་པས་དེ་ལ་ཅི་ཞིག་བྱས།།↵དེ་ལྟར་ཤེས་མེད་བྱ་བྲལ་བ།།↵ན
3047	terminal-particle	82		ཞེས་གསུངས་ཏེ། ཇི་སྟེ་བདག་རྟག་པ་ལ་འགྱུར་བ་མེད་དོ་སྙམ་ན། འོ་ན་ཤེས་པའམ་སེམས་པའི་ཡོན
3048	ordinal-open	35		བཞི་པ་བདག་མེད་ཀྱང་ལས་འབྲས་མི་འགལ་བ་ལ་གསུམ། རྩོད་པ་བཀོད། བདག་བྱེད་པ་པོ་མེད་པ་རྒོལ
3049	ordinal-open	3		དང་པོ་ནི།
3050	verse-stanza	25		གལ་ཏེ་བདག་ནི་ཡོད་མིན་ན།།↵ལས་འབྲས་འབྲེལ་བ་རིགས་མིན་ཏེ།།↵ལས་བྱས་ནས་ནི་ཞིག་པས་ན།།↵ས
3051	line-end	74		ཞེས་གསུངས་ཏེ། དེ་ལྟར་ལྷན་སྐྱེས་དང༌། ཀུན་བཏགས་ཀྱི་བདག་མེད་པར་བསྟན་པའི་ཚེ་གཟེགས་ཟན
3052	ordinal-open	18		གཉིས་པ་བདག་བྱེད་པ་པོ་མེད་པ་རྒོལ་བ་གཉིས་ཀ་ལ་མཚུངས་པར་བསྟན་པ་ནི།
3053	verse-stanza	25		བྱ་བ་འབྲས་གཞི་ཐ་དད་དང༌།།↵དེ་བདག་བྱེད་པ་མེད་པར་ཡང༌།།↵ཡུ་བུ་གཉིས་ཀ་ལ་གྲུབ་པས།།↵འདི
3054	line-end	92		ཞེས་གསུངས་ཏེ། ཁྱོད་ཀྱང་བདག་རྟག་པ་བྱ་བྱེད་མེད་པར་འདོད་ཅིང་ངེད་སངས་རྒྱས་པ་ཡང་བདག་མ
3055	ordinal-open	12		གསུམ་པ་རྒྱུ་འབྲས་དུས་མཉམ་མི་སྲིད་པར་བསྟན་པ་ནི།
3056	verse-stanza	13		རྒྱུ་ལྡན་འབྲས་བུ་དང་བཅས་པར།།↵མཐོང་བ་འདི་ནི་སྲིད་མ་ཡིན།།
3057	line-end	83		ཞེས་གསུངས་ཏེ། ཆོས་གཅིག་ཁོ་ན་ལ་བལྟོས་ཏེ་ཅིག་ཆར་རྒྱུ་དང་ཡང་ལྡན་ཞིང་འབྲས་བུ་དང་ཡང་བ
3058	verse-stanza	13		རྒྱུན་གཅིག་ལ་ནི་བརྟེན་ནས་སུ།།↵བྱེད་པོ་སྤྱོད་པོ་ཞེས་བྱར་བསྟན།།
3059	terminal-particle	108		ཞེས་གསུངས་ཏེ། ཁྱེད་རང་གི་སྟོན་པས་ལས་བྱེད་པ་པོས་འབྲས་བུ་མྱོང་བར་གསུངས་སོ་ཞེ་ན། ཆུ
3060	ordinal-open	52		ལྔ་པ་ཞར་ལ་དཔྱོད་པ་བ་དང་རང་སྡེ་གནས་མ་བུ་པའི་གང་ཟག་འགོག་པ་ལ་བཞི། འདས་མ་འོངས་བདག་མ་
3061	ordinal-open	3		དང་པོ་ནི།
3062	verse-stanza	13		འདས་དང་མ་འོངས་པ་ཡི་སེམས།།↵བདག་མིན་དེ་ནི་མེད་པའི་ཕྱིར།།
3063	line-end	87		ཞེས་གསུངས་ཏེ། དེའི་ཚེ་དཔྱོད་པ་པ་ལ་སོགས་པ་ན་རེ། སེམས་ཀྱི་རྒྱུན་དེ་ཉིད་བདག་ཡིན་ནོ་
3064	ordinal-open	12		གཉིས་པ་ད་ལྟ་བ་བདག་མ་ཡིན་པར་བསྟན་པ་ནི།
3065	verse-stanza	13		འོན་ཏེ་སྐྱེ་སེམས་བདག་ཡིན་ན།།↵དེ་ཞིག་ན་ཡང་བདག་མེད་ན།།
3066	terminal-particle	71		ཞེས་གསུངས་ཏེ། འོན་ཏེ་ད་ལྟར་སྐྱེས་ལ་མ་འགགས་པའི་སེམས་བདག་ཡིན་ནོ་ཞེ་ན། འདི་ཡང་ཤིན་ཏ
3067	ordinal-open	15		གསུམ་པ་བདག་མི་རྙེད་པར་བསྟན་པ་ནི། དཔེར་ན་ཆུ་ཤིང་སྡོང་པོ་དག།
3068	verse-stanza	19		ཆ་ཤས་ཕྱེ་ན་འགའ་མེད་པ།།↵དེ་བཞིན་རྣམ་པར་དཔྱད་པ་ཡིས།།↵བཙལ་ན་བདག་ཀྱང་ཡང་དག་མིན།།
3069	terminal-particle	30		ཞེས་གསུངས་ཏེ། དེ་ལ་རང་སྡེ་གནས་མ་བུ་པ་ན་རེ། བདག་ནི་ཕུང་པོ་ལས་དེ་ཉིད་དང་གཞན་གང་དུ་
3070	terminal-particle	140		དེ་ཡང་མ་ཡིན་ཏེ། དཔེར་ན་ཆུ་ཤིང་གི་སྡོང་པོ་དག་ལ་སྟ་རེས་བཅད་ཅིང་དུམ་བུར་བྱས་ལ་དེ་རེ
3071	ordinal-open	16		བཞི་པ་སེམས་ཅན་མེད་ན་སྙིང་རྗེ་མི་འཐད་པའི་རྩོད་པ་སྤངས་པ་ནི།
3072	verse-stanza	13		གལ་ཏེ་སེམས་ཅན་ཡོད་མིན་ན།།↵སུ་ལ་སྙིང་རྗེ་བྱ་ཞེ་ན།།
3073	line-end	70		ཞེས་གསུངས་ཏེ། དེ་ལྟར་དུ་བདག་མེད་ན་བདག་དང་སེམས་ཅན་དང་གང་ཟག་ནི་སྒྲ་རྣམ་གྲངས་པ་ཡིན་
3074	verse-stanza	13		འབྲས་བུའི་དོན་དུ་ཁས་བླངས་པའི།།↵རྨོངས་པས་བཏགས་པ་གང་ཡིན་པའོ།།
3075	line-end	111		ཞེས་གསུངས་ཏེ། སྤྱིར་ཤེས་རབ་ཀྱིས་མ་དཔྱད་པའི་སྐབས་སུ་འབྲས་བུ་རྫོགས་པའི་སངས་རྒྱས་འཐ
3076	verse-stanza	13		སེམས་ཅན་མེད་འབྲས་སུ་ཡི་ཡིན།།↵བདེན་ཏེ་འོན་ཀྱང་རྨོངས་ལས་འདོད།།
3077	line-end	55		ཅེས་གསུངས་ཏེ། འོ་ན་ཆེད་དུ་བྱ་བའི་ཡུལ་སེམས་ཅན་མེད་ན་དེའི་ཆེད་དུ་འབྲས་བུ་སངས་རྒྱས་
3078	verse-stanza	13		སྡུག་བསྔལ་ཉེ་བར་ཞི་དོན་དུ།།↵འབྲས་བུའི་རྨོངས་པ་ཟློག་མི་བྱ།།
3079	terminal-particle	78		ཞེས་གསུངས་ཏེ། གཞན་དོན་དུ་སངས་རྒྱས་འཐོབ་འདོད་ཀྱང་འབྲས་བུའི་རྨོངས་པ་ཡིན་ནོ་ཞེ་ན། མ
3080	line-end	38		འོན་ཀྱང་འབྲས་བུའི་རྨོངས་པ་འདི་ནི་ཆེད་དུ་མ་སྤངས་ཀྱང་ཅི་ཞིག་ན་མེ་ཏོག་ཡལ་བ་ན་དྲི་ལྟ
3081	verse-stanza	13		སྡུག་བསྔལ་རྒྱུ་ཡི་ང་རྒྱལ་ནི།།↵བདག་ཏུ་རྨོངས་པས་འཕེལ་བར་འགྱུར།།
3082	line-end	99		ཞེས་གསུངས་ཏེ། འོ་ན་རེ་ཞིག་ལམ་གྱི་རྟེན་དུ་འབྲས་བུའི་རྨོངས་པ་མི་ལྡོག་པ་ལྟར་བདག་འཛི
3083	verse-stanza	13		དེས་ཀྱང་བདག་ཏུ་མེད་ཅེ་ན།།↵བདག་མེད་བསྒོམ་པ་མཆོག་ཡིན་ནོ།།
3084	terminal-particle	38		ཞེས་གསུངས་ཏེ། དེ་ནས་ཅི་བྱ་ཞེ་ན། ཆོས་ཐམས་ཅད་བདག་མེད་ཅིང་སྤྲོས་པ་ཉེ་བར་ཞི་བ་འདི་ཁོ
3085	ordinal-open	38		གཉིས་པ་ཆོས་ཀྱི་བདག་མེད་སྒོམ་པ་ལ་བཞི་སྟེ། ལུས་དྲན་པ་ཉེ་བར་བཞག་པ། ཚོར་བ་དྲན་པ་ཉེ་བ
3086	ordinal-open	16		དང་པོ་ལ་གཉིས། ཡན་ལག་སོ་སོ་ལུས་མ་ཡིན་པ་དང༌། ཡན་ལག་ཅན་དགག་པའོ།།
3087	ordinal-open	18		དང་པོ་ལ་གཉིས། ཆ་ཤས་རེ་རེ་ཞིང་ལུས་མ་ཡིན་པ་དང༌། ལུས་སྒྲོ་བཏགས་སུ་བསྟན་པའོ།།
3088	ordinal-open	3		དང་པོ་ནི།
3089	verse-stanza	25		ལུས་ནི་རྐང་པ་བྱིན་པ་མིན།།↵བརླ་དང་རྐེད་པའང་ལུས་མ་ཡིན།།↵ལྟོ་དང་རྒྱབ་ཀྱང་ལུས་མ་ཡིན།
3090	verse-stanza	25		རྩིབས་ལོགས་ལག་པའང་ལུས་མ་ཡིན།།↵མཆན་ཁུང་ཕྲག་པའང་ལུས་མ་ཡིན།།↵ནང་རོལ་རྣམས་ཀྱང་དེ་མིན
3091	terminal-particle	66		ཞེས་གསུངས་ཏེ། དེ་ཡང་ཡན་ལག་སྣ་ཚོགས་པའི་འདུས་པ་འདི་ལ་ལུས་ཞེས་བརྗོད་ཅིང་དེར་ཞེན་པར་
3092	quote-close	56		བྲང་དང་དཔུང་པའང་ལུས་མ་ཡིན་ རྩིབས་ལོག་དང་ལག་པའང་ལུས་མ་ཡིན། མཆན་ཁུང་དང་ཕྲག་པའང་ལུས
3093	ordinal-open	40		གཉིས་པ་ལུས་སྒྲོ་བཏགས་སུ་བསྟན་པ་ནི། འདི་ལ་ལུས་ནི་གང་ཞིག་ཡིན།། ཞེས་གསུངས་ཏེ། ད་ནི་
3094	ordinal-open	42		གཉིས་པ་ཡན་ལག་ཅན་དགག་པ་ལ་བཞི། ཆ་ཤས་ཐམས་ཅད་ལ་ལུས་གནས་པ་བཀག ལུས་ཐོ་ཡོར་ལ་མིར་ཞེན་ལྟ
3095	ordinal-open	37		དང་པོ་ནི། དེའི་ཚེ་བྱེ་བྲག་པ་ལ་སོགས་པ་ན་རེ། དེ་རྣམས་ནི་ལུས་ཀྱི་ཆ་ཤས་ཡིན་ལ་ཆ་ཤས་ཅན
3096	line-end	34		ཞེས་ཟེར་ཞིང༌། བོད་ཕྱི་མ་ཁ་ཅིག་ཀྱང་ཆ་ཤས་ཅན་བརླན་གཤེར་ཕོར་གང་གི་སྟེང་ན་ཆ་ཤས་བདུད་ར
3097	verse-stanza	25		གལ་ཏེ་ལུས་འདི་ཐམས་ཅད་ལ།།↵ཕྱོགས་རེ་ཡིས་ནི་གནས་གྱུར་ན།།↵ཆ་རྣམས་ཆ་ལ་གནས་གྱུར་མོད།།↵
3098	line-end	67		ཞེས་གསུངས་ཏེ། དེ་ལ་བརྒལ་བ། གལ་ཏེ་ལུས་ཉིད་ནི་ཆ་ཤས་ཐམས་ཅད་ལ་ཕྱོགས་རེ་ཡིས་ནི་གནས་པར
3099	verse-stanza	25		གལ་ཏེ་བདག་ཉིད་ཀུན་གྱི་ལུས།།↵ལག་སོགས་རྣམས་ལ་གནས་ན་ནི།།↵ལག་སོགས་དེ་དག་ཇི་སྙེད་པ།།↵
3100	terminal-particle	116		ཞེས་གསུངས་ཏེ། གལ་ཏེ་ལུས་བདག་ཉིད་དེ་ཆ་ཤས་ཀུན་གྱི་ལུས་ལག་པ་ལ་སོགས་པ་རྣམས་ལ་རེ་རེ་ཞ
3101	line-end	49		འདོད་མི་ནུས་ཏེ་དེ་ལྟ་ན་ཆ་ཤས་རེ་རེ་ཞིང་ལུས་སུ་ཐལ་བས་ཁྱབ་བྱེད་ཆ་ཤས་ཅན་གྱི་ལུས་ཁས་བ
3102	verse-stanza	25		ཕྱི་དང་ནང་ན་ལུས་མེད་ན།།↵ཇི་ལྟར་ལག་སོགས་ལ་ལུས་ཡོད།།↵ལག་སོགས་རྣམས་ལས་གཞན་མེད་ན།།↵ད
3103	terminal-particle	55		ཞེས་གསུངས་ཏེ། དེས་ན་ཕྱི་བེམ་པོར་སྣང་བ་དང་ནང་ཤེས་པར་སྣང་བ་འདི་གང་ནའང་དཔྱད་ན་ལུས་ཞ
3104	terminal-particle	78		གལ་ཏེ་ཆ་ཤས་འདི་རྣམས་མ་ཡིན་པའི་ལུས་གཅིག་ཡིན་པར་འདོད་ན། དེ་ལྟ་ན་སྲོག་དབང་གི་བར་དུ་
3105	ordinal-open	12		གཉིས་པ་ལུས་ཐོ་ཡོར་ལ་མིར་ཞེན་ལྟར་བསྟན་པ་ནི།
3106	verse-stanza	25		དེས་ན་ལུས་མེད་ལག་སོགས་ལ།།↵རྨོངས་པ་ཡིས་ནི་ལུས་བློར་འགྱུར།།↵དབྱིབས་སུ་ཡོད་པའི་ཁྱད་
3107	line-end	79		ཞེས་གསུངས་ཏེ། དེས་ན་ཆ་ཤས་ཅན་ནམ་གཞན་ཡང་རུང་སྟེ་ལུས་ཞེས་བྱ་བ་གཏན་མེད་ཀྱང་ལག་སོགས་ཀ
3108	verse-stanza	25		ཇི་སྲིད་རྐྱེན་ཚོགས་དེ་སྲིད་དུ།།↵ཐོ་ཡོར་སྐྱེས་བུ་ལྟར་སྣང་བ།།↵དེ་བཞིན་ཇི་སྲིད་ལག་ས
3109	terminal-particle	80		ཞེས་གསུངས་ཏེ། གལ་ཏེ་ཐོ་ཡོར་ལ་དུས་ཐ་གི་ཙམ་ཞིག་ཏུ་མིར་འཁྲུལ་པར་ཟད་ལ་ལག་སོགས་ལ་ལུས་
3110	ordinal-open	16		གསུམ་པ་དཔྱད་ན་ཡན་ལག་དང་ཉིང་ལག་ཀྱང་མི་འགྲུབ་པར་བསྟན་པ་ནི།
3111	verse-stanza	25		དེ་བཞིན་སོར་མོའི་ཚོགས་ཡིན་ཕྱིར།།↵ལག་པའང་གང་ཞིག་ཡིན་པར་འགྱུར།།↵དེ་ཡང་ཚིགས་ཀྱི་ཚོག
3112	verse-stanza	25		ཆ་ཡང་རྡུལ་དུ་ཕྱེ་བ་སྟེ།།↵རྡུལ་དེའང་ཕྱོགས་ཆའི་དབྱེ་བ་ཡིས།།↵ཕྱོགས་དབྱེའང་ཆ་ཤས་དང་བ
3113	terminal-particle	84		ཅེས་གསུངས་ཏེ། དེ་ལྟར་ལུས་རིལ་པོར་འཛིན་པ་ཟློག་པར་མ་ཟད་ཆ་ཤས་ཀྱང་དཔྱད་ན་མི་འགྲུབ་སྟ
3114	ordinal-open	9		བཞི་པ་གཟུགས་རྨི་ལམ་ལྟར་བསྟན་པ་ནི།
3115	verse-stanza	25		དེ་ལྟར་རྨི་ལམ་ལྟ་བུ་ཡི།།↵གཟུགས་ལ་དཔྱོད་ལྡན་སུ་ཞིག་ཆགས།།↵གང་ཚེ་དེ་ལྟར་ལུས་མེད་པ།།
3116	terminal-particle	47		ཞེས་གསུངས་ཏེ། སྐྱེས་པ་དང་བུད་མེད་ནི་དབང་པོའི་ཁྱད་པར་ལས་བཞག་པར་ཟད་ལ་དབང་པོ་དེ་ཡང་
3117	ordinal-open	28		གཉིས་པ་ཚོར་བ་དྲན་ཉེ་ལ་བཞི་སྟེ། ཚོར་བ་ཉིད་མ་གྲུབ་པ། ཚོར་བའི་རྒྱུ་མེད་པ། གང་ཚོར་བའ
3118	ordinal-open	32		དང་པོ་ལ་བཞི། སྡུག་བསྔལ་དོན་དམ་དུ་མེད་པར་བསྟན། བདེ་བས་ཟིལ་གྱིས་མནན་པར་འདོད་པ་བཀག 
3119	ordinal-open	3		དང་པོ་ནི།
3120	verse-stanza	25		སྡུག་བསྔལ་དེ་ཉིད་དུ་ཡོད་ན།།↵ཇི་སྟེ་རབ་དགའ་ལ་མི་གནོད།།↵བདེ་ན་མྱ་ངན་གདུང་སོགས་ལ།།↵
3121	line-end	135		ཅེས་གསུངས་ཏེ། དེ་ཡང་ཚོར་བ་ནི་མིག་གིས་འདུས་ཏེ་རེག་པའི་རྐྱེན་གྱིས་ཚོར་བ་སོགས་དྲུག་
3122	ordinal-open	13		གཉིས་པ་བདེ་བས་ཟིལ་གྱིས་མནན་པར་འདོད་པ་བཀག་པ་ནི།
3123	verse-stanza	25		སྟོབས་དང་ལྡན་པས་ཟིལ་མནན་ཕྱིར།།↵གལ་ཏེ་དེ་མྱོང་མ་ཡིན་ན།།↵གང་ཞིག་ཉམས་མྱོང་བདག་ཉིད་མ
3124	line-end	71		ཞེས་གསུངས་ཏེ། སྡུག་བསྔལ་གྱི་ཚོར་བ་ཡོད་མོད་ནའང་བདེ་བ་སྟོབས་དང་ལྡན་པས་ཟིལ་གྱིས་མནན
3125	ordinal-open	11		གསུམ་པ་སྡུག་བསྔལ་ཕྲ་མོར་ཡོད་པ་བཀག་པ་ནི།
3126	verse-stanza	25		སྡུག་བསྔལ་ཕྲ་མོ་ཉིད་དུ་ཡོད།།↵འདི་ཡིས་རགས་པ་བསལ་མིན་ནམ།།↵དེ་ནི་དེ་ལས་གཞན་འགའ་ཙམ།།
3127	line-end	145		ཞེས་གསུངས་ཏེ། གལ་ཏེ་སྡུག་བསྔལ་ཕྲ་མོ་ཉིད་དུ་ཡོད་པས་རྒྱུན་ཆད་པ་ཡང་མ་ཡིན་ནོ་ཞེ་ན། འ
3128	verse-stanza	25		གལ་ཏེ་འགལ་རྐྱེན་སྐྱེས་པས་ན།།↵སྡུག་བསྔལ་སྐྱེས་པ་མིན་ན་ནི།།↵ཚོར་བར་རྟོག་པ་མངོན་ཞེན
3129	line-end	81		ཞེས་གསུངས་ཏེ། གལ་ཏེ་སྡུག་བསྔལ་ནི་རང་བཞིན་གྱིས་རྟག་པར་སྐྱེས་པ་མིན་ཏེ་རྒྱུ་རྐྱེན་ཚ
3130	ordinal-open	11		བཞི་པ་ཚོར་བ་རང་བཞིན་མེད་པར་བསྟན་པ་ནི།
3131	verse-stanza	25		དེ་ཉིད་ཕྱིར་ན་འདི་ཡི་ནི།།↵གཉེན་པོར་རྣམ་དཔྱོད་འདི་སྒོམ་སྟེ།།↵རྣམ་བརྟགས་ཞིང་ལས་བྱུ
3132	terminal-particle	92		ཞེས་གསུངས་ཏེ། དེ་ཉིད་ཀྱི་ཕྱིར་ན་བདེ་སོགས་ཀྱི་ཚོར་བ་ལ་བདེན་པར་ཞེན་པ་འདི་ཡི་ནི་གཉེ
3133	ordinal-open	35		གཉིས་པ་ཚོར་བའི་རྒྱུ་མེད་པར་བསྟན་པ་ལ་གསུམ། དབང་དོན་ཕྲད་པ་བཀག རྣམ་ཤེས་ལ་ཕྲད་པ་མི་འ
3134	ordinal-open	31		དང་པོ་ནི། དེའི་ཚེ་རང་སྡེ་བྱེ་སྨྲ་བ་ན་རེ། དབང་ཤེས་དང་ཡུལ་ཕྲད་པ་ནི་རེག་པ་ཡིན་ལ། དེ
3135	verse-stanza	25		གལ་ཏེ་དབང་དོན་བར་བཅས་ན།།↵དེ་དག་གང་དུ་ཕྲད་པར་འགྱུར།།↵བར་མེད་ན་ཡང་གཅིག་ཉིད་དེ།།↵གང
3136	line-end	102		ཞེས་གསུངས་ཏེ། དེ་ལ་དྲིས་པ་ཅི་དབང་དོན་བར་བཅས་སུ་སྐྱེའམ་བར་མེད་དུ་སྐྱེ། གལ་ཏེ་དབང་
3137	verse-stanza	25		རྡུལ་ཕྲན་རྡུལ་ཕྲན་ལ་འཇུག་མེད།།↵དེ་ནི་སྐབས་མེད་མཉམ་པ་ཡིན།།↵མ་ཞུགས་པ་ལ་འདྲེས་མེད་ཅ
3138	verse-stanza	25		ཆ་མེད་པ་ལའང་ཕྲད་པ་ཞེས།།↵བྱ་བ་ཇི་ལྟར་འཐད་པར་འགྱུར།།↵ཕྲད་པ་དང་ནི་ཆ་མེད་པར།།↵གལ་ཏེ་
3139	terminal-particle	153		ཞེས་གསུངས་ཏེ། གལ་ཏེ་རགས་པ་ཕྲད་པ་མ་ཡིན་གྱི་རྡུལ་ཕྲ་རབ་ཕྲད་པའོ་ཞེ་ན། རྡུལ་ཕྲ་རབ་ནི
3140	ordinal-open	13		གཉིས་པ་རྣམ་ཤེས་ལ་ཕྲད་པ་མི་འཐད་པར་བསྟན་པ་ནི།
3141	verse-stanza	25		རྣམ་ཤེས་ལུས་མེད་པ་ལ་ནི།།↵ཕྲད་པ་འཐད་པ་མ་ཡིན་ཉིད།།↵ཚོགས་པའང་དངོས་པོ་མེད་ཕྱིར་ཏེ།།↵
3142	terminal-particle	28		ཞེས་གསུངས་ཏེ། སྤྱིར་ཡང་ལུས་ཅན་ལ་ཕྲད་པ་ཡོད་མོད། རྣམ་ཤེས་ལུས་མེད་པ་ལ་ནི་ཕན་ཚུན་ཕྲད
3143	terminal-particle	42		གལ་ཏེ་རྣམ་ཤེས་ལའང་ཚོགས་པ་ལས་ཕྲད་པ་བཞག་གོ་ཞེ་ན། ཚོགས་པའང་དཔྱད་ན་དངོས་པོ་མེད་པའི་ཕ
3144	ordinal-open	16		གསུམ་པ་དེས་ན་རེག་པ་མེད་པས་ཚོར་བ་མི་འབྱུང་བར་བསྟན་པ་ནི།
3145	verse-stanza	25		དེ་ལྟར་རེག་པ་ཡོད་མིན་ན།།↵ཚོར་བ་གང་ལས་འབྱུང་བར་འགྱུར།།↵ངལ་འདི་ཅི་ཡི་དོན་དུ་ཡིན།།↵
3146	terminal-particle	30		ཞེས་གསུངས་ཏེ། དེ་ལྟར་དབང་དོན་ཕན་ཚུན་དུ་རེག་པ་ཡོད་པ་མིན་ན་དེའི་ཚོར་བ་གང་ལས་འབྱུང་
3147	line-end	39		གལ་ཏེ་རྒྱུ་མ་མཐོང་ན་ཡང་ཚོར་བ་ཙམ་ཞིག་ཡོད་དོ་ཞེ་ན། རྒྱུ་མེད་ཀྱང་འབྲས་བུ་ཡོད་པར་འདོ
3148	verse-stanza	25		གང་ཚེ་ཚོར་པོ་འགའ་མེད་ཅིང༌།།↵ཚོར་བའང་ཡོད་པ་མ་ཡིན་པ།།↵དེ་ཚེ་གནས་སྐབས་འདི་མཐོང་ནས།།
3149	terminal-particle	19		ཞེས་གསུངས་པ་སྟེ། ཚོར་བ་ལས་སྲེད་པ་འབྱུང་ལ་རྒྱུ་འགགས་ན་འབྲས་བུ་ལྡོག་པའི་ཕྱིར་རོ།།
3150	ordinal-open	8		གསུམ་པ་ཚོར་བའི་ཡུལ་མེད་པ་ནི།
3151	verse-stanza	13		མཐོང་བ་འམ་ནི་རེག་པ་ཡང༌།།↵རྨི་ལམ་སྒྱུ་འདྲའི་བདག་ཉིད་ཀྱིས།།
3152	line-end	59		ཞེས་གསུངས་ཏེ། གཞན་ཡང་གང་ཚོར་བའི་ཡུལ་ཞིག་ཡོད་ན་ཚོར་ལ་རག་མོད་ཀྱང་གང་མཐོང་བའམ་གང་ལ་
3153	ordinal-open	25		བཞི་པ་ཚོར་བའི་འཛིན་པ་མེད་པ་ལ་གསུམ། དུས་གསུམ་གྱི་ཚོར་འཛིན་བཀག ཚོར་བ་པོ་མེད་པར་བསྟ
3154	ordinal-open	3		དང་པོ་ནི།
3155	verse-stanza	25		སེམས་དང་ལྷན་ཅིག་སྐྱེས་པའི་ཕྱིར།།↵ཚོར་བ་དེ་ཡིས་མཐོང་མ་ཡིན།།↵སྔ་དང་ཕྱི་མར་སྐྱེས་པས
3156	terminal-particle	111		ཞེས་གསུངས་ཏེ། གཞན་ཡང་ཚོར་བ་ཡང་དག་པར་མེད་དེ་དེ་སེམས་ཀྱིས་མི་མྱོང་བའི་ཕྱིར། དེ་ལ་ས
3157	line-end	13		སེམས་སྔ་ལ་ཚོར་བ་འཕྱི་ནའང་སྐྱོན་དེ་ཉིད་ཀྱིས་རེག་གོ།
3158	ordinal-open	10		གཉིས་པ་ཚོར་བ་པོ་མེད་པར་བསྟན་པ་ནི།
3159	verse-stanza	25		རང་གིས་བདག་ཉིད་མྱོང་མིན་ན།།↵གཞན་དག་གིས་ཀྱང་མྱོང་མ་ཡིན།།↵ཚོར་པོ་འགའ་ཡང་ཡོད་མིན་ཏེ
3160	terminal-particle	45		ཞེས་གསུངས་ཏེ། ཚོར་བ་རང་གིས་ཚོར་བ་བདག་ཉིད་མྱོང་བའང་མིན་ཏེ་མིག་རང་གིས་རང་མི་མཐོང་བ
3161	terminal-particle	58		དེ་ལྟར་དཔྱད་པ་ན་ཤེས་རབ་དྲི་མ་མེད་པའི་མདུན་ན་གང་ཞིག་ཚོར་བ་དང་གང་གིས་ཚོར་བ་པོ་དང་ཇ
3162	ordinal-open	9		གསུམ་པ་བརྗོད་བྱའི་དོན་སྤྱིར་བསྡུས་པ་ནི།
3163	verse-stanza	13		དེ་ལྟར་བདག་མེད་ཚོགས་འདི་ལ།།↵འདི་ཡིས་ཅི་སྟེ་གནོད་པ་བྱེད།།
3164	terminal-particle	50		ཅེས་གསུངས་ཏེ། དེ་ལྟར་ཆོས་དང་གང་ཟག་གི་བདག་མེད་པ་ལུས་སེམས་ཀྱི་ཚོགས་པ་སྒྱུ་མ་ཙམ་འདི
3165	terminal-particle	39		འདི་ནི་ཚོར་བའི་དྲན་ཉེ་ཡང་དག་པར་སྒོམ་པ་ཡིན་ཏེ། འཇམ་དཔལ་གང་གིས་ཚོར་བ་ཉིད་མི་དམིགས་
3166	quote-close	2		ཞེས་སོ།།
3167	ordinal-open	15		གསུམ་པ་སེམས་དྲན་ཉེ་ལ་ཡང་གཉིས། སེམས་མ་གྲུབ་པ་དང༌། ཡུལ་མ་གྲུབ་པའོ།།
3168	ordinal-open	14		དང་པོ་ལ་གཉིས། སེམས་དཔྱད་མི་བཟོད་པ་དང༌། གཟོད་ནས་དག་པར་བསྟན་པའོ།།
3169	ordinal-open	3		དང་པོ་ནི།
3170	verse-stanza	25		ཡིད་ནི་དབང་རྣམས་ལ་མི་གནས།།↵གཟུགས་སོགས་ལ་མིན་བར་ནའང་མིན།།↵ནང་ཡང་སེམས་མིན་ཕྱི་མིན་
3171	terminal-particle	68		ཞེས་གསུངས་ཏེ། དེ་ཡང་ཚོར་བ་ཡོད་དེ་ཚོར་བ་པོ་སེམས་ཡོད་པས་སོ་སྙམ་ན། སེམས་སམ་ཡིད་དེ་ཉ
3172	line-end	53		སུ་ཞིག་སེམས་ཡིན་ཞེས་བརྟགས་ན་ནང་དབང་པོ་ཡང་སེམས་མིན་ལ་ཕྱི་ཡུལ་ཡང་སེམས་མིན་ཞིང་ཕྱི་
3173	verse-stanza	13		གང་ཞིག་ལུས་མིན་གཞན་དུ་མིན།།↵འདྲེས་མིན་ལོགས་སུ་འགར་མེད་པ།།
3174	terminal-particle	36		ཞེས་གསུངས་ཏེ། དེས་ན་གང་ཞིག་ཡིད་དེ་ནི་ལུས་ཀྱང་མིན་ལ་ལུས་ལས་གཞན་དུའང་མིན་ཞིང་ལུས་ད
3175	ordinal-open	9		གཉིས་པ་གཟོད་ནས་དག་པར་བསྟན་པ་ནི།
3176	verse-stanza	13		དེ་ནི་ཅུང་ཟད་མིན་དེའི་ཕྱིར།།↵སེམས་ཅན་རང་བཞིན་མྱ་ངན་འདས།།
3177	terminal-particle	40		ཞེས་གསུངས་ཏེ། དེ་ནི་རང་གི་ངོ་བོ་ཅུང་ཟད་དུ་ཡང་མཐོང་བ་མིན་པ་དེའི་ཕྱིར་སེམས་ཅན་གྱི་
3178	ordinal-open	21		གཉིས་པ་ཡུལ་མ་གྲུབ་པ་ལ་གསུམ། ཤེས་བྱ་སྔ་མ་དང༌། དུས་མཉམ་པ་དང༌། ཤེས་བྱ་འཕྱི་བའི་སྐྱོ
3179	ordinal-open	3		དང་པོ་ནི།
3180	verse-stanza	13		ཤེས་བྱ་ལས་སྔར་ཤེས་ཡོད་ན།།↵དེ་ནི་ཅི་ལ་དམིགས་ནས་སྐྱེ།།
3181	terminal-particle	36		ཞེས་གསུངས་ཏེ། གལ་ཏེ་ཤེས་པ་ཡང་དག་པར་ཡོད་དེ་ཡུལ་ཤེས་བྱ་རང་བཞིན་གྱིས་ཡོད་པའི་ཕྱིར་ས
3182	line-end	44		གལ་ཏེ་ཤེས་པ་སྔ་ན་ཤེས་བྱ་ལས་སྔར་ཤེས་པ་ཡོད་པར་འགྱུར་ལ། དེ་ལྟ་ན་ཤེས་པ་དེ་ནི་ཅི་ལ་དམ
3183	ordinal-open	7		གཉིས་པ་དུས་མཉམ་པའི་སྐྱོན་ནི།
3184	verse-stanza	13		ཤེས་དང་ཤེས་བྱ་ལྷན་ཅིག་ན།།↵དེ་ནི་ཅི་ལ་དམིགས་ནས་སྐྱེ།།
3185	line-end	40		ཞེས་གསུངས་ཏེ། ཤེས་པ་དང་ཤེས་བྱ་ལྷན་ཅིག་དུས་མཉམ་དུ་བྱུང་ངོ་ཞེ་ན། ཤེས་པ་དེ་ནི་ཅི་ལ་
3186	ordinal-open	10		གསུམ་པ་ཤེས་བྱ་འཕྱི་བའི་སྐྱོན་བསྟན་པ་ནི།
3187	verse-stanza	13		འོན་ཏེ་ཤེས་བྱ་ཕྱིས་ཡོད་ན།།↵དེ་ཚེ་ཤེས་པ་གང་ལས་སྐྱེ།།
3188	terminal-particle	46		ཞེས་གསུངས་ཏེ། དེ་ལྟར་ན་ཆོས་རྣམས་ཐམས་ཅད་ཀྱི་སྐྱེ་འགག་གནས་པ་དང་ཡུལ་ཡུལ་ཅན་སོགས་ནི་
3189	terminal-particle	77		དེ་ལྟར་སེམས་གཟོད་ནས་དག་པར་མཐོང་བ་ནི་སེམས་དྲན་ཉེ་སྟེ། གཙུག་ན་རིན་ཆེན་གྱི་མདོ་ལས། 
3190	quote-close	2		ཞེས་སོ།།
3191	ordinal-open	25		བཞི་པ་ཆོས་དྲན་ཉེ་ལ་གསུམ། ཆོས་ཐམས་ཅད་སྐྱེ་མེད་དུ་བསྟན་པ། ཧ་ཅང་ཐལ་བ་སྤང་བ། ཐུག་མེད
3192	ordinal-open	3		དང་པོ་ནི།
3193	verse-stanza	13		དེ་ལྟར་ཆོས་རྣམས་ཐམས་ཅད་ཀྱི།།↵སྐྱེ་བ་རྟོགས་པར་འགྱུར་མ་ཡིན།།
3194	terminal-particle	91		ཞེས་གསུངས་ཏེ། དེ་ཡང་ལུས་དང་ཚོར་བ་དང་སེམས་སུ་ཞེན་པ་དེ་ལྟར་ཟློག་པ་ན་དེ་རྣམས་ལས་གཞན
3195	ordinal-open	14		གཉིས་པ་ཧ་ཅང་ཐལ་བ་སྤང་བ་ལ་གཉིས། བརྒལ་བ་བཀོད། ལན་བཏབ་པའོ།།
3196	ordinal-open	3		དང་པོ་ནི།
3197	verse-stanza	13		གལ་ཏེ་དེ་ལྟར་ཀུན་རྫོབ་མེད།།↵དེ་ལ་བདེན་གཉིས་ག་ལ་ཡོད།།
3198	terminal-particle	55		ཅེས་གསུངས་ཏེ། དེའི་ཚེ་རྣམ་རིག་པ་དང་དངོས་སྨྲ་བ་དག་ན་རེ། གལ་ཏེ་ཐམས་ཅད་སྐྱེ་མེད་ཡིན
3199	terminal-particle	99		དེ་ཡང་ཀུན་རྫོབ་གཞན་གྱིས་ན། སེམས་ཅན་མྱ་ངན་ག་ལ་འདའ།། ཞེས་གསུངས་ཏེ། ཀུན་རྫོབ་དེ་ཡང་
3200	line-end	18		ཞེས་རྒོལ་བའི་རྩོད་པ་དང༌། ལན་གྱི་དོགས་པ་བསུས་ནས་སླར་བརྒལ་བར་རློམ་པ་བཀོད་ནས།
3201	ordinal-open	6		གཉིས་པ་ལན་བཏབ་པ་ནི།
3202	verse-stanza	13		འདི་ནི་གཞན་སེམས་རྣམ་རྟོག་སྟེ།།↵དེ་ནི་རང་གི་ཀུན་རྫོབ་མིན།།
3203	line-end	191		ཞེས་གསུངས་ཏེ། དེ་ལྟར་སངས་རྒྱས་པ་དང་མ་རྒྱས་པར་བཞག་པ་འདི་ནི་གཞན་སེམས་ཀྱི་རྣམ་པར་རྟ
3204	verse-stanza	13		ཕྱིས་དེ་ངེས་ན་དེ་ཡོད་དེ།།↵མིན་ན་ཀུན་རྫོབ་མེད་པ་ཉིད།།
3205	line-end	62		ཅེས་གསུངས་ཏེ། ཕྱི་ནས་ཁྱེད་ཅག་གིས་ཀྱང་དེ་ལྟ་བུ་ངེས་ཤིང་ཁོང་དུ་ཆུད་ན་དོན་དམ་སྐྱེ་མ
3206	verse-stanza	13		གང་ལ་སྟོང་ཉིད་མི་རུང་བ།།↵དེ་ལ་ཅི་ཡང་རུང་མ་ཡིན།།
3207	line-end	2		སོགས་དང༌།
3208	verse-stanza	19		གལ་ཏེ་སྟོང་ཉིད་མ་ཡིན་ན།།↵འཕགས་པའི་བདེན་པ་བཞི་པོ་རྣམས།།↵ཁྱོད་ལ་མེད་པར་ཐལ་བར་འགྱུར
3209	line-end	5		ཞེས་སོགས་གསུངས་པའི་ཕྱིར།
3210	ordinal-open	26		གསུམ་པ་ཐུག་མེད་དུ་ཐལ་བ་སྤང་བ་ལ་བཞི། རྩོད་པ་བཀོད་པ། ལན་བཏབ་པ། ཕ་རོལ་གྱི་ཡང་ལན་བརྗ
3211	ordinal-open	80		དང་པོ་ནི། རྟོག་དང་བརྟག་པར་བྱ་བ་དག། གཉིས་པོ་ཕན་ཚུན་བརྟེན་པ་ཡིན།། ཞེས་གསུངས་ཏེ། གལ
3212	ordinal-open	6		གཉིས་པ་ལན་བཏབ་པ་ནི།
3213	verse-stanza	13		ཇི་ལྟར་གྲགས་པ་ལ་བརྟེན་ནས།།↵རྣམ་པར་དཔྱད་པ་ཐམས་ཅད་བརྗོད།།
3214	terminal-particle	97		ཅེས་གསུངས་ཏེ། དེ་ལྟར་དཔྱད་ན་རྟོག་པ་ཕན་ཚུན་བརྟེན་པའི་ཕྱིར་གཉི་གའང་མི་འགྲུབ་པ་ནི་ད
3215	ordinal-open	10		གསུམ་པ་ཕ་རོལ་གྱི་ཡང་ལན་བརྗོད་པ་ནི།
3216	verse-stanza	13		གང་ཚེ་རྣམ་པར་དཔྱད་པ་ཉིད།།↵རྣམ་དཔྱོད་ཀྱིས་ནི་དཔྱོད་བྱེད་ན།།
3217	quote-close	32		ཞེས་གསུངས་ཏེ། འོ་ན་རྣམ་དཔྱོད་དེ་ཉིད་ཀྱང་རྣམ་དཔྱོད་གཞན་གྱིས་དཔྱོད་དགོས་སོ་ཞེ་ན། ག
3218	ordinal-open	9		བཞི་པ་དེ་ཡི་དོགས་པ་བསལ་བ་ནི།
3219	verse-stanza	25		དེ་ཚེ་རྣམ་དཔྱོད་དེ་ཡང་ནི།།↵རྣམ་དཔྱོད་ཕྱིར་ན་ཐུག་པ་མེད།།↵དཔྱད་བྱ་རྣམ་པར་དཔྱད་བྱས་
3220	verse-stanza	13		རྟེན་མེད་ཕྱིར་ན་མི་སྐྱེ་སྟེ།།↵དེ་ཡང་མྱ་ངན་འདས་པར་བརྗོད།།
3221	quote-close	167		ཅེས་གསུངས་ཏེ། དེ་ཚེ་རྣམ་དཔྱོད་དེ་ཡང་ནི། རྣམ་དཔྱོད་ཕྱིར་ན་ཐུག་པ་མེད་པར་ཐལ་བར་འགྱུ
3222	terminal-particle	47		དེ་ལྟར་སྒྲོ་སྐུར་གྱི་ཞེན་པ་ལོག་པ་ན་ཆོས་རྣམས་ཀྱི་རང་བཞིན་བསལ་བཞག་བྱར་མེད་པ་སྟོང་ཞ
3223	terminal-particle	66		དེ་ལྟར་ཆོས་འདུས་བྱས་སམ་འདུས་མ་བྱས་གང་ཡང་མི་དམིགས་པས་དགེ་བ་དང་མི་དགེ་བར་འཛིན་པ་ཡང
3224	quote-close	2		ཞེས་སོ།།
3225	ordinal-open	22		བཞི་པ་དངོས་འཛིན་དགག་པ་ལ་གཉིས། དངོས་པོ་ལ་སྒྲུབ་བྱེད་མེད་པར་བསྟན་པ་དང༌། གནོད་བྱེད་
3226	ordinal-open	24		དང་པོ་ལ་བཞི། མདོར་བསྟན། ཤེས་པ་དང་ཤེས་བྱ་མི་འགྲུབ་པར་བསྟན། དེའི་དཔེ་བཤད། ས་མྱུག་ག
3227	ordinal-open	3		དང་པོ་ནི།
3228	verse-stanza	13		གང་གི་ལྟར་ན་འདི་གཉིས་བདེན།།↵དེ་ཉིད་ཤིན་ཏུ་དཀའ་བར་གནས།།
3229	line-end	71		ཞེས་གསུངས་ཏེ། དེ་ཡང་དངོས་པོར་སྨྲ་བ་རྣམས་གང་གི་ལུགས་ལྟར་ན་རྣམ་པར་དཔྱད་བྱ་དཔྱོད་བྱ
3230	ordinal-open	13		གཉིས་པ་ཤེས་པ་དང་ཤེས་བྱ་མི་འགྲུབ་པར་བསྟན་པ་ནི།
3231	verse-stanza	13		གལ་ཏེ་ཤེས་དབང་ལས་དོན་གྲུབ།།↵ཤེས་ཡོད་ཉིད་ལ་རྟེན་ཅི་ཡོད།།
3232	line-end	44		ཅེས་གསུངས་ཏེ། དོན་སྨྲ་བ་ན་རེ། གལ་ཏེ་ཤེས་པ་དང་དབང་པོ་ལས་ཕྱི་དོན་གཟུགས་སོགས་འགྲུབ་
3233	verse-stanza	19		ཤེས་བྱ་ཡོད་ལ་རྟེན་ཅི་ཡོད།།↵དེ་སྟེ་ཕན་ཚུན་དབང་གིས་ཡོད།།↵གཉིས་ཀ་ཡང་ནི་མེད་པར་འགྱུར
3234	line-end	88		ཞེས་གསུངས་ཏེ། འོན་ཏེ་ཡུལ་ཤེས་བྱ་ཡོད་པ་ལས་ཡུལ་ཅན་ཤེས་པ་གྲུབ་བོ་ཞེ་ན། ཡུལ་ཤེས་བྱ་ཡ
3235	ordinal-open	7		གསུམ་པ་དེའི་དཔེ་བཤད་པ་ནི།
3236	verse-stanza	25		གལ་ཏེ་བུ་མེད་ཕ་མིན་ན།།↵བུ་ཉིད་གང་ལས་བྱུང་བ་ཡིན།།↵བུ་མེད་པར་ནི་ཕ་མེད་པ།།↵དེ་བཞིན་
3237	terminal-particle	33		ཅེས་གསུངས་ཏེ། དཔེར་ན་ཕས་བསྐྱེད་པ་ལ་བལྟོས་ཏེ་བུ་དང༌། བུ་སྐྱེད་པ་ལ་བལྟོས་ཏེ་ཕར་འཇོ
3238	terminal-particle	45		དེ་བཞིན་དུ་ཕ་མེད་ན་ནི་བུ་ཉིད་གང་ལས་བྱུང་བ་ཡིན། གང་ལ་དེས་སྐྱེད་པའི་བུ་མེད་པར་ནི་ད
3239	ordinal-open	13		བཞི་པ་ས་མྱུག་གི་དཔེ་དང་མི་མཚུངས་པར་བསྟན་པ་ནི།
3240	verse-stanza	25		མྱུ་གུ་ས་བོན་ལས་སྐྱེས་ཤིང༌།།↵ས་བོན་དེ་ཉིད་ཀྱིས་རྟོགས་བཞིན།།↵ཤེས་བྱ་ལས་སྐྱེས་ཤེས་
3241	line-end	43		ཞེས་གསུངས་ཏེ། གལ་ཏེ་མྱུ་གུ་ས་བོན་ལས་སྐྱེ་ཞིང་ས་བོན་ཡོད་པར་མྱུ་གུ་དེ་ཉིད་ཀྱིས་རྟོ
3242	verse-stanza	25		མྱུ་གུ་ལས་གཞན་ཤེས་པ་ཡིས།།↵ས་བོན་ཡོད་ཅེས་རྟོགས་འགྱུར་ན།།↵གང་ཕྱིར་ཤེས་བྱ་དེ་རྟོགས་
3243	terminal-particle	91		ཞེས་གསུངས་ཏེ། དེ་ནི་དཔེ་མི་མཚུངས་ཏེ་མྱུ་གུ་ལས་དོན་གཞན་ཞིང་ཐ་དད་པའི་ཤེས་པ་ཡིས་ས་བ
3244	ordinal-open	23		གཉིས་པ་གནོད་བྱེད་ལ་གཉིས། རྒྱུ་ལ་དཔྱད་པ་རྡོ་རྗེ་གཟེགས་མ་དང༌། འབྲས་བུ་ལ་དཔྱད་པ་ཡོད
3245	ordinal-open	33		དང་པོ་ལ་ལྔ། རྒྱུ་མེད་དུ་སྐྱེ་བ་དགག་པ། གཞན་སྐྱེ་དགག་པ་བཞི། རང་སྐྱེ་དགག་པ་གསུམ། ཡུ
3246	ordinal-open	32		དང་པོ་ལ་གསུམ། རྒྱུ་འཇིག་རྟེན་གྱིས་དངོས་སུ་མཐོང་བར་བསྟན། སྡོང་བུ་དང་འདབ་མ་སོགས་རྒ
3247	ordinal-open	15		དང་པོ་ནི། དེ་ཡང་རྒྱང་འཕེན་པ་ཁ་ཅིག་རྒྱུ་གཏན་མེད་དུ་འདོད་ལ།
3248	verse-stanza	34		ཁ་ཅིགསྲན་ཟླུམ་ཚེར་མ་གཟངས་རིང་རྣོ་བ་དང༌།།↵རྨ་བྱའི་སྒྲོ་གཤོག་རི་མོ་བཀྲ་བ་དང༌།།↵ཉི་
3249	line-end	15		ཞེས་རང་བཞིན་གྱིས་བྱུང་བའི་ཕྱིར་ངོ་བོ་ཉིད་རྒྱུ་འོ་ཞེས་ཟེར་རོ།།
3250	verse-stanza	13		རེ་ཞིག་འཇིག་རྟེན་མངོན་སུམ་གྱིས།།↵རྒྱུ་རྣམས་ཐམས་ཅད་མཐོང་བ་ཡིན།།
3251	line-end	47		ཞེས་གསུངས་ཏེ། དེ་ལ་སྨྲས་པ་རེ་ཞིག་རྒྱུ་མེད་པ་ཡང་མ་ཡིན་ལ་ངོ་བོ་ཉིད་ཀྱིས་ཀྱང་མ་ཡིན་
3252	ordinal-open	16		གཉིས་པ་སྡོང་བུ་དང་འདབ་མ་སོགས་རྒྱུའི་དབྱེ་བ་ཡོད་པར་བསྟན་པ་ནི།
3253	verse-stanza	12		པདྨའི་སྡོང་བུ་སོགས་དབྱེ་ནི།།↵རྒྱུ་ཡི་དབྱེ་བས་བསྐྱེད་པ་ཡིན།།
3254	terminal-particle	94		ཞེས་གསུངས་ཏེ། རྨ་བྱའི་སྒྲོ་གཤོག་ཁ་དོག་སྣ་ཚོགས་པ་ཅན་གྱི་ཁ་དོག་སོ་སོའི་རྒྱུ་ཐ་དད་པ
3255	ordinal-open	13		གསུམ་པ་དེ་རྣམས་སྔ་མའི་རྒྱུན་ལས་སྐྱེ་བར་བསྟན་པ་ནི།
3256	verse-stanza	25		རྒྱུ་དབྱེ་གང་གིས་བྱས་ཤེ་ན།།↵སྔར་གྱི་རྒྱུ་དབྱེ་ཉིད་ལས་སོ།།↵ཅི་ཕྱིར་རྒྱུ་ཡིས་འབྲས་
3257	terminal-particle	42		ཞེས་གསུངས་ཏེ། རྒྱུའི་དབྱེ་བ་དེ་དག་གང་གིས་བྱས་གལ་ཏེ་བྱེད་པ་པོ་མེད་ན་ནི། དེ་མེད་པར
3258	terminal-particle	28		ཅིའི་ཕྱིར་རྒྱུ་ཡིས་འབྲས་བུ་སྐྱེད་པར་ནུས་ཤེ་ན། སྔར་གྱི་རྒྱུ་ཐོག་མ་མེད་པའི་མཐུ་གཅི
3259	terminal-particle	42		གཞན་ཡང་རྒྱུ་མེད་པར་འདོད་ཅིང་དེའི་གཏན་ཚིགས་ཀྱང་འགོད་པ་ནི་སྐད་ཅིག་གིས་འགལ་བ་ཡིན་ཏེ
3260	ordinal-open	30		གཉིས་པ་རྒྱུ་གཞན་ལས་སྐྱེ་བ་དགག་པ་ལ་བཞི། དབང་ཕྱུག་མ་གྲུབ་པར་བསྟན། དེའི་འབྲས་བུ་མི་
3261	ordinal-open	23		དང་པོ་ལ་གཉིས། འབྱུང་བ་བཞི་དབང་ཕྱུག་མིན་པར་བསྟན། ནམ་མཁའ་དང་བསམ་དུ་མེད་པ་དབང་ཕྱུག་
3262	ordinal-open	51		དང་པོ་ནི། དེ་ཡང་བྱེ་བྲག་པ་ལ་སོགས་པ་ན་རེ། དབང་ཕྱུག་ཅེས་བྱ་བའི་ལྷ་གཙང་བ། ཡང་བ། མཆོ
3263	verse-stanza	25		རྐྱེན་ལྡན་གཞན་པ་ཐམས་ཅད་ཀྱི།།↵རྒྱུ་ནི་དབང་ཕྱུག་བྱེད་པར་བརྗོད།།↵སེམས་མེད་པས་ནི་རང་
3264	terminal-particle	3		ཞེས་ཟེར་རོ།།
3265	line-end	4		དེ་ལ་དྲིས་པ།
3266	verse-stanza	13		དབང་ཕྱུག་འགྲོ་བའི་རྒྱུ་ཡིན་ན།།↵རེ་ཞིག་དབང་ཕྱུག་གང་ཡིན་སྨྲོས།།
3267	line-end	2		ཞེས་གསུངས།
3268	verse-stanza	13		འབྱུང་རྣམས་ཞེ་ན་དེ་ལྟ་མོད།།↵མིང་ཙམ་ལ་ཡང་ཅི་ཞིག་ངལ།།
3269	line-end	54		ཞེས་གསུངས་ཏེ། ཁོ་ན་རེ། འབྱུང་བ་ཆེན་པོ་རྣམས་ལ་དབང་ཕྱུག་ཏུ་འདོད་དོ་ཞེ་ན། དེ་ལྟ་མོད
3270	verse-stanza	25		འོན་ཀྱང་ས་སོགས་དུ་མ་དང༌།།↵མི་རྟག་གཡོ་མེད་ལྷ་མིན་ཞིང༌།།↵འགོང་བྱ་ཉིད་དང་མི་གཙང་བས།
3271	terminal-particle	111		ཞེས་གསུངས་ཏེ། འོན་ཀྱང་ཁྱོད་ཉིད་ཀྱི་ལུགས་ལ་འགལ་ཏེ་ས་སོགས་འབྱུང་བ་ནི་དུ་མ་ཡིན་ལ། ད
3272	ordinal-open	16		གཉིས་པ་ནམ་མཁའ་དང་བསམ་དུ་མེད་པ་དབང་ཕྱུག་མིན་པར་བསྟན་པ་ནི།
3273	verse-stanza	25		དབང་ཕྱུག་མཁའ་མིན་གཡོ་མེད་ཕྱིར།།↵བདག་མིན་སྔར་ནི་བཀག་ཟིན་ཕྱིར།།↵བསམ་མིན་པ་ཡི་བྱེད་
3274	line-end	95		ཞེས་གསུངས་ཏེ། གལ་ཏེ་ནམ་མཁའ་དབང་ཕྱུག་གོ་ཞེ་ན། དབང་ཕྱུག་ནི་ནམ་མཁའ་མིན་ཏེ་དབང་ཕྱུག་
3275	ordinal-open	29		གཉིས་པ་དེའི་འབྲས་བུ་མི་སྲིད་པར་བསྟན་པ་ལ་གསུམ། དེས་སྐྱེད་པ་མེད་པར་བསྟན་པ། བདག་དབང
3276	ordinal-open	29		དང་པོ་ནི། དེས་བསྐྱེད་འདོད་པའང་གང་ཞིག་ཡིན།། ཞེས་གསུངས་ཏེ། དེ་ལྟར་ན་དབང་ཕྱུག་མ་གྲུ
3277	ordinal-open	11		གཉིས་པ་བདག་དབང་ཕྱུག་ཏུ་འདོད་པ་བཀག་པ་ནི།
3278	verse-stanza	13		བདག་ནི་དེ་དང་ས་སོགས་དང༌།།↵དབང་ཕྱུག་ངོ་བོའང་རྟག་མིན་ནམ།།
3279	line-end	68		ཞེས་གསུངས་ཏེ། གལ་ཏེ་ཐམས་ཅད་བདག་གིས་སྤྲུལ་པས་བདག་ནི་དབང་ཕྱུག་གོ་ཞེ་ན། དབང་ཕྱུག་ནི
3280	ordinal-open	9		གསུམ་པ་ལས་ཀྱིས་སྐྱེད་པར་བསྟན་པ་ནི།
3281	verse-stanza	19		ཤེས་པ་ཤེས་བྱ་ལས་སྐྱེས་དང༌།།↵ཐོག་མེད་བདེ་སྡུག་ལས་ལས་ཡིན།།↵དེ་ཡིས་གང་ཞིག་སྐྱེད་པ་ས
3282	line-end	49		ཞེས་གསུངས་ཏེ། དེས་ན་ཤེས་པ་དང་ཤེས་བྱ་ནི་ཕན་ཚུན་བལྟོས་པ་ལས་སྐྱེས་པ་དང་ ཐོག་མ་མེད་པ
3283	ordinal-open	23		གསུམ་པ་སྐྱེད་བྱེད་དུ་འགལ་བར་བསྟན་པ་ལ་གཉིས། ཚོགས་པ་རྒྱུར་བསྟན་པ། དབང་ཕྱུག་ལ་རང་དབ
3284	ordinal-open	3		དང་པོ་ནི།
3285	verse-stanza	13		རྒྱུ་ལ་ཐོག་མ་མེད་ཡིན་ན།།↵འབྲས་བུ་ཐོག་མ་ག་ལ་ཡོད།།
3286	line-end	41		ཅེས་གསུངས་ཏེ། གཞན་ཡང་རྒྱུ་དབང་ཕྱུག་དེ་ལ་སྔོན་གྱི་ཐོག་མའི་མཐའ་ཡོད་པ་མིན་ན་དེ་ལས་བ
3287	verse-stanza	25		རྟག་ཏུ་ཅི་ཕྱིར་བྱེད་མིན་ཏེ།།↵དེ་ནི་གཞན་ལ་བལྟོས་པ་མིན།།↵དེས་བྱས་མིན་གཞན་ཡོད་མ་ཡིན
3288	line-end	158		ཞེས་གསུངས་ཏེ། གལ་ཏེ་དབང་ཕྱུག་དེ་ཐམས་ཅད་བྱེད་པ་པོ་ཡིན་ན་དེས་ཆུ་ལེན་པ་དང་མེ་འབུད་པ
3289	verse-stanza	25		གལ་ཏེ་བལྟོས་ན་ཚོགས་པ་ཉིད།།↵རྒྱུ་ཡིན་འགྱུར་གྱིས་དབང་ཕྱུག་མིན།།↵ཚོགས་ན་མི་བསྐྱེད་ད
3290	terminal-particle	62		ཅེས་གསུངས་ཏེ། གལ་ཏེ་རྒྱུ་དེ་དག་ལ་བལྟོས་ན་ནི་ཚོགས་པ་ཉིད་རྒྱུ་ཡིན་པར་འགྱུར་གྱི་དབང
3291	ordinal-open	12		གཉིས་པ་དབང་ཕྱུག་ལ་རང་དབང་མེད་པར་བསྟན་པ་ནི།
3292	verse-stanza	25		གལ་ཏེ་དབང་ཕྱུག་མི་འདོད་བཞིན།།↵བྱེད་ན་གཞན་གྱི་དབང་དུ་ཐལ།།↵འདོད་ནའང་འདོད་ལ་རག་ལས་འ
3293	line-end	91		ཞེས་གསུངས་ཏེ། ཡང་དྲིས་པ། ཅི་དབང་ཕྱུག་དེ་མི་འདོད་བཞིན་དུ་དངོས་པོ་བྱེད་དམ་འདོད་ནས་
3294	ordinal-open	7		བཞི་པ་རྡུལ་ཕྲ་དགག་པ་ནི།
3295	verse-stanza	13		གང་དག་རྡུལ་ཕྲ་རྟག་སྨྲ་བ།།↵དེ་དག་ཀྱང་ནི་སྔར་ཟློག་ཟིན།།
3296	line-end	57		ཞེས་གསུངས་ཏེ། དེ་ལྟར་བྱེ་བྲག་པ་སོགས་བཀག་ནས་གཞན་དཔྱོད་པ་བ་ལ་སོགས་པ་གང་དག་རྡུལ་ཕྲ་
3297	verse-stanza	25		དྲུག་གིས་ཅིག་ཆར་སྦྱར་བ་ན།།↵ཕྲ་རབ་རྡུལ་ཆ་དྲུག་ཏུ་འགྱུར།།↵དྲུག་པོ་དག་ནི་ཆ་མེད་ན།།↵
3298	line-end	45		ཞེས་པས་ཆ་མེད་མི་འགྲུབ་ཅིང་རྡུལ་ཕྲ་རབ་གསེར་ཡིན་ན་དེ་བསགས་པའི་རི་བོ་ཡང་གསེར་ཡིན་དག
3299	verse-stanza	25		དེས་ན་ལུགས་དེ་དག་ཀྱང་ནི།།↵ཕྱོགས་དབྱེའང་ཆ་ཤས་དང་བྲལ་ཕྱིར།།↵མཁའ་བཞིན་དེས་ན་རྡུལ་ཡང
3300	ordinal-open	30		གསུམ་པ་རང་སྐྱེ་འགོག་པ་ལ་གསུམ། གྲངས་ཅན་པའི་གཙོ་བོ་འགོག་པ། བདེ་སོགས་རྟག་པར་འདོད་པ་
3301	ordinal-open	26		དང་པོ་ལ་བཞི། ཕྱོགས་སྔ་བརྗོད་པ། ཡོན་ཏན་བཀག དེས་བསྐྱེད་པའི་སྒྲ་སོགས་བཀག ས་སོགས་ལ་བ
3302	ordinal-open	3		དང་པོ་ནི།
3303	verse-stanza	25		གཙོ་བོ་རྟག་པ་འགྲོ་བ་ཡི།།↵རྒྱུ་ཡིན་པར་ནི་གྲངས་ཅན་འདོད།།↵སྙིང་སྟོབས་རྡུལ་དང་མུན་པ་
3304	verse-stanza	13		གཙོ་བོ་ཞེས་བྱར་རབ་བརྗོད་དེ།།↵མི་མཉམ་འགྲོ་བ་ཡིན་པར་བརྗོད།།
3305	terminal-particle	134		ཅེས་གསུངས་ཏེ། དེ་ཡང་གཙོ་བོ་རྟག་པ་ནི་བརྟན་གཡོའི་འགྲོ་བ་ཡི་རྒྱུ་ཡིན་པར་ནི་མུ་སྟེགས
3306	terminal-particle	140		གཙོ་བོ་ལས་ཆེན་པོའམ་བློ་ཞེས་བྱ་བ་ཤེལ་གྱི་མེ་ལོང་ངོས་གཉིས་པ་ལྟ་བུ་སྐྱེ་ལ། དེ་ལས་ང་
3307	ordinal-open	7		གཉིས་པ་ཡོན་ཏན་བཀག་པ་ནི།
3308	verse-stanza	25		གཅིག་ལ་རང་བཞིན་གསུམ་ཉིད་ནི།།↵རིགས་མིན་དེས་ན་དེ་ཡོད་མིན།།↵དེ་བཞིན་ཡོན་ཏན་ཡོད་མིན་
3309	terminal-particle	62		ཞེས་གསུངས་ཏེ། དེ་ལ་བརྒལ་བ། གཙོ་བོ་གཅིག་པུ་ལ་རང་བཞིན་གསུམ་ཉིད་ནི་ཡོད་པར་རིགས་པ་མི
3310	terminal-particle	13		དེས་ན་ཆ་མཉམ་པའི་གཙོ་བོར་ནི་ཡོད་པ་མ་ཡིན་ནོ།།
3311	terminal-particle	54		དེ་བཞིན་དུ་ཡོན་ཏན་རྡུལ་མུན་སྙིང་སྟོབས་གསུམ་པོ་དེ་ཉིད་ཡོད་པ་མིན་ཏེ་ཡོད་ན་སྣང་དུ་ར
3312	ordinal-open	10		གསུམ་པ་དེས་བསྐྱེད་པའི་སྒྲ་སོགས་བཀག་པ་ནི།
3313	verse-stanza	13		ཡོན་ཏན་མེད་ན་སྒྲ་སོགས་ཀྱང༌།།↵ཡོད་ཉིད་ཤིན་ཏུ་རྒྱང་རིང་འགྱུར།།
3314	terminal-particle	49		ཞེས་གསུངས་ཏེ། དེ་ལྟར་ཡོན་ཏན་དེ་ཉིད་མེད་ན་དེ་ལྡན་གྱི་གཙོ་བོས་བསྐྱེད་པའི་སྒྲ་སོགས་
3315	ordinal-open	16		བཞི་པ་ས་སོགས་ལ་བདེ་སོགས་ཡོད་པར་ཧ་ཅང་ཐལ་བ་འཕངས་པ་ནི།
3316	verse-stanza	13		སེམས་མེད་ས་ལ་སོགས་པ་ལ།།↵བདེ་སོགས་ཡོད་པར་སྲིད་པའང་མིན།།
3317	line-end	64		ཞེས་གསུངས་ཏེ། འགྲོ་བ་ཉེར་གསུམ་པོ་ཐམས་ཅད་ཡོན་ཏན་བདེ་སོགས་གསུམ་དང་ལྡན་པར་མི་རིགས་ཏ
3318	verse-stanza	25		དངོས་རྣམས་དེ་རྒྱུའི་རང་བཞིན་ན།།↵དངོས་པོ་རྣམ་དཔྱད་ཟིན་མིན་ནམ།།↵ཁྱོད་ཀྱི་རྒྱུ་ཡང་བ
3319	line-end	89		ཅེས་གསུངས་ཏེ། གལ་ཏེ་དངོས་པོ་རྣམས་བདེ་སོགས་དེའི་རྒྱུའི་རང་བཞིན་ཡིན་པས་ན་ས་སོགས་ལས
3320	verse-stanza	13		སྣམ་སོགས་ལས་ནི་བདེ་སོགས་ཡིན།།↵དེ་མེད་ཕྱིར་ན་བདེ་སོགས་མེད།།
3321	terminal-particle	16		ཅེས་གསུངས་ཏེ། ཁྱོད་ཀྱི་གྲུབ་མཐའ་དེ་བས་ནི་སྣམ་སོགས་ལས་ནི་བདེ་སོགས་སྐྱེའོ།།
3322	terminal-particle	23		ཞེས་བརྗོད་ན་འོས་པར་འགྱུར་ཏེ་སྣམ་སོགས་ཀྱི་གོས་དེ་མེད་ན་དྲོ་བའི་བདེ་སོགས་དེ་མེད་པའ
3323	terminal-particle	34		དེ་ལྟར་ན་ནི་བདེ་སོགས་ཀྱི་རྒྱུ་སྣམ་སོགས་ཡིན་ལ། སྣམ་སོགས་ཀྱི་རྒྱུ་བདེ་སོགས་ཡིན་པའི
3324	ordinal-open	40		གཉིས་པ་བདེ་སོགས་རྟག་པར་འདོད་པ་སེལ་བ་ལ་གསུམ། མ་མྱོང་བའི་རྟགས་ཀྱིས་བདེ་སོགས་རྟག་ཏུ
3325	ordinal-open	3		དང་པོ་ནི།
3326	verse-stanza	13		བདེ་སོགས་རྟག་པ་ཉིད་དུ་ཡང༌།།↵ནམ་ཡང་དམིགས་པ་ཡོད་མ་ཡིན།།
3327	line-end	47		ཞེས་གསུངས་ཏེ། གཞན་ཡང་གཙོ་བོ་དང་ཡོན་ཏན་དེ་དག་རྟག་པ་མ་ཡིན་ཏེ། དེའི་འབྲས་བུ་བདེ་སོག
3328	verse-stanza	13		བདེ་སོགས་གསལ་བ་ཡོད་ཉིད་ན།།↵མྱོང་བ་ཅི་ཕྱིར་འཛིན་མ་ཡིན།།
3329	terminal-particle	46		ཞེས་གསུངས་ཏེ། དེ་བདེ་བ་ལ་སོགས་པའི་གསལ་བ་སྟེ་བྱེ་བྲག་གམ་ཁྱད་པར་ཡོད་པ་ཉིད་ཡིན་ན་མྱ
3330	ordinal-open	13		གཉིས་པ་རྟག་པ་ལ་རགས་ཕྲ་མི་རིགས་པར་བསྟན་པ་ནི།
3331	verse-stanza	13		དེ་ཉིད་ཕྲ་མོར་གྱུར་ན་དེ།།↵རགས་དང་ཕྲ་བ་ཇི་ལྟར་ཡིན།།
3332	line-end	34		ཞེས་གསུངས་ཏེ། ཡང་མྱོང་བ་དེ་ཉིད་ཕྲ་མོར་གྱུར་པས་ན་དེ་མི་འཛིན་ནོ་ཞེ་ན། བདེ་སོགས་གཅི
3333	ordinal-open	10		གསུམ་པ་བདེ་སོགས་མི་རྟག་པར་བསྟན་པ་ནི།
3334	verse-stanza	25		རགས་པ་དོར་ནས་ཕྲ་འགྱུར་བས།།↵ཕྲ་རགས་དེ་དག་མི་རྟག་ཉིད།།↵དེ་བཞིན་དངོས་པོ་ཐམས་ཅད་ནི།།
3335	terminal-particle	42		ཅེས་གསུངས་ཏེ། བདེ་སོགས་དེ་སྐད་ཅིག་གིས་རགས་པ་དོར་ནས་ཕྲ་བར་གྱུར་པས་ན་ཕྲ་རགས་སྣ་ཚོག
3336	line-end	33		བདེ་སོགས་མི་རྟག་པར་ངེས་པར་མཐོང་ན་ནི་དེ་བཞིན་དུ་དངོས་པོ་ཐམས་ཅད་ནི་མི་རྟག་པ་ཉིད་དུ
3337	verse-stanza	13		རགས་པ་དེ་ལས་གཞན་མིན་ན།།↵བདེ་བ་གསལ་བར་མི་རྟག་ཉིད།།
3338	terminal-particle	59		ཅེས་གསུངས་ཏེ། བདེ་སོགས་ཀྱི་རགས་པ་དང་ཕྲ་བ་ཡང་བདེ་སོགས་ལས་གཞན་མིན་པར་འདོད་ན་བདེ་བ་
3339	ordinal-open	34		གསུམ་པ་རྒྱུ་ལ་འབྲས་བུ་གནས་པར་འདོད་པ་འགོག་པ་ལ་གསུམ། དོན་གྱིས་གཞན་སྐྱེ་ཁས་བླངས་པར་
3340	ordinal-open	3		དང་པོ་ནི།
3341	verse-stanza	25		གལ་ཏེ་མེད་པ་འགའ་ཡང་ནི།།↵སྐྱེ་མིན་མེད་ཕྱིར་ཞེས་འདོད་ན།།↵གསལ་བ་མེད་པར་སྐྱེ་བ་ནི།།↵
3342	terminal-particle	91		ཅེས་གསུངས་ཏེ། དེ་ལྟར་དཔྱད་པ་ན་གཙོ་བོ་རྒྱུ་མ་ཡིན་པ་བདེན་མོད་ཀྱང་རང་ཉིད་རྒྱུ་ཡིན་ཏ
3343	ordinal-open	14		གཉིས་པ་རྒྱུ་འབྲས་དུས་མཉམ་ན་ཧ་ཅང་ཐལ་བ་བཀོད་པ་ནི།
3344	verse-stanza	25		གལ་ཏེ་རྒྱུ་ལ་འབྲས་གནས་ན།།↵ཟན་ཟ་མི་གཙང་ཟ་བར་འགྱུར།།↵ས་ཀྱི་རིན་གྱིས་རས་བལ་གྱི།།↵ས་
3345	line-end	86		ཞེས་གསུངས་ཏེ། དེ་ལྟ་མོད་ཀྱིས་གལ་ཏེ་རྒྱུ་ལ་འབྲས་བུ་གནས་པར་འདོད་ན་འབྲས་ཆན་ལ་སོགས་པ
3346	ordinal-open	7		གསུམ་པ་དེའི་ལན་བཀག་པ་ནི།
3347	verse-stanza	25		འཇིག་རྟེན་རྨོངས་པས་མ་མཐོང་ན།།↵དེ་ཉིད་ཤེས་ཀྱིའང་བཞག་དེ་ཉིད།།↵ཤེས་ཏེ་འཇིག་རྟེན་ལ་ཡ
3348	line-end	122		ཞེས་གསུངས་ཏེ། གལ་ཏེ་རྒྱུ་ལ་འབྲས་བུ་ཡོད་མོད་ཀྱང་འཇིག་རྟེན་རྨོངས་པས་མ་མཐོང་བའོ་ཞེ་
3349	verse-stanza	13		འཇིག་རྟེན་ཚད་མ་ཉིད་མིན་ན།།↵གསལ་བར་མཐོང་བའང་བདེན་མ་ཡིན།།
3350	terminal-particle	49		ཞེས་གསུངས་ཏེ། གལ་ཏེ་འཇིག་རྟེན་གྱིས་མ་མཐོང་བ་སྐྱོན་མིན་ཏེ་འཇིག་རྟེན་ཚད་མ་ཉིད་མིན་
3351	ordinal-open	27		བཞི་པ་ཡུལ་མེད་པར་དགག་པའི་བློ་ཚད་མར་བསྟན་པ་ལ་གསུམ། བརྒལ་བ་བཀོད། བརྫུན་པ་ཙམ་དུ་བསྟ
3352	ordinal-open	3		དང་པོ་ནི།
3353	verse-stanza	25		གལ་ཏེ་ཚད་མ་ཚད་མིན་ན།།↵དེས་གཞལ་བརྫུན་པར་མི་འགྱུར་རམ།།↵དེ་ཉིད་དུ་ན་སྟོང་པ་ཉིད།།↵སྒ
3354	line-end	77		ཞེས་གསུངས་ཏེ། དེ་ཡང་གལ་ཏེ་རྒོལ་བ་དག་ན་རེ། ཁྱེད་དབུ་མ་པའི་ལུགས་ལ་གང་འཇལ་བྱེད་ཀྱི་
3355	ordinal-open	9		གཉིས་པ་བརྫུན་པ་ཙམ་དུ་བསྟན་པ་ནི།
3356	verse-stanza	25		བཏགས་པའི་དངོས་ལ་མ་རེག་པར།།↵དེ་ཡི་དངོས་མེད་འཛིན་མ་ཡིན།།↵དེ་ཕྱིར་བརྫུན་པའི་དངོས་གང
3357	terminal-particle	141		ཞེས་གསུངས་ཏེ། གང་བཏགས་པའི་དངོས་པོ་ཙམ་དེ་ལ་མ་རེག་པ་སྟེ་མ་བརྟེན་པར་དེ་ཡི་དངོས་མེད་
3358	ordinal-open	11		གསུམ་པ་དེ་དངོས་འཛིན་གྱི་གཉེན་པོར་བསྟན་པ་ནི།
3359	verse-stanza	25		དེས་ན་རྨི་ལམ་བུ་ཤི་བ།།↵དེ་མེད་སྙམ་པའི་རྣམ་རྟོག་ནི།།↵དེ་ཡོད་རྣམ་པར་རྟོག་པ་ཡི།།↵གེ
3360	terminal-particle	97		ཞེས་གསུངས་ཏེ། དེས་ན་རྨི་ལམ་དུ་བུ་སྐྱེས་ནས་ཤི་བར་རྨིས་ན་སྐྱེས་པ་དང་ཤི་བ་དེ་གཉི་ག་
3361	ordinal-open	24		ལྔ་པ་ཚད་མས་ངེས་པའི་དོན་བརྗོད་པ་ལ་གཉིས། དཔྱད་ན་རྒྱུ་མི་འགྲུབ་པར་བསྟན། ཐམས་ཅད་སྒྱུ
3362	ordinal-open	3		དང་པོ་ནི།
3363	verse-stanza	24		དེ་བས་དེ་ལྟར་རྣམ་དཔྱད་པས།།↵འགའ་ཡང་རྒྱུ་མེད་ཡོད་མ་ཡིན།།↵སོ་སོ་བའམ་འདུས་པ་ཡི།།↵རྐྱ
3364	verse-stanza	13		གཞན་ནས་འོངས་པའང་མ་ཡིན་ལ།།↵གནས་པ་མ་ཡིན་འགྲོ་མ་ཡིན།།
3365	quote-close	72		ཞེས་གསུངས་ཏེ། དེ་བས་དེ་ལྟར་རྣམ་པར་དཔྱད་པས་ཆོས་འགའ་ཡང་རྒྱུ་མེད་དུ་སྐྱེ་བ་ཡང་ཡོད་པ
3366	ordinal-open	11		གཉིས་པ་ཐམས་ཅད་སྒྱུ་མ་ལྟ་བུར་བསྟན་པ་ནི།
3367	verse-stanza	13		རྨོངས་པས་བདེན་པར་གང་བྱས་འདི།།↵སྒྱུ་མ་ལས་ནི་ཁྱད་ཅི་ཡོད།།
3368	terminal-particle	61		ཅེས་གསུངས་ཏེ། རྨོངས་པས་བདེན་པར་གང་བྱས་ཤིང་བཟུང་བ་འདི་ཐམས་ཅད་ནི་སྒྱུ་མ་ལས་ནི་ཁྱད་
3369	ordinal-open	20		གཉིས་པ་ཡོད་མེད་སྐྱེ་འགོག་གི་གཏན་ཚིགས་ལ་གཉིས། རྟགས་ཀྱི་རང་བཞིན་དང༌། ཚད་མས་ངེས་པའི
3370	ordinal-open	43		དང་པོ་ལ་བཞི། སྒྱུ་མ་ལྟར་འགྲོ་འོང་གནས་པ་མེད་པར་བསྟན། གཟུགས་བརྙན་ལྟར་མི་བདེན་པར་བས
3371	ordinal-open	3		དང་པོ་ནི།
3372	verse-stanza	25		སྒྱུ་མས་སྤྲུལ་པ་གང་ཡིན་དང༌།།↵རྒྱུ་རྣམས་ཀྱིས་ནི་གང་སྤྲུལ་པ།↵དེ་ནི་གང་ནས་འོངས་གྱུར
3373	terminal-particle	81		ཞེས་གསུངས་ཏེ། དེ་ཡང་སྒྱུ་མའི་སྔགས་སོགས་ཀྱིས་སྤྲུལ་པའི་སྒྱུ་མའི་སྣང་བ་གང་ཡིན་པ་དང
3374	ordinal-open	11		གཉིས་པ་གཟུགས་བརྙན་ལྟར་མི་བདེན་པར་བསྟན་པ་ནི།
3375	verse-stanza	25		གང་ཞིག་གང་ནི་ཉེ་བ་ཡིས།།↵མཐོང་འགྱུར་དེ་མེད་ན་མིན་པ།།↵བཅོས་བུ་གཟུགས་བརྙན་དང་མཚུངས་
3376	line-end	79		ཅེས་གསུངས་ཏེ། དེས་ན་དངོས་པོ་གང་ཞིག་མེ་ལོང་དང་གཟུགས་ཉེ་བ་ན་གཟུགས་བརྙན་ལྟར་རྒྱུ་རྐ
3377	ordinal-open	29		གསུམ་པ་ཡོད་མེད་གང་ཡིན་ཡང་རྒྱུ་མི་དགོས་པར་བསྟན་པ་ནི། ཆོས་གང་ཡོད་པའང་རྒྱུ་ལ་མི་ལྟོ
3378	verse-stanza	25		དངོས་པོ་ཡོད་པར་གྱུར་པ་ལ།།↵རྒྱུ་ཡིས་དགོས་པ་ཅི་ཞིག་ཡོད།↵འོན་ཏེ་དེ་ནི་མེད་ན་ཡང༌།།↵ར
3379	verse-stanza	13		བྱེ་བ་ཕྲག་བརྒྱའི་རྒྱུ་ཡིས་ཀྱང༌།།↵དངོས་པོ་མེད་པ་བསྒྱུར་དུ་མེད།།
3380	terminal-particle	3		ཅེས་གསུངས་སོ།།
3381	ordinal-open	19		བཞི་པ་དངོས་མེད་དངོས་པོར་འགྱུར་བ་དང་དངོས་པོ་དངོས་མེད་དུ་འགྱུར་བ་བཀག་པ་ནི།
3382	verse-stanza	13		གནས་སྐབས་དེ་དངོས་ཇི་ལྟར་ཡིན།།↵དངོས་གྱུར་གཞན་ཡང་གང་ཞིག་ཡིན།།
3383	terminal-particle	46		ཞེས་གསུངས་ཏེ། གལ་ཏེ་དངོས་པོ་མེད་པའི་གནས་སྐབས་ཉིད་ཕྱིས་དངོས་པོར་འགྱུར་རོ་ཞེ་ན། དང
3384	line-end	41		དེ་མི་འགྱུར་ཡང་གནས་སྐབས་གཞན་ཞིག་དངོས་པོར་འགྱུར་རོ་ཞེ་ན། དངོས་པོར་འགྱུར་བའི་གནས་ས
3385	verse-stanza	13		མེད་ཚེ་དངོས་ཡོད་སྲིད་མིན་ན།།↵དངོས་པོ་ཡོད་པར་ནམ་ཞིག་འགྱུར།།
3386	line-end	69		ཞེས་གསུངས་ཏེ། དེས་ན་དངོས་པོ་ཡོད་མེད་དང་དེའི་གནས་སྐབས་དང་དེ་ལས་གཞན་པའང་དངོས་པོར་འ
3387	verse-stanza	25		དངོས་པོ་སྐྱེ་བར་མ་གྱུར་བར།།↵དངོས་མེད་དེ་ནི་འབྲལ་མི་འགྱུར།།↵དངོས་མེད་དེ་དང་མ་བྲལ་
3388	line-end	43		ཅེས་གསུངས་ཏེ། གཞི་གཅིག་ལ་བལྟོས་ཏེ་དངོས་པོ་སྐྱེ་བར་མ་གྱུར་པ་དེ་སྲིད་དུ་དངོས་མེད་ད
3389	verse-stanza	13		དངོས་པོའང་མེད་པར་འགྱུར་མིན་ཏེ།།↵རང་བཞིན་གཉིས་སུ་ཐལ་འགྱུར་ཕྱིར།།
3390	line-end	52		ཞེས་གསུངས་ཏེ། དེས་ན་དངོས་པོ་ནི་སྔར་ཡོད་པ་ལས་ཕྱིས་མེད་པར་འགྱུར་བ་མིན་ལ། འང་གི་སྒྲ
3391	ordinal-open	22		གཉིས་པ་ཚད་མས་ངེས་པའི་དོན་ལ་གཉིས། ཆོས་ཐམས་ཅད་སྐྱེ་འགག་མེད་པར་བསྟན། འཁོར་འདས་མི་དམ
3392	ordinal-open	3		དང་པོ་ནི།
3393	verse-stanza	25		དེ་ལྟར་འགག་པ་ཡོད་མིན་ཞིང༌།།↵དངོས་པོའང་ཡོད་མིན་དེ་ཡི་ཕྱིར།།↵འགྲོ་བ་འདི་དག་ཐམས་ཅད་
3394	quote-close	70		ཅེས་གསུངས་ཏེ། དེ་ལྟར་སྐྱེ་བ་མེད་པས་འགག་པ་དང༌། གནས་པ་ཡང་ཡོད་པ་མིན་ཞིང༌། སྐྱེ་འགག་
3395	ordinal-open	10		གཉིས་པ་འཁོར་འདས་མི་དམིགས་པར་བསྟན་པ་ནི།
3396	verse-stanza	25		འགྲོ་བ་རྨི་ལམ་ལྟ་བུ་སྟེ།།↵རྣམ་པར་དཔྱད་ན་ཆུ་ཤིང་འདྲ།།↵མྱ་ངན་འདས་དང་མ་འདས་པའང༌།།↵ད
3397	terminal-particle	62		ཅེས་གསུངས་ཏེ། དེས་ན་ཇི་ལྟར་རྨི་ལམ་གྱི་ཆུ་དང་སྐམ་ས་ལྟར་འཁོར་བ་དང་མྱ་ངན་ལས་འདས་པ་ཡ
3398	ordinal-open	52		ལྔ་པ་སྟོང་ཉིད་བསྒོམས་པའི་འབྲས་བུ་ལ་གསུམ། ཉོན་མོངས་ཀྱིས་མི་འཕྲོགས་པས་སྲིད་པ་ལས་འད
3399	ordinal-open	31		དང་པོ་ལ་གསུམ། འདོད་པའི་ཆོས་བརྒྱད་ཀྱིས་མི་གཡོ་བར་བསྟན། འཁོར་བའི་རྒྱུ་ཁམས་གསུམ་གྱི
3400	ordinal-open	3		དང་པོ་ནི།
3401	verse-stanza	24		དེ་ལྟར་སྟོང་པའི་དངོས་རྣམས་ལ།།↵ཐོབ་པ་ཅི་ཡོད་ཤོར་ཅི་ཡོད།།↵གང་གིས་རིམ་གྲོ་བྱས་པའམ།།
3402	verse-stanza	12		བདེའམ་སྡུག་བསྔལ་གང་ལས་ཡིན།།↵མི་དགར་ཅི་ཡོད་དགར་ཅི་ཡོད།།
3403	line-end	182		ཅེས་གསུངས་ཏེ། དེ་ཡང་ཀུན་རྫོབ་བྱང་ཆུབ་ཀྱི་སེམས་མྱུ་གུ་ལྟ་བུ་གོམས་པར་བྱས་པས་དོན་དམ
3404	verse-stanza	25		ཐོབ་པ་ཅི་ཡོད་ཤོར་ཅི་ཡོད།།↵གང་གིས་རིམ་གྲོ་བྱས་པའམ།།↵ཡོངས་སུ་བརྙས་པ་ཅི་ཞིག་ཡོད།།↵བ
3405	terminal-particle	18		མི་དགར་ཅི་ཡོད་དགར་ཅི་ཡོད།། དེ་ཆོས་བརྒྱད་ལ་ཆགས་སྡང་ཞར་ལ་འཇིག་པར་འགྱུར་རོ།།
3406	terminal-particle	75		བྱིས་པ་རྣམས་གང་ལ་ཞེན་པའི་ཡུལ་དེ་དག་ལ་མཁས་པ་རྣམས་ཇི་སྙམ་དུ་ཡང་མི་བྱེད་མོད། འདི་ཙམ
3407	ordinal-open	16		གཉིས་པ་འཁོར་བའི་རྒྱུ་ཁམས་གསུམ་གྱི་སྲེད་པའི་དངོས་གཉེན་དུ་བསྟན་པ་ནི།
3408	verse-stanza	13		དེ་ཉིད་དུ་ནི་བཙལ་བྱས་ན།།↵གང་ཞིག་སྲེད་ཅིང་གང་ལ་སྲེད།།
3409	line-end	76		ཅེས་གསུངས་ཏེ། ཡང་དག་པ་དེ་ཁོ་ན་ཉིད་དུ་སོ་སོར་རྟོག་པའི་ཤེས་རབ་ཀྱིས་གཞལ་བྱ་བཅལ་ཞིང་
3410	verse-stanza	13		དཔྱད་ན་གསོན་པའི་འཇིག་རྟེན་འདི།།↵གང་ཞིག་འདིར་ནི་འཆི་འགྱུར་ཏེ།།
3411	terminal-particle	67		ཞེས་གསུངས་ཏེ། དེ་ལྟར་ཚུལ་བཞིན་དཔྱད་པ་ན་སྔར་མ་རྟོགས་པའི་དུས་བདེན་བདེན་འདྲ་ཞིང་གསོ
3412	ordinal-open	12		གསུམ་པ་ཐམས་ཅད་ནམ་མཁའ་ལྟར་མཐོང་བར་བསྟན་པ་ནི།
3413	verse-stanza	25		འབྱུང་འགྱུར་གང་ཡིན་བྱུང་གྱུར་གང༌།།↵གཉེན་གང་བཤེས་ཀྱང་གང་ཞིག་ཡིན།།↵ཐམས་ཅད་ནམ་མཁའ་འ
3414	terminal-particle	135		ཞེས་གསུངས་ཏེ། དེའི་ཚེ་འབྱུང་འགྱུར་མ་འོངས་པ་དེ་གང་ཞིག་ཡིན་ལ། བྱུང་ཟིན་པར་གྱུར་པར་
3415	terminal-particle	130		འོ་ན་འཁོར་བའི་རྒྱུ་ནི་སྲེད་པ་ཡིན་ལ་སྟོང་ཉིད་བསྒོམས་པས་སྲེད་པ་ལྡོག་པའི་ཕྱིར་ཉན་རང
3416	ordinal-open	70		གཉིས་པ་མ་རྟོགས་པ་ལ་སྙིང་རྗེ་སྐྱེ་བས་ཞི་བར་མི་ལྟུང་བ་ལ་དྲུག སྡིག་སྤྱོད་ལ་སྙིང་བརྩ
3417	ordinal-open	3		དང་པོ་ནི།
3418	verse-stanza	25		བདག་ཉིད་བདེ་བར་འདོད་རྣམས་ནི།།↵འཐབ་དང་སྤྲོ་བའི་རྒྱུ་དག་གིས།།↵རབ་ཏུ་འཁྲུག་དང་དགའ་བ
3419	verse-stanza	13		ཕན་ཚུན་གཅོད་དང་འབིགས་པ་དང༌།།↵སྡིག་པ་དག་གིས་ཚེགས་ཆེན་འཚོ།།
3420	terminal-particle	129		ཞེས་གསུངས་ཏེ། དེ་ལྟ་མོད་ཀྱི་དེ་ལྟར་མ་རྟོགས་པའི་སེམས་ཅན་ལ་སྙིང་རྗེ་ཆེན་པོ་ཁོ་ན་བཟ
3421	terminal-particle	421		དེ་ལྟ་མོད་ཀྱིས་མ་རྒན་སྨྱོན་པ་ལྟ་བུ་ཅི་བྱ་མཚང་བརླག་པ་འདི་རྣམས་ཀྱི་ངང་ཚུལ་ལ་བལྟས་ན
3422	terminal-particle	77		དེ་བཞིན་དུ་སྤོང་བ་བདུན་ག་ལ་འདི་ལྟ་བུར་ཤེས་པར་བྱ་སྟེ་ཚེ་འདིའི་དེ་རིང་ཕྱིན་གྱི་ཟས་
3423	line-end	159		དེ་བཞིན་དུ་སྐྱེ་བ་གཏན་གྱི་ཕ་མ་ཐམས་ཅད་འཁོར་བའི་སྡུག་བསྔལ་དར་དྲག་ཡུན་རིང་མཐའ་མེད་ད
3424	ordinal-open	11		གཉིས་པ་མཐོ་རིས་པ་རྣམས་ལ་སྙིང་བརྩེ་བ་ནི།
3425	verse-stanza	25		བདེ་འགྲོར་ཡང་དང་ཡང་འོངས་ཏེ།།↵བདེ་བ་མང་པོ་སྤྱད་སྤྱད་ནས།།↵ཤི་ནས་ངན་སོང་སྡུག་བསྔལ་ན
3426	line-end	149		ཞེས་གསུངས་ཏེ། ཡང་རིང་སྲེལ་ཅན་གྱི་མཆོད་རྟེན་ལ་ཕྱག་གཅིག་བྱས་པས་གསེར་གྱི་ས་གཞིའི་བར
3427	verse-stanza	19		བདེ་འགྲོར་ཡང་དང་ཡང་འོངས་ཏེ།།↵བདེ་བ་མང་པོ་སྤྱད་བྱས་ནས།།↵ཤི་ནས་ངན་སོང་སྡུག་བསྔལ་ནི
3428	terminal-particle	19		ཡུན་རིང་མི་བཟད་རྣམས་སུ་ལྟུང་བ་དེ་དག་ལ་ཁྱད་པར་དུ་ཡང་བརྩེ་བར་རིགས་སོ།།
3429	ordinal-open	12		གསུམ་པ་འཁོར་བ་ཐམས་ཅད་སྡུག་བསྔལ་དུ་བསྟན་པ་ནི།
3430	verse-stanza	25		སྲིད་པ་ན་ནི་གཡང་ས་མང༌།།↵དེར་ནི་དེ་ཉིད་མིན་འདི་འདྲ།།↵དེར་ཡང་ཕན་ཚུན་འགལ་བས་ན།།↵སྲི
3431	terminal-particle	64		ཅེས་གསུངས་ཏེ། དེས་ན་འཁོར་བ་འདི་ནི་གང་ལ་ཡང་ཡིད་བརྟན་པར་མི་ནུས་པ། གཏིང་འཇིགས་པ། ཡ་
3432	terminal-particle	79		གང་དུ་སྐྱེས་པ་དེར་ཡང་བདེ་བ་ལ་ཆགས་ཤིང་སྡུག་བསྔལ་ལ་སྡང་བར་བྱེད་པ་ཕན་ཚུན་འགལ་བའི་བླ
3433	terminal-particle	78		དེར་ཡང་དཔེ་མེད་མི་བཟད་པའི།། སྡུག་བསྔལ་རྒྱ་མཚོ་མཐའ་ལས་འདས། ཞེས་གསུངས་ཏེ། དེས་ན་རྨ
3434	ordinal-open	16		བཞི་པ་མིར་སྐྱེས་ཀྱང་རྣམ་དཔྱོད་འདི་ལྟ་བུ་རྙེད་དཀའ་བར་བསྟན་པ་ནི།
3435	verse-stanza	25		དེར་ནི་དེ་ལྟར་སྟོབས་ཆུང་ཞིང༌།།↵དེར་ནི་ཚེ་ཡང་ཐུང་བ་ཉིད།།↵དེར་ཡང་གསོན་དང་ནད་མེད་ཀྱ
3436	verse-stanza	25		གཉིད་དང་འཚེ་བ་དེ་བཞིན་དུ།།↵བྱིས་དང་འགྲོགས་སོགས་དོན་མེད་ཀྱིས།།↵ཚེ་ནི་དོན་མེད་མྱུར
3437	quote-close	86		ཞེས་གསུངས་ཏེ། བདེ་འགྲོ་མཐོ་རིས་པ་རྣམས་ཀྱང་གཉེན་པོའི་སྟོབས་ཆུང་ཞིང་ཚེ་ཐུང་ལ་ ཇི་ས
3438	ordinal-open	13		ལྔ་པ་རྙེད་ཀྱང་བདུད་ཀྱི་ལས་ལྡོག་དཀའ་བར་བསྟན་པ་ནི།
3439	verse-stanza	25		དེར་ཡང་རྣམ་གཡེང་གོམས་པ་ནི།།↵ཟློག་པའི་ཐབས་ནི་ག་ལ་ཡོད།།↵དེར་ཡང་ངན་སོང་ཆེན་པོར་ནི།།
3440	verse-stanza	13		དེར་ནི་ལོག་པའི་ལམ་མང་ཞིང༌།།↵ཐེ་ཚོམ་ལས་ཀྱང་བརྒལ་དཀའ་སྟེ།།
3441	line-end	156		ཞེས་གསུངས་ཏེ། གལ་ཏེ་ཆོས་ལ་འཇུག་པ་ལན་རེ་རྙེད་སྲིད་ཀྱང་ཚེ་རབས་མཐའ་ཡས་པར་རྣམ་གཡེང་ཁ
3442	ordinal-open	18		དྲུག་པ་དེ་ལྟ་བུའི་སེམས་ཅན་འདི་རྣམས་ཤིན་ཏུ་སྙིང་རྗེའི་ཡུལ་དུ་བསྟན་པ་ནི།
3443	verse-stanza	25		སླར་ཡང་དལ་བ་རྙེད་དཀའ་ཞིང༌།།↵སངས་རྒྱས་འབྱུང་རྙེད་ཤིན་ཏུ་དཀའ།།↵ཉོན་མོངས་ཆུ་བོ་སྤང་
3444	line-end	34		ཞེས་གསུངས་ཏེ། མི་ལུས་རྙེད་ཅིང་ཆོས་དང་ཕྲད་པའི་དུས་ལོང་བས་ཕྱགས་བདར་གྱི་གསེབ་ནས་ནོར
3445	verse-stanza	25		སླར་ཡང་དལ་བ་རྙེད་དཀའ་ཞིང༌།།↵སངས་རྒྱས་འབྱུང་རྙེད་ཤིན་ཏུ་དཀའ།།↵ཉོན་མོངས་ཆུ་བོ་སྤང་
3446	line-end	11		ཞེས་འཁོར་བ་མཐའ་མེད་དུ་འཁྱམ་དགོས་པའི་དོན་ཏོ།།
3447	verse-stanza	25		དེ་ལྟར་ཤིན་ཏུ་སྡུག་བསྔལ་ཡང༌།།↵རང་སྡུག་མི་མཐོང་གང་ཡིན་པ།།↵སྡུག་བསྔལ་ཆུ་བོར་གནས་འད
3448	verse-stanza	25		དཔེར་ན་འགའ་ཞིག་ཡང་ཡང་ཁྲུས།།↵བྱས་ཏེ་ཡང་ཡང་མེར་འཇུག་པ།།↵དེ་ལྟར་ཤིན་ཏུ་སྡུག་བསྔལ་བར
3449	verse-stanza	25		དེ་ལྟར་རྒ་དང་འཆི་མེད་པ།།↵བཞིན་དུ་སྤྱོད་པས་གནས་རྣམས་ལ།།↵དང་པོ་ཉིད་དུ་བསད་བྱས་ནས།།
3450	line-end	141		ཞེས་གསུངས་ཏེ། དེ་ལྟར་སྡུག་བསྔལ་འབའ་ཞིག་གིས་ཐོག་མ་མེད་པ་ནས་སྐད་ཅིག་ཀྱང་བར་མ་ཆད་པར
3451	verse-stanza	25		དེ་ལྟར་ཤིན་ཏུ་སྡུག་བསྔལ་མང༌།།↵རང་སྡུག་མི་མཐོང་གང་ཡིན་པ།།↵སྡུག་བསྔལ་ཆུ་བོར་གནས་འད
3452	verse-stanza	25		དཔེར་ན་འགའ་ཞིག་ཡང་ཡང་ཁྲུས།།↵བྱས་ཏེ་ཡང་ཡང་མེར་འཇུག་པ།།↵དེ་ལྟར་ཤིན་ཏུ་སྡུག་བསྔལ་བར
3453	verse-stanza	25		དེ་ལྟར་རྒ་དང་འཆི་མེད་པ།།↵བཞིན་དུ་སྤྱོད་པས་གནས་རྣམས་ལ།།↵དང་པོ་ཉིད་དུ་བསད་བྱས་ནས།།
3454	line-end	8		ཞེས་ཤིན་ཏུ་ཐུགས་རྗེ་བའི་ཚིག་གོ།
3455	ordinal-open	38		གསུམ་པ་སེམས་ཅན་ཐམས་ཅད་སྐྱོབ་པ་གཞན་དོན་གྱི་ཡོན་ཏན་ལ་གཉིས། སེམས་ཅན་གྱི་ཕན་བདེའི་རྟ
3456	ordinal-open	3		དང་པོ་ནི།
3457	verse-stanza	25		དེ་ལྟར་སྡུག་བསྔལ་མེས་གདུངས་ལ།།↵བསོད་ནམས་སྤྲིན་ལས་ལེགས་བྱུང་བའི།།↵རང་གིས་བདེ་བའི་
3458	line-end	166		ཞེས་གསུངས་ཏེ། དེ་ལྟར་ཤེས་རབ་དྲི་མ་མེད་པས་གླང་པོ་ཆེ་ས་སྲུང་གི་བུས་མཚོའི་ཚད་ལོངས་པ
3459	verse-stanza	25		དེ་ལྟར་སྡུག་བསྔལ་མེས་གདུངས་ལ།།↵བསོད་ནམས་སྤྲིན་ལས་ལེགས་བྱུང་བའི།།↵རང་གི་བདེ་བའི་ཚ
3460	quote-close	29		ཞེས་ཕན་བདེའི་ཡོ་བྱད་ཐམས་ཅད་ཀྱིས་སེམས་ཅན་ཐམས་ཅད་གནས་སྐབས་དང༌། མཐར་ཐུག་ཐམས་ཅད་དུ་ས
3461	ordinal-open	18		གཉིས་པ་ཆོས་ཀྱི་འཁོར་ལོ་བསྐོར་བས་འགྲོ་ཀུན་བྱང་ཆུབ་ལ་འགོད་པར་བསྟན་པ་ནི།
3462	verse-stanza	24		ནམ་ཞིག་པ་མེད་ཚུལ་དུ།།↵གུས་པས་བསོད་ནམས་ཚོགས་བསགས་ཏེ།།↵དམིགས་པས་ཕུང་བར་གྱུར་རྣམས་ལ
3463	terminal-particle	192		ཞེས་གསུངས་ཏེ། ཤེས་རབ་དྲི་མ་མེད་པ་ཡེ་ཤེས་ཀྱི་ཚོགས་ལས་མི་གཡོ་བར་ཐབས་ཕ་རོལ་ཏུ་ཕྱིན་
3464	terminal-particle	25		བྱང་ཆུབ་སེམས་དཔའི་སྤྱོད་པ་ལ་འཇུག་པ་ལས། ཤེས་རབ་ཀྱི་ཕ་རོལ་ཏུ་ཕྱིན་པའི་ལེའུ་སྟེ་དགུ
3465	terminal-particle	44		CH-10 དེ་ལྟར་བརྩམས་པའི་དགེ་བ་ལེགས་པའི་ཚོགས་ཉིད་དུ་བསྔོ་བར་འབྲེལ་བའི་ཕྱིར། ད་ནི་ག
3466	ordinal-open	24		དང་པོ་ལ་གསུམ། གཙོ་བོར་གཞན་དོན་དུ་བསྔོ་བ། ཞར་ལ་རང་དོན་དུ་བསྔོ་བ། སངས་རྒྱས་ཀྱི་བསྟ
3467	ordinal-open	17		དང་པོ་ལ་གཉིས། འགྲོ་བ་ཕལ་པའི་དོན་དུ་བསྔོ་བ་དང༌། མཆོག་གི་དོན་དུ་བསྔོ་བའོ།།
3468	ordinal-open	23		དང་པོ་ལ་གསུམ། སྤྱིར་བསྔོ་བ། ངན་སོང་གསུམ་གྱི་སྡུག་བསྔལ་ཞི་བར་བསྔོ་བ། མཐོ་རིས་པའི་
3469	ordinal-open	28		དང་པོ་ལ་གསུམ། སེམས་ཅན་ཐམས་ཅད་བྱང་ཆུབ་ཀྱི་ལམ་དུ་འཇུག་པར་བསྔོས། སེམས་ཅན་གྱི་ནད་ཞི་
3470	ordinal-open	3		དང་པོ་ནི།
3471	verse-stanza	19		བདག་གིས་བྱང་ཆུབ་སྤྱོད་པ་ལ།།↵འཇུག་པ་རྣམ་པར་བརྩམས་པ་ཡི།།↵དགེ་བ་གང་དེས་འགྲོ་བ་ཀུན།།
3472	terminal-particle	188		བྱང་ཆུབ་སྤྱོད་ལ་འཇུག་པར་ཤོག། ཅེས་གསུངས་ཏེ། དེ་ཡང་སློབ་དཔོན་ཉིད་ཀྱིས་མདོ་བསྟན་བཅོ
3473	ordinal-open	11		གཉིས་པ་སེམས་ཅན་གྱི་ནད་ཞི་བར་བསྔོས་པ་ནི།
3474	verse-stanza	19		ཕྱོགས་རྣམས་ཀུན་ན་ལུས་དང་སེམས།།↵སྡུག་བསྔལ་ནད་པ་ཇི་སྙེད་པ།།↵དེ་དག་བདག་གི་བསོད་ནམས་
3475	line-end	55		བདེ་དགའ་རྒྱ་མཚོ་འཐོབ་པར་ཤོག། ཅེས་གསུངས་ཏེ། བྱེ་བྲག་ཏུ་ལུས་སེམས་སྡུག་བསྔལ་གྱིས་མན
3476	ordinal-open	11		གསུམ་པ་ཐམས་ཅད་ཕན་བདེ་འཐོབ་པར་བསྔོས་པ་ནི།
3477	verse-stanza	19		དེ་དག་སངས་རྒྱས་བདེ་ཐོབ་ཀྱི།།↵བར་དུ་བདེ་ལས་ཉམས་མ་གྱུར།།↵འགྲོ་བ་བླ་ན་མེད་པ་ཡི།།
3478	terminal-particle	62		བདེ་བ་རྒྱུན་མི་འཆད་པར་ཤོག། ཅེས་གསུངས་ཏེ། དེ་དག་གི་དགའ་བདེ་དེ་ཡང་སངས་རྒྱས་མ་ཐོབ་ཀ
3479	ordinal-open	132		གཉིས་པ་ངན་སོང་གསུམ་གྱི་སྡུག་བསྔལ་ཞི་བར་བསྔོ་བ་ལ་བཅུ་བཞི། འཇིག་རྟེན་ཐམས་ཅད་ཀྱི་དམ
3480	ordinal-open	9		དང་པོ་ནི། འཇིག་རྟེན་ཁམས་ན་དམྱལ་བ་དག།
3481	verse-stanza	13		གང་དག་ཇི་སྙེད་ཡོད་པ་རྣམས།།↵དེ་དག་ཏུ་ནི་ལུས་ཅན་རྣམས།།
3482	terminal-particle	9		བདེ་ཆེན་བདེ་བས་དགའ་བར་ཤོག། ཅེས་གསུངས་སོ།།
3483	ordinal-open	22		གཉིས་པ་དེ་ལས་གྲང་དམྱལ་བའི་སྡུག་བསྔལ་ཞི་བར་བསྔོ་བ་ནི། གྲང་བས་ཉམ་ཐག་དྲོ་ཐོབ་ཤོག། ཅ
3484	ordinal-open	13		གསུམ་པ་ཚ་དམྱལ་པ་སྤྱིའི་སྡུག་བསྔལ་ཞི་བར་བསྔོ་བ་ནི།
3485	verse-stanza	13		བྱང་ཆུབ་སེམས་དཔའི་སྤྲིན་ཆེན་ལས།།↵བྱུང་བའི་ཆུ་བོ་མཚོ་ཡས་ཀྱིས།།
3486	line-end	36		ཚ་བས་ཉམ་ཐག་བསིལ་བར་ཤོག། ཅེས་གསུངས་ཏེ། བྱང་ཆུབ་སེམས་དཔའི་མོས་པ་དང་ཏིང་ངེ་འཛིན་གྱི
3487	ordinal-open	36		བཞི་པ་ཉེ་འཁོར་པའི་དོན་དུ་བསྔོ་བ་ནི། རལ་གྲི་ལོ་མའི་ནགས་ཚལ་ཡང༌།། དེ་ལ་དགའ་ཚལ་སྡུག་
3488	ordinal-open	12		ལྔ་པ་ཁྱད་པར་མནར་མེད་པའི་དོན་དུ་བསྔོ་བ་ནི།
3489	verse-stanza	32		མཐིང་རིལ་ངུར་པ་དག་དང་ངང་པ་དང༌།།↵བཞད་སོགས་སྐད་སྙན་འབྱིན་པས་མཛེས་གྱུར་ཅིང༌།།↵པདྨ་ད
3490	terminal-particle	19		སོལ་ཕུང་དེ་ཡང་རིན་ཆེན་ཕུང་པོར་གྱུར།། ས་སྲེག་ཤེལ་གྱི་ས་གཞི་བསྟར་བར་ཤོག། ཅེས་གསུངས
3491	ordinal-open	26		དྲུག་པ་བསྡུས་འཇོམས་པའི་དོན་དུ་བསྔོ་བ་ནི། བསྡུས་འཇོམས་རི་བོ་རྣམས་ཀྱང་མཆོད་པའི་སྤྲ
3492	verse-stanza	17		མདག་མ་རྡོ་བསྲེགས་མཚོན་གྱི་ཆར་པ་ཡང༌།།↵དེང་ནས་བཟུང་སྟེ་མེ་ཏོག་ཆར་པར་གྱུར།།
3493	terminal-particle	31		ཞེས་གསུངས་ཏེ། མཐིང་རིལ་དང་བཞད་དཀར་ནི་ཆུ་བྱའི་རྣམ་གྲངས་ཏེ་དམྱལ་བའི་ས་གཞི་ཐམས་ཅད་པ
3494	ordinal-open	33		བདུན་པ་ཡང་སོས་པའི་སྡུག་བསྔལ་རང་བཞིན་གྱིས་ཞི་བར་བསྔོ་བ་ནི། ཕན་ཚུན་མཚོན་གྱིས་འདེབས
3495	ordinal-open	58		བརྒྱད་པ་སློབ་དཔོན་ཉིད་ཀྱི་དགེ་བའི་མཐུས་སྡུག་བསྔལ་ཞི་བར་བསྔོ་བ་ནི། ཆུ་བོ་རབ་མེད་མ
3496	ordinal-open	80		དགུ་པ་ཕྱག་ན་རྡོ་རྗེའི་མཐུས་སྡུག་བསྔལ་ཞི་བར་བསྔོ་བ་ནི། ཅི་ཕྱིར་འདི་ན་གཤིན་རྗེའི་མ
3497	ordinal-open	14		བཅུ་པ་སྤྱན་རས་གཟིགས་ཀྱི་མཐུས་སྡུག་བསྔལ་ཞི་བར་བསྔོ་བ་ནི།
3498	verse-stanza	31		མེ་ཏོག་ཆར་པ་སྤོས་ཆུ་དང་འདྲེས་བབ་པ་ཡིས།།↵དམྱལ་བའི་མེ་དག་ཆིལ་ཆིལ་གསོད་པ་མཐོང་གྱུར་
3499	terminal-particle	12		སེམས་དམྱལ་རྣམས་ཀྱིས་ཕྱག་ན་པདྨ་མཐོང་བར་ཤོག། ཅེས་གསུངས་སོ།།
3500	terminal-particle	127		བཅུ་གཅིག་པ་འཇམ་དབྱངས་ཀྱི་མཐུས་སྡུག་བསྔལ་ཞི་བར་བསྔོ་བ་ནི། གྲོགས་དག་འཇིགས་པ་བོར་ལ་
3501	line-end	17		བཅུ་གཉིས་པ་བྱང་ཆུབ་སེམས་དཔའ་གཞན་ཐམས་ཅད་ཀྱི་མཐུས་ཞི་བར་བསྔོས་པ་ནི།
3502	verse-stanza	31		དེ་ལྟར་བདག་གི་དགེ་རྩས་ཀུན་ཏུ་བཟང་ལ་སོགས།།↵བྱང་ཆུབ་སེམས་དཔའ་སྒྲིབ་པ་མེད་སྤྲིན་བདེ
3503	terminal-particle	157		སེམས་ཅན་དམྱལ་བ་དེ་དག་མངོན་པར་དགའ་གྱུར་ཅིག། ཅེས་གསུངས་ཏེ། གཞན་སྟོབས་ཀྱིས་ཞི་བར་བྱ
3504	terminal-particle	61		ཞེས་གསོལ་ཞིང་གཤིན་རྗེའི་རྒྱལ་པོས་བལྟས་ན་སྤྱན་རས་གཟིགས་བཞུགས་པར་མཐོང་ནས་བསྟོད་ཅིང
3505	terminal-particle	2		སྐོམ་མོ།།
3506	terminal-particle	98		ཞེས་དེའི་མདུན་ན་རྒྱུག་པ་དང་དེས་ཕྱག་ཞབས་ཀྱི་སོར་མོ་བཅུ་ལས་ཆུ་བོ་ཆེན་པོ་བཅུ་ཕབ་སྟེ
3507	terminal-particle	14		ཞེས་ཚིགས་བཅད་བཅུ་གཉིས་ཀྱིས་དམྱལ་བའི་སྡུག་བསྔལ་ཞི་བར་བསྔོས་པའོ།།
3508	terminal-particle	26		བཅུ་གསུམ་པ་དུད་འགྲོའི་སྡུག་བསྔལ་ཞི་བར་བསྔོ་བ་ནི། དུད་འགྲོ་རྣམས་ནི་གཅིག་ལ་གཅིག། ཟ
3509	line-end	13		བཅུ་བཞི་པ་ཡི་དྭགས་ཀྱི་སྡུག་བསྔལ་ཞི་བར་བསྔོ་བ་ནི།
3510	verse-stanza	25		སྒྲ་མི་སྙན་པའི་མི་བཞིན་དུ།།↵ཡི་དྭགས་རྣམས་ནི་བདེ་གྱུར་ཅིག།↵འཕགས་པ་སྤྱན་རས་གཟིགས་ད
3511	terminal-particle	107		ཡི་དྭགས་རྣམས་ནི་ཚིམ་བྱས་ཤིང༌།། ཁྲུས་བྱས་རྟག་ཏུ་བསིལ་བར་ཤོག། ཅེས་གསུངས་ཏེ། སྒྲ་མི
3512	ordinal-open	26		གཉིས་པ་གཙོ་བོར་མཐོ་རིས་པའི་དོན་དུ་བསྔོ་བ་ལ་གཉིས། རྒུད་པ་ཞི་བར་བསྔོ་བ་དང༌། འབྱོར་
3513	ordinal-open	63		དང་པོ་ནི། ལོང་བ་རྣམས་ཀྱིས་མིག་མཐོང་ཞིང༌།། འོན་པས་རྟག་ཏུ་སྒྲ་ཐོས་ཤོག། ཅེས་གསུངས་ཏ
3514	line-end	80		ལྷ་མོ་སྒྱུ་འཕྲུལ་བཞིན་དུ་ནི།། སྦྲུམ་མའང་གནོད་མེད་བཙའ་བར་ཤོག། ཅེས་གསུངས་ཏེ། སྦྲུམ
3515	verse-stanza	19		གཅེར་བུ་རྣམས་ཀྱིས་གོས་དག་དང༌།།↵བཀྲེས་པ་རྣམས་ཀྱིས་ཟས་དག་དང༌།།↵སྐོམ་པ་རྣམས་ཀྱིས་ཆུ
3516	terminal-particle	31		བཏུང་བ་ཞིམ་པོ་ཐོབ་པར་ཤོག། ཅེས་གསུངས་ཏེ། གོས་དང་མལ་ཆ་དང་ཟས་སྐོམ་གྱིས་ཕོངས་པ་རྣམས་
3517	terminal-particle	40		བཀྲེན་པ་རྣམས་ཀྱི་ནོར་ཐོབ་ཤོག། མྱ་ངན་ཉམ་ཐག་དགའ་འཐོབ་ཤོག། ཡི་ཆད་རྣམས་ཀྱང་ཡི་སོས་ཤི
3518	terminal-particle	17		གཉིས་པས་མཛའ་བཤེས་དང་བྲལ་བ་ལ་སོགས་པའི་མྱ་ངན་ཞི་བར་གྱུར་ཅིག་པའོ།།
3519	ordinal-open	25		གསུམ་པ་དང་བཞི་པས་སྲོ་ཤི་ཞིང་ཡི་ཆད་པ་རྣམས་ཀྱི་སེམས་ཀྱི་རེ་བ་རྫོགས་པས་ཡི་སོས་པར་གྱ
3520	verse-stanza	19		སེམས་ཅན་ནད་པ་ཇི་སྙེད་པ།།↵མྱུར་དུ་ནད་ལས་ཐར་བར་གྱུར།།↵འགྲོ་བའི་ནད་ནི་མ་ལུས་པ།།
3521	terminal-particle	23		རྟག་ཏུ་འབྱུང་བ་མེད་པར་ཤོག། ཅེས་གསུངས་ཏེ། ནད་བྱུང་བ་ཞི་ཞིང་སུ་ལ་ཡང་ནད་མི་འབྱུང་བར
3522	line-end	7		སྐྲག་པ་རྣམས་ནི་འཇིགས་མེད་ཤོག།
3523	verse-stanza	13		བཅིངས་པ་རྣམས་ནི་གྲོལ་བར་གྱུར།།↵མཐུ་མེད་རྣམས་ནི་མཐུ་ལྡན་ཞིང༌།།
3524	terminal-particle	52		ཕན་ཚུན་སེམས་ནི་མཉེན་གྱུར་ཅིག། ཅེས་གསུངས་ཏེ། ཚིག་རྐང་དང་པོས་མེ་དང་ཆུ་དང་སྦྲུལ་དང་
3525	terminal-particle	14		གཉིས་པས་བཙོན་དུ་བཅིངས་པ་རྣམས་བདེ་བར་ཐར་བར་གྱུར་ཅིག་པའོ།།
3526	ordinal-open	29		གསུམ་པ་དང་བཞི་པས་ལུས་སེམས་ཀྱི་མཐུ་ཆུང་བ་རྣམས་མཐུ་སྟོབས་དང་ལྡན་ལ། དེས་དྲེགས་པ་མེད
3527	line-end	19		དེ་ནས་ཚིགས་བཅད་གསུམ་ནི་ལམ་དུ་ཞུགས་པའི་མགྲོན་པོ་རྣམས་ཀྱི་དོན་དུ་བསྔོ་བ་སྟེ།
3528	verse-stanza	25		མགྲོན་པ་དག་ནི་ཐམས་ཅད་ལ།།↵ཕྱོགས་རྣམས་ཐམས་ཅད་བདེ་བར་ཤོག།↵གང་གི་དོན་དུ་འགྲོ་བྱེད་པ།
3529	verse-stanza	25		གྲུ་དང་གྲུ་ཆེན་ཞུགས་པ་རྣམས།།↵ཡིད་ལ་བསམས་པ་གྲུབ་གྱུར་ཏེ།།↵ཆུ་ཡི་ངོགས་སུ་བདེར་ཕྱིན
3530	verse-stanza	19		མྱ་ངམ་ལམ་གོལ་འཁྱམས་པ་རྣམས།།↵མགྲོན་པ་དག་དང་ཕྲད་གྱུར་ནས།།↵ཆོམ་རྐུན་སྟག་སོགས་འཇིགས་
3531	line-end	142		མི་ངལ་བདེ་བླག་འདོང་བར་ཤོག། ཅེས་གསུངས་ཏེ། དང་པོས་དེ་ཐམས་ཅད་ལམ་དུ་འཇིགས་པ་མེད་ཅིང་
3532	verse-stanza	19		དགོན་སོགས་ལམ་མེད་ཉམ་ང་བར།།↵བྱིས་པ་རྒན་པོ་མགོན་མེད་པ།།↵གཉིད་ལོག་མྱོས་ཤིང་རབ་མྱོས་
3533	terminal-particle	69		ལྷ་དག་སྲུང་བར་བྱེད་པ་ཤོག། ཅེས་གསུངས་ཏེ། དབུལ་པོ་སོགས་སློང་བའི་ཆེད་དང༌། ཁ་ཅིག་གཞན
3534	ordinal-open	11		གཉིས་པ་འབྱོར་པ་ཕུན་སུམ་ཚོགས་པར་བསྔོ་བ་ནི།
3535	verse-stanza	19		མི་དལ་ཀུན་ལས་ཐར་པ་དང༌།།↵དད་དང་ཤེས་རབ་བརྩེར་ལྡན་ཞིང༌།།↵ཟས་དང་སྤྱོད་པ་ཕུན་ཚོགས་ནས།
3536	line-end	28		རྟག་ཏུ་ཚེ་རབས་དྲན་གྱུར་ཅིག། ཅེས་གསུངས་ཏེ། ཐམས་ཅད་དལ་འབྱོར་གཉིས་དང་ལྡན་ཞིང་ཚེ་རབས
3537	verse-stanza	19		ཐམས་ཅད་ནམ་མཁའ་མཛོད་བཞིན་དུ།།↵ལོངས་སྤྱོད་ཟད་པ་མེད་པར་ཤོག།↵རྩོད་པ་མེད་ཅིང་འཚེ་མེད་
3538	terminal-particle	50		རང་དབང་དུ་ནི་སྤྱོད་པར་ཤོག། ཅེས་གསུངས་ཏེ། བྱང་ཆུབ་སེམས་དཔའ་ནམ་མཁའ་མཛོད་ནི་ནམ་མཁའ་
3539	line-end	27		སེམས་ཅན་གཟི་བརྗིད་ཆུང་ངུ་དག། དེ་དག་གཟི་བརྗིད་ཆེན་པོར་ཤོག། དཀའ་ཐུབ་ཅན་གང་གཟུགས་ངན
3540	verse-stanza	15		གཟི་བརྗིད་ཕུན་སུམ་ཚོགས་པར་གྱུར་ཅིག་པའོ།།↵འཇིག་རྟེན་བུད་མེད་ཇི་སྙེད་པ།།
3541	terminal-particle	105		དེ་དག་སྐྱེས་པ་ཉིད་གྱུར་ཅིག། ཅེས་གསུངས་ཏེ། བུད་མེད་རྣམས་སྐྱེས་པའི་དངོས་པོ་འཐོབ་པ་
3542	line-end	98		མ་རབས་རྣམས་ནི་མཐོ་ཐོབ་ཅིང༌།། ང་རྒྱལ་དག་ཀྱང་བཅོམ་པར་ཤོག། ཅེས་གསུངས་ཏེ། མ་རབས་ཀྱི་
3543	verse-stanza	25		བདག་གི་བསོད་ནམས་འདི་ཡིས་ནི།།↵སེམས་ཅན་ཐམས་ཅད་མ་ལུས་པ།།↵སྡིག་པ་ཐམས་ཅད་སྤངས་ནས་ནི།།
3544	verse-stanza	25		བྱང་ཆུབ་སེམས་དང་མི་འབྲལ་ཞིང༌།།↵བྱང་ཆུབ་སྤྱོད་ལ་གཞོལ་བ་དང༌།།↵སངས་རྒྱས་རྣམས་ཀྱིས་ཡ
3545	verse-stanza	25		སེམས་ཅན་དེ་དག་ཐམས་ཅད་ནི།།↵ཚེ་ཡང་དཔག་མེད་རིང་བར་ཤོག།↵རྟག་ཏུ་བདེ་བར་འཚོ་འགྱུར་ཞིང༌
3546	line-end	62		ཞེས་གསུངས་ཏེ། ཚིགས་བཅད་གསུམ་གྱིས་ཐམས་ཅད་དགེ་སྡིག་གི་བླང་དོར་ཚུལ་བཞིན་དུ་བྱེད་པ་ད
3547	verse-stanza	19		དཔག་བསམ་ཤིང་གི་སྐྱེད་མོས་ཚལ།།↵སངས་རྒྱས་དང་ནི་སངས་རྒྱས་སྲས།།↵ཆོས་ཉན་སྒྲོགས་པས་གང་
3548	terminal-particle	85		ཕྱོགས་རྣམས་ཐམས་ཅད་གང་བར་ཤོག། ཅེས་གསུངས་ཏེ། དེ་ནས། དཔག་བསམ་ཤིང་གི་སྐྱེད་མོས་ཚལ།། 
3549	line-end	7		ཐམས་ཅད་དུ་ཡང་ས་གཞི་དག།
3550	verse-stanza	12		གསེག་མ་ལ་སོགས་མེད་པ་དང༌།།↵ལག་མཐིལ་ལྟར་མཉམ་བཻཌཱུརྱ་འི།།
3551	terminal-particle	50		རང་བཞིན་འཇམ་པོར་གནས་གྱུར་ཅིག། ཅེས་གསུངས་ཏེ། ས་ཕལ་པ་དང་མཐོ་དམན་སོགས་མེད་པར་ལག་མཐི
3552	line-end	45		འཁོར་གྱི་དཀྱིལ་འཁོར་ཡོད་དགུར་ཡང༌།། བྱང་ཆུབ་སེམས་དཔའ་མང་པོ་དག། རང་གི་ལེགས་པས་ས་སྟ
3553	verse-stanza	19		ལུས་ཅན་ཀུན་གྱིས་བྱ་དང་ནི།།↵ཤིང་དང་འོད་ཟེར་ཐམས་ཅད་དང༌།།↵ནམ་མཁའ་ལས་ཀྱང་ཆོས་ཀྱི་སྒྲ
3554	terminal-particle	64		རྒྱུན་མི་འཆད་པར་ཐོས་པར་ཤོག། ཅེས་གསུངས་ཏེ། ནམ་མཁས་ཀླས་པའི་ཞིང་དེ་ཐམས་ཅད་དུ་འབྱུང་
3555	line-end	14		འདི་མན་ནི་འཇིག་རྟེན་ཐམས་ཅད་ཕུན་སུམ་ཚོགས་པར་བསྔོ་བ་སྟེ།
3556	verse-stanza	19		དེ་དག་རྟག་ཏུ་སངས་རྒྱས་དང༌།།↵སངས་རྒྱས་སྲས་དང་ཕྲད་གྱུར་ཅིག།↵མཆོད་པའི་སྤྲིན་ནི་མཐའ་
3557	terminal-particle	28		འགྲོ་བའི་བླ་མ་མཆོད་པར་ཤོག། ཅེས་གསུངས་ཏེ། སེམས་ཅན་ཐམས་ཅད་དགེ་བའི་བཤེས་གཉེན་དང་ཕྲད
3558	terminal-particle	70		ལྷ་ཡང་དུས་སུ་ཆར་འབེབས་ཤིང༌།། ལོ་ཏོག་ཕུན་སུམ་ཚོགས་པར་ཤོག། ཅེས་གསུངས་ཏེ། ཆར་དུས་སུ
3559	terminal-particle	63		སྨན་རྣམས་མཐུ་དང་ལྡན་པ་དང༌།། གསང་སྔགས་བཟླས་བརྗོད་འགྲུབ་པར་ཤོག། ཅེས་གསུངས་ཏེ། རྐང་
3560	line-end	85		མཁའ་འགྲོ་སྲིན་པོ་ལ་སོགས་པ།། སྙིང་རྗེའི་སེམས་དང་ལྡན་གྱུར་ཅིག། ཅེས་གསུངས་ཏེ། ཤ་ཟ་ད
3561	verse-stanza	25		སེམས་ཅན་འགའ་ཡང་སྡུག་མ་གྱུར།།↵སྡིག་པར་མ་གྱུར་ན་མ་གྱུར།།↵འཇིགས་དང་བརྙས་པར་མི་འགྱུར
3562	line-end	8		ཞེས་གསུངས་ཏེ། མདོར་ན་སུ་ཡང་རུང་སྟེ།
3563	verse-stanza	19		སེམས་ཅན་འགའ་ཡང་སྡུག་མ་གྱུར།།↵སྡིག་པར་མ་གྱུར་ན་མ་གྱུར།།↵འཇིགས་དང་བརྙས་པར་མི་འགྱུར
3564	line-end	30		འགའ་ཡང་ཡིད་མི་བདེ་བར་མ་གྱུར་ཅིག ། ཞེས་དོན་བསྡུས་པ་སྟེ། འདིའི་ཚིག་རྐང་གཉིས་པ་འདི་
3565	ordinal-open	9		གཉིས་པ་མཆོག་གི་དོན་དུ་བསྔོ་བ་ནི།
3566	verse-stanza	19		གཙུག་ལག་ཁང་རྣམས་ཀློག་པ་དང༌།།↵ཁ་ཏོན་གྱིས་རྒྱས་ལེགས་གནས་ཤོག།↵རྟག་ཏུ་དགེ་འདུན་མཐུན་
3567	terminal-particle	46		དགེ་འདུན་དོན་ཡང་འགྲུབ་པར་ཤོག། ཅེས་གསུངས་ཏེ། དེ་ནི་དགེ་འདུན་གནས་བཅས་ཀྱི་དོན་དུ་བས
3568	terminal-particle	76		མདོར་ན་ཆོས་འདི་པའི་ཐེག་པ་ཆེ་ཆུང་གི་གཙུག་ལག་ཁང་དང༌། གཙུག་ལག་ཁང་ཆེན་པོ་དང༌། ཁྱམས་ད
3569	terminal-particle	139		དེ་ཐམས་ཅད་དུ་དགེ་འདུན་རྣམས་མཐུན་པ་དང་མི་ཕྱེད་པ་འོ་མ་དང་འོ་མ་གཅིག་ཏུ་འདྲེས་པ་ལྟ་བ
3570	terminal-particle	18		ཞེས་གསུངས་པས་འདི་ནི་སྟོན་པའི་དགོངས་པ་རྫོགས་པར་བྱེད་པའི་སྨོན་ལམ་ཡང་ཡིན་ནོ།།
3571	terminal-particle	181		བསླབ་པ་འདོད་པའི་དགེ་སློང་དག། དབེན་པ་དག་ཀྱང་འཐོབ་པར་ཤོག། གཡེང་བ་ཐམས་ཅད་སྤངས་ནས་ནི
3572	terminal-particle	55		དེ་ལྟར་བསླབ་པ་གསུམ་འདོད་པའི་དགེ་སློང་རྣམས་ཀྱི་བསླབ་པ་དག་པའི་རྒྱུ་ནི་ལུས་ངག་འདུ་འ
3573	terminal-particle	78		གཡེང་བ་སྤོང་བའི་ཚིག་གིས་ནི་དབེན་པ་དེ་གཉིས་གསལ་བར་བྱེད་པ་སྟེ། ལུས་ཀྱི་གཡེང་བ་བྱ་བ
3574	terminal-particle	108		དགེ་སློང་མ་རྣམས་རྙེད་ལྡན་ཞིང༌།། འཐབ་དང་གནོད་པ་སྤོང་བར་ཤོག། ཅེས་གསུངས་ཏེ། དགེ་སློ
3575	terminal-particle	28		དེས་ན་དགེ་སློང་མ་རྣམས་ནི་ཆོས་གོས་དང་བསོད་སྙོམས་ལ་སོགས་པའི་རྙེད་པ་ཆེན་པོ་དང་ལྡན་ཞ
3576	terminal-particle	49		བུད་མེད་ནི་རང་བཞིན་གྱིས་འཐབ་ཀྲོལ་ལ་དགའ་ཞིང་ཟས་ལ་གདུ་བའི་ཕྱིར། སྟོན་པས་དེ་གཉིས་ལས
3577	line-end	10		དེ་ནས་རབ་བྱུང་སྤྱིའི་དོན་དུ་བསྔོས་པ་སྟེ།
3578	verse-stanza	25		དེ་བཞིན་རབ་ཏུ་བྱུང་བ་ཀུན།།↵ཚུལ་ཁྲིམས་ཉམས་པ་མེད་གྱུར་ཅིག།↵ཚུལ་ཁྲིམས་འཆལ་བས་ཡིད་བྱ
3579	terminal-particle	133		བདེ་འགྲོ་དག་ཀྱང་ཐོབ་གྱུར་ནས།། དེར་ཡང་བརྟུལ་ཞུགས་མི་ཉམས་ཤོག། ཅེས་གསུངས་ཏེ། མདོར་ན
3580	terminal-particle	66		འདི་ལ་སྐྱེ་བ་སྔ་མ་ཇི་སྲིད་འཚོའི་བར་ཁས་བླངས་པའི་དུས་ཀྱི་ཆ་ཕྱོགས་གཅིག་བཏང་ཡང་སྤོང་
3581	terminal-particle	400		གལ་ཏེ་ཕྱི་མར་བརྟུལ་ཞུགས་མ་ཉམས་པར་ཡོད་ན་སྔ་མའི་སྡོམ་པ་ཇི་སྲིད་འཚོ་བར་གྱི་སྡོམ་པར་
3582	terminal-particle	94		རྒྱུད་ནི་ཡོངས་སུ་དག་པ་དང༌།། ཕྱོགས་རྣམས་ཀུན་ཏུ་གྲགས་པར་ཤོག། ཅེས་གསུངས་ཏེ། ཇི་ལྟར་
3583	line-end	77		ཞེས་གསུངས་པ་ལྟར། ཡོན་ཏན་ཤེས་སམ་མི་ཤེས་ཀྱང་རུང་སྟེ་སྐྱེ་བོ་རང་བཞིན་ངན་པ་ཁ་ཅིག་ནི་
3584	verse-stanza	19		ངན་སོང་སྡུག་བསྔལ་མི་མྱོང་ཞིང༌།།↵དཀའ་བ་སྤྱད་པ་མེད་པར་ཡང༌།།↵ལྷ་ལས་ལྷག་པའི་ལུས་ཀྱིས
3585	terminal-particle	138		དེ་དག་སངས་རྒྱས་མྱུར་འགྲུབ་ཤོག། ཅེས་གསུངས་ཏེ། དེ་ལ་མཁས་པ་ཡང་དག་པ་ནི་ཆོས་ཀྱི་ཚད་འཛ
3586	line-end	18		དེ་ནས་སེམས་ཅན་ཐམས་ཅད་བདེ་བ་དང་བདེ་བའི་རྒྱུ་དང་ལྡན་པར་བསྔོས་པ་སྟེ།
3587	verse-stanza	19		སེམས་ཅན་ཀུན་གྱི་ལན་མང་དུ།།↵སངས་རྒྱས་ཐམས་ཅད་མཆོད་བྱེད་ཅིང༌།།↵སངས་རྒྱས་བདེ་བ་བསམ་ཡ
3588	terminal-particle	29		རྟག་ཏུ་བདེ་དང་ལྡན་གྱུར་ཅིག། ཅེས་གསུངས་ཏེ། སངས་རྒྱས་ཐམས་ཅད་མཆོད་པར་བྱེད་ཅིང་དེ་ཡི
3589	terminal-particle	69		དེ་ནས་རྒྱལ་བ་དང་རྒྱལ་སྲས་རྣམས་ཀྱི་བཞེད་པ་རྫོགས་པར་བསྔོས་པ་སྟེ། བྱང་ཆུབ་སེམས་དཔའ་
3590	terminal-particle	31		དེ་བཞིན་དུ་མགོན་པོ་སངས་རྒྱས་རྣམས་ཀྱིས་ཇི་ལྟར་དགོངས་པའི་ཕྲིན་ལས་དེ་ཉིད་སེམས་ཅན་རྣ
3591	terminal-particle	141		དེ་བཞིན་རང་སངས་རྒྱས་རྣམས་དང༌།། ཉན་ཐོས་རྣམས་ཀྱང་བདེ་གྱུར་ཅིག། ཅེས་གསུངས་ཏེ། དེ་ནི
3592	ordinal-open	10		གཉིས་པ་ཞར་ལ་རང་དོན་དུ་བསྔོ་བ་ནི།།
3593	verse-stanza	19		བདག་ཀྱང་འཇམ་དབྱངས་བཀའ་དྲིན་གྱིས།།↵ས་རབ་དགའ་བ་ཐོབ་བར་དུ།།↵རྟག་ཏུ་ཚེ་རབས་དྲན་པ་དང༌
3594	line-end	120		རབ་ཏུ་འབྱུང་བ་འཐོབ་པར་ཤོག། ཅེས་གསུངས་ཏེ། དེ་ཡང་ཁེངས་སྐྱུང་ཞིང་གཞན་གྱི་ང་རྒྱལ་གཞོ
3595	verse-stanza	19		བདག་ནི་ཁ་ཟས་གྱི་ནས་ཀྱང༌།།↵ཉམས་དང་ལྡན་ཞིང་འཚོ་བར་ཤོག།↵ཚེ་རབས་ཀུན་ཏུ་དབེན་གནས་པ།།
3596	terminal-particle	42		ཕུན་སུམ་ལྡན་པ་ཐོབ་གྱུར་ཅིག། ཅེས་གསུངས་ཏེ། དེ་བཞིན་དུ་ཁམ་གྱིི་ཟས་ལ་མ་ལྟོས་ཤིང་སྒོ
3597	line-end	6		གང་ཚེ་ལྟ་བར་འདོད་པའམ།
3598	verse-stanza	13		ཅུང་ཟད་འདྲི་བར་འདོད་ན་ཡང༌།།↵མགོན་པོ་འཇམ་དབྱངས་དེ་ཉིད་ནི།།
3599	line-end	35		གེགས་མེད་པར་ཡང་མཐོང་བར་ཤོག། ཅེས་གསུངས་ཏེ། དུས་ཐམས་ཅད་དུ་འཇམ་དཔལ་ལ་སོགས་པའི་དགེ་བ
3600	verse-stanza	19		ཕྱོགས་བཅུ་ནམ་མཁའི་མཐས་གཏུགས་པའི།།↵སེམས་ཅན་ཀུན་དོན་སྒྲུབ་པའི་ཕྱིར།།↵ཇི་ལྟར་འཇམ་དཔ
3601	line-end	146		བདག་སོགས་སྤྱོད་པའང་དེ་འདྲར་ཤོག། ཅེས་གསུངས་ཏེ། སེམས་ཅན་ཐམས་ཅད་ཀྱི་དོན་དུ་འཇམ་དཔལ་
3602	verse-stanza	13		ཇི་སྲིད་ནམ་མཁའ་གནས་པ་དང༌།།↵འགྲོ་བ་ཇི་སྲིད་གནས་གྱུར་པ།།
3603	line-end	71		དེ་སྲིད་བདག་ནི་གནས་གྱུར་ཏེ། འགྲོ་བའི་སྡུག་བསྔལ་སེལ་བར་ཤོག། ཅེས་གསུངས་ཏེ། སྤྱོད་པ
3604	verse-stanza	19		འགྲོ་བའི་སྡུག་བསྔལ་གང་ཅིའང་རུང།།↵དེ་ཀུན་བདག་ལ་སྨིན་གྱུར་ཅིག།↵བྱང་ཆུབ་སེམས་དཔའི་ད
3605	terminal-particle	63		འགྲོ་བ་བདེ་ལ་འགོད་པར་ཤོག། ཅེས་གསུངས་ཏེ། བདག་གི་བདེ་བ་དང་གཞན་གྱི་སྡུག་བསྔལ་བརྗེ་བ
3606	ordinal-open	9		གསུམ་པ་བསྟན་པའི་དོན་དུ་བསྔོ་བ་ནི།
3607	verse-stanza	19		འགྲོ་བའི་སྡུག་བསྔལ་སྨན་གཅིག་པུ།།↵བདེ་བ་ཐམས་ཅད་འབྱུང་བའི་གནས།།↵བསྟན་པ་རྙེད་དང་བཀུ
3608	terminal-particle	266		བཅས་ཏེ་ཡུན་རིང་གནས་གྱུར་ཅིག། ཅེས་གསུངས་ཏེ། འགྲོ་བ་ཐམས་ཅད་ཀྱི་སྡུག་བསྔལ་རྒྱུ་དང་བ
3609	ordinal-open	15		གཉིས་པ་བཀའ་དྲིན་དྲན་པའི་ཕྱག་གིས་བསྟན་བཅོས་ཀྱི་མཐའ་བསྡུ་བ་ནི།
3610	verse-stanza	25		གང་གི་དྲིན་གྱིས་དགེ་བློ་བྱུང༌།།↵འཇམ་པའི་དབྱངས་ལ་ཕྱག་འཚལ་ལོ།།↵གང་གི་དྲིན་གྱིས་བདག
3611	terminal-particle	162		ཞེས་གསུངས་ཏེ། ཡོན་ཏན་ཐམས་ཅད་དགེ་བའི་བཤེས་གཉེན་ལས་བྱུང་བར་སྟོན་པ་དང་བྱས་པ་ཤེས་ཤིང
3612	terminal-particle	24		བྱང་ཆུབ་སེམས་དཔའི་སྤྱོད་པ་ལ་འཇུག་པ་ལས། བསྔོ་བ་བསྟན་པ་ཞེས་བྱ་བ་སྟེ་ལེའུ་བཅུ་པ་རྣམ
3613	ordinal-open	30		གསུམ་པ་ཐ་མར་དགེ་བ་བསྟན་བཅོས་ཀྱི་མཇུག་བསྡུ་བ་ནི། བྱང་ཆུབ་སེམས་དཔའི་སྤྱོད་པ་ལ་འཇུག
3614	terminal-particle	60		ཞེས་མཛད་བྱང་དང༌། རྒྱ་གར་གྱི་མཁན་པོ་སརྦ་ཛྙཱ་དེ་ཝ་སྟེ་ཐམས་ཅད་མཁྱེན་པའི་ལྷ་དང༌། ཞུས
3615	terminal-particle	122		སླར་པཎྜི་ཏ་དྷརྨ་ཤྲི་བྷ་ཏྲ་ཆོས་དཔལ་བཟང་པོ་དང༌། ཞུས་ཆེན་གྱི་ལོ་ཙཱ་བ་བནྡྷེ་རིན་ཆེན་
3616	line-end	154		ཞེས་པ་འདི་ཡང་དཔའ་བོ་གཙུག་ལག་ཕྲེང་བས་མཛད་པའི་སྤྱོད་འཇུག་གི་འགྲེལ་ཆེན་ཉིད་དུ། རྒྱ་
3617	verse-stanza	25		མཁས་པའི་རྣམ་དཔྱོད་སྤེལ་བའི་ཆེད་མིན་པས།།↵མཁས་དབང་དམ་པ་རྣམས་ཀྱིས་བཟོད་པར་མཛོད།།↵དང
3618	line-end	10		བྲིས་འདིས་དེ་རྣམས་མཁས་པའི་རྒྱུར་གྱུར་ཅིག། སརྦ་མངྒལཾ།།
SUMMARY	quote-balance	0	MISMATCH	open=0 close=82
